abhorre,abhor
abominat,abominates
abrogat,abrogate
accommodat,accommodates
accuratly,accurately
acuely,acutely
adjoyn,adjoin
adjoyne,adjoin
adjoyned,adjoined
admitt,admit
adulteres,adulterers
advarice,avarice
advocat,Advocate
advocats,Advocates
affectionat,affectionate
affectionatly,affectionately
affirme,affirm
affricans,Africans
agamemnon,Agamemnon
agitat,agitates
agreable,agreeable
ahab,Ahab
aime,aim
alleadge,allege
allennatly,alternately
alwayes,always
ambrose,Ambrose
amendement,amendment
antecedaneous,antecedent
antonius,Antonius
aparrell,apparel
apparell,apparel
apparelled,appareled
appeare,appear
approoving,approving
approven,approved
arabia,Arabia
ariseth,arises
aristotle,Aristotle
armes,arms
armeth,arms
arragon,Aragon
arrogat,arrogate
asiatick,Asiatic
assigne,assign
associat,associate
associats,associates
assoile,assoil
assyria,Assyria
atchievment,achievement
availe,avail
averre,aver
awakned,awakened
baillies,bailiffs
banisheth,banishes
barbarismes,barbarisms
barrs,bars
basile,Basil
batells,battles
beares,bears
beareth,bears
beeing,being
behoofe,behoove
behoved,behooved
beleeve,believe
beleeved,believed
belongeth,belongs
bendeth,bends
benefites,benefits
bestirre,bestir
bountifull,bountiful
brasen,brazen
breaketh,breaks
brutus,Brutus
caligula,Caligula
calles,calls
calumniat,calumniate
candide,candid
carcases,carcass
carefull,careful
cariage,carriage
carryed,carried
carryeth,carries
cattel,cattle
celestiall,celestial
cesar,Cesar
chiefest,chief
childs,child's
chooseth,chooses
chrisostome,Chrysostom
christ,Christ
christian,Christian
christians,Christians
civill,civil
claime,claim
clamour,clamor
clamours,clamors
clanns,clans
claudius,Claudius
cloathed,clothed
coërce,coerce
colours,colors
comand,command
comick,comic
commandest,commands
commandeth,commands
commerces,commerce
commeth,comes
communicat,communicate
comodity,commodity
comon,common
compassionat,compassionate
compear,appear
compelleth,compels
complaines,complains
compleat,complete
conceale,conceal
concerne,concern
concernes,concerns
conciliat,conciliate
conciliateth,conciliates
condemne,condemn
conferre,confer
confirme,confirm
conforme,conform
congregat,congregate
conjecturs,conjectures
contemne,condemn
contendeth,contends
continuall,continual
contraveen,contravene
conveen,convene
conveene,convene
convocat,convoke
corinthians,Corinthians
counciles,councils
councill,Council
councills,Councils
counsell,counsel
counsellours,Counselors
counsells,counsels
countrey,country
countrey's,country's
couragious,courageous
couragous,courageous
creat,create
cruell,cruel
cryed,cried
cryes,Cries
cureth,cures
custome,custom
customes,customs
dammage,damage
darkning,darkening
david,David
dayes,days
deafe,deaf
deale,deal
declareth,declares
degenerat,degenerate
demonstrat,demonstrate
demurre,demure
denominat,denominate
denounceth,denounces
denyed,denied
deprehended,apprehended
derogat,derogate
deserveth,deserves
designe,design
designes,designs
deterre,deter
deuteronomy,Deuteronomy
deviat,deviate
devoureth,devours
dionysius,Dionysus
dipt,dipped
disappoynted,disappointed
discerne,discern
discouse,discourse
disgressed,digressed
divils,devils
domestick,domestic
domesticks,domestics
domitian,Domitian
doores,doors
doubtsome,doubtful
dreame,dream
duely,duly
dyet,diet
ecclesiastick,Ecclesiastic
edward,Edward
egypt,Egypt
egyptians,Egyptians
eircumvented,circumvented
emperour,emperor
emperours,emperors
enchaunt,enchant
endeavour,endeavor
endeavoured,endeavored
endeavours,endeavors
enemes,enemies
england,England
english,English
englishes,Englishmen
enjoyne,enjoin
enjoyned,enjoined
enlargment,enlargement
entred,entered
enumerat,enumerate
enveigh,inveigh
epbory,ephory
ephori,ephors
equall,equal
eradicat,eradicate
erre,err
errour,error
esteeme,esteem
evill,evil
exasperat,exasperate
exclaime,exclaim
excogitat,excogitate
exeeme,exempt
exeemed,exempted
exerce,exercise
exerciseth,exercises
expecteth,expects
expell,expel
expence,expense
explaind,explained
expresly,expressly
exquisit,exquisite
exspectation,expectation
exspected,expected
extenuat,extenuate
externall,external
fabrick,Fabric
faile,fail
falce,false
familes,families
fanaticks,Fanatics
farr,far
farre,far
fatned,fattened
favour,favor
favours,favors
feare,fear
feaver,fever
feele,feel
findeth,finds
finis,finish
firme,firm
flegme,phlegm
flourisheth,flourishes
floweth,flows
fonte,font
forbiddeth,forbids
forceth,forces
forgetfull,forgetful
forme,form
forrain,foreign
forrainers,foreigners
fortunat,fortunate
fourty,forty
france,France
fraude,fraud
freedome,freedom
frenches,French
fruitfull,fruitful
ful,full
generall,general
germans,Germans
ghuest,guest
girdings,girdles
goale,goal
goeth,goes
gospell,gospel
governe,govern
governour,governor
governours,Governors
grammer,grammar
grandour,grandeur
grecians,Grecians
greece,Greece
greecians,Greeks
greeks,Greeks
grived,grieved
hainous,heinous
hangmans,hangman's
happeneth,happens
harbour,harbor
harme,harm
harmeless,harmless
hateth,hates
havock,havoc
heare,hear
helme,helm
hemme,hem
herauld,Herald
heroicall,heroical
hesitat,hesitate
honourable,honorable
honourably,honorably
honoured,honored
honours,honors
hopfull,hopeful
horrours,horrors
houshold,household
humour,humor
humours,humors
hurtfull,hurtful
illicite,illicit
illiterat,illiterate
illustrat,illustrate
imagigine,imagine
imbred,inbred
imitat,imitate
immoderat,immoderate
implyed,implied
importunat,importunate
imprecat,imprecate
inaugurat,inaugurate
inclose,enclose
inclosed,enclosed
incorporat,incorporate
increaseth,increases
indeliberatly,indeliberately
infatuat,infatuate
inferiour,inferior
inferre,infer
inferrour,inferior
infinit,infinite
infirme,infirm
innocency,innocence
inordinat,inordinate
insinuat,insinuate
insolency,insolence
intercepteth,intercepts
internall,internal
intire,entire
intituled,entitled
intreaties,entreaties
intreaty,entreaty
intricat,intricate
invadeth,invades
inveterat,inveterate
jeremy,Jeremiah
jewes,Jews
joyned,joined
joyntly,jointly
judgeth,judges
judiciall,Judicial
killeth,kills
kingdome,kingdom
kingdomes,kingdoms
knowes,knows
labour,labor
laboured,labored
labouring,laboring
labours,labors
lacedemonian,Lacedaemonian
laconick,laconic
latine,Latin
latines,Latins
lawes,laws
lawfull,lawful
leck,leak
liberall,liberal
liberat,liberate
licence,license
licentiousnes,licentiousness
limites,limits
litle,little
logick,logic
looseth,looses
lustre,luster
ly,lie
lyable,liable
lyar,liar
lyes,lies
magistrat,Magistrate
magistrats,magistrates
maintaineth,maintains
maltitude,multitude
mancipated,emancipated
marre,mar
meaneth,means
meerly,merely
mens,men's
mercifull,merciful
midle,middle
minde,mind
mitre,miter
mixe,mix
modell,Model
moderat,moderate
moderatly,moderately
moderatrix,moderator
morall,moral
murther,murder
murthered,murdered
murthers,murders
mutuall,mutual
namly,namely
naturall,natural
needfull,needful
neeks,necks
neighbouring,neighboring
neighbours,neighbors
neight,night
nero,Nero
nilus,Nile
notwitstanding,notwithstanding
nourisheth,nourishes
obeyeth,obeys
obstinat,obstinate
occureth,occurs
occurre,occur
oll,all
opprove,approve
ormedling,meddling
ostentative,ostentatious
overturne,overturn
paines,pains
papary,papacy
paraphrastical,paraphrastic
paris,Paris
patterne,pattern
paul,Paul
pauls,Paul's
pelagius,Pelagius
performe,perform
performeth,performs
perhapst,perhaps
perpetrat,perpetrate
perpetuall,perpetual
perrill,peril
persians,Persians
personat,personate
personsl,personal
perswade,persuade
perswaded,persuaded
perswasion,persuasion
perswasive,persuasive
pertinacy,pertinency
perty,pretty
pestilentious,pestilential
philip,Philip
plaintife,Plaintiff
plaister,plaster
plato,Plato
pleaseth,pleases
politik,politic
popedome,popedom
pourtrayed,portrayed
powerfull,powerful
poynt,point
poyson,poison
practised,practiced
prave,depraved
preceeding,preceding
preceive,perceive
preceps,precepts
preferre,prefer
preheminence,preeminence
prevaile,prevail
prevaileth,prevails
privat,private
priviledge,privilege
priviledges,privileges
proceded,proceeded
proclaimeth,proclaims
proclame,proclaim
profer,proffer
prolixe,prolix
promiseth,promises
promoved,promoted
proofe,proof
publick,public
publickly,publicly
pupills,pupils
quarrell,quarrel
rable,rabble
recapitulat,recapitulate
reduceth,reduces
reigne,reign
remaineth,remains
remembred,remembered
repente,repent
replyed,replied
reseinded,rescinded
resigne,resign
resisteth,resists
returne,return
righly,rightly
rigour,rigor
robert,Robert
rome,Rome
royall,Royal
ruines,ruins
ruleth,rules
rustick,Rustic
sadless,saddles
sailes,sails
samuel,Samuel
satiat,satiate
satyres,Satires
sawce,sauce
sayes,says
schoole,school
schooles,schools
scotland,Scotland
scriptur,Scripture
seeme,seem
seemes,seems
seemeth,seems
seing,seeing
selfe,self
seneca,Seneca
separat,separate
setled,settled
setleth,settles
severall,several
sexe,sex
shaddow,shadow
shal,shall
shamfully,shamefully
shewes,shows
sheweth,shows
shipwrack,shipwreck
shoares,shores
signes,signs
skilfull,skillful
slaken,slacken
slougfulness,slothfulness
smal,small
socities,societies
soe,so
solaecismes,solecisms
solemnely,solemnly
soone,soon
souldiers,Soldiers
soveraigne,Sovereign
soveraignty,Sovereignty
spain,Spain
speaketh,speaks
speciall,special
spirituall,spiritual
splendide,splendid
spurrs,spurs
stedfast,steadfast
stirre,stir
stoicall,stoical
stoick,Stoic
stoicks,Stoics
storme,storm
subtil,subtle
subtile,subtle
subtilly,subtly
succumbe,succumb
supream,supreme
supreame,supreme
suspition,suspicion
suteable,suitable
synode,Synod
tacite,tacit
tearmes,terms
temperat,temperate
tenour,tenor
termes,terms
terrour,terror
themselvs,themselves
thier,their
thomas,Thomas
threatnings,threatenings
throwes,throws
tiberius,Tiberius
timultuous,tumultuous
titus,Titus
tolerat,tolerate
tradsmen,tradesmen
tranquillity,tranquility
transferre,transfer
truely,truly
tumultuat,tumultuate
tumultuating,tumultuating
turks,Turks
turne,turn
tyed,tied
tyrannicall,tyrannical
tyrranny,tyranny
tyrrants,tyrants
uitility,utility
underminings,undermining
universall,universal
unnatuall,unnatural
unsavoury,unsavory
untill,until
usefull,useful
useth,uses
usuall,usual
usurpe,usurp
ut,out
vaile,Vail
vapouring,vaporing
varieth,varies
vassalls,vassals
veine,vein
vertue,virtue
vertues,virtues
vigour,vigor
villany,villainy
visite,visit
warres,wars
wayes,ways
weakned,weakened
weakneth,weakens
wearisomness,wearisomeness
wel,well
whatsomever,whatsoever
wheele,wheel
whelpes,whelps
wich,which
wiih,with
wilde,wild
wisheth,wishes
witts,wits
wount,wont
writeth,writes
xpect,expect
yeeld,yield
yeer,year
yo,you
secondlie,secondly
brieflie,briefly
&,and
&c,etc
aabundant,abundant
aad,and
aagain,again
aagaine,again
aagainst,against
aaginst,against
aagreeth,agreeth
aamongst,amongst
Aand,And
aapart,apart
aaron,Aaron
aarons,Aaron's
abandantly,abundantly
abandon'd,abandoned
abandone,abandon
abaseth,abases
abasht,abashed
Abassines,Abbyssinians
‎abba,Abba
abbat,Abbot
Abbeyes,Abbeys
Abbies,Abbeys
abborre,abhor
abbreuiations,abbreviations
abbridge,abridge
abdon,Abdon
abel,Abel
Abell,Abel
aberant,aberrant
abetters,abettors
abettours,abettors
abhominable,abominable
abhominably,abominably
abhominacion,abomination
abhominacions,abominations
abhominates,abominates
abhomination,abomination
abhominations,abominations
abhomynable,abominable
abhord,abhorred
abhore,abhor
abhorence,abhorrence
abhorency,abhorrency
abhorr,abhor
abhorrednesse,abhorredness
abhorrencie,abhorrency
abhorrens,abhorrence
abhorrerent,abhorrent
abhorres,abhors
abhorreth,abhors
Abiathars,Abiathar's
Abiather,Abiathar
abideing,abiding
abideth,abides
abiect,abject
abiection,abjection
abiects,abjects
abiezer,Abiezer
abigail,Abigail
Abigaile,Abigail
Abigall,Abigail
Abihail,Abigail
abilites,abilities
abilitie,ability
abillity,ability
abilty,ability
abimelec,Abimelech
‎abimelech,Abimelech
abimeleche,Abimelech
Abimelechs,Abimelech's
abimelek,Abimelech
abimilech,Abimelech
Abinadabs,Abinadab's
abiram,Abiram
abiuration,abjuration
abiuring,abjuring
abjectnesse,abjectness
ablatiue,ablative
ablenes,ableness
ablutione,ablution
Abners,Abner's
aboad,abode
aboade,abode
abolish'd,abolished
abolishe,abolish
abolisheth,abolishes
abolisht,abolished
abollished,abolished
abollishes,abolishes
abolyshed,abolished
abominationis,abominations
abominatitions,abominations
abondoned,abandoned
abortiue,abortive
aboue,above
abouenamed,abovenamed
abouesayd,abovesaid
aboundaintly,abundantly
aboundance,abundance
aboundant,abundant
aboundantlie,abundantly
aboundantly,abundantly
aboundaunce,abundance
aboundauntly,abundantly
aboundently,abundantly
aboundes,abounds
aboundiug,abounding
aboute,about
abovesayd,abovesaid
ABOVT,ABOUT
abowte,about
abra,Abraham
abrahams,Abraham's
Abrams,Abram's
abridg'd,abridged
Abrigdement,Abridgement
Abrigment,Abridgement
abroade,abroad
abroagated,abrogated
abrod,abroad
abrode,abroad
abrogater,abrogator
absalon,Absalom
Absalons,Absalom's
Abscinde,Abscind
abscured,obscured
absense,absence
absente,absent
absolom,Absalom
Absoloms,Absolom's
Absolons,Absalom's
absolue,absolve
absolued,absolved
absoluet,absolute
absoluing,absolving
absoluit,absolute
absolut,absolute
absolutelie,absolutely
absolutenes,absoluteness
Absolutenesse,Absoluteness
absolutly,absolutely
absolv'd,absolved
ABSOLVTLY,ABSOLUTELY
abstain'd,abstained
abstaines,abstains
abstayne,abstain
abstein,abstain
Absteine,Abstain
absteining,abstaining
abstenance,abstinence
absteyn,abstain
absteyned,abstain
absteyning,abstaining
abstracte,abstract
abstractiue,abstractive
abstractiuely,abstractively
absur'd,absurd
absurde,absurd
absurdeties,absurdities
absurditie,absurdity
absurdityes,absurdities
ABSVRD,ABSURD
abudance,abundance
abudantly,abundantly
abundans,abundance
abundantlie,abundantly
abus'd,abused
abusinge,abusing
abusiue,abusive
abyde,abide
abydeth,abides
abyding,abiding
Abysse,Abyss
Academicall,Academical
Academick,Academic
Academicks,Academics
accasions,occasions
acccess,access
acccmpt,account
acccomplish,accomplish
acccording,according
acccounting,accounting
acccused,accused
acceptablenesse,acceptableness
accepte,accept
accepteth,accepts
acceptible,acceptable
acception,acceptance
accessaries,accessories
accessiue,accessive
accessorie,accessory
accidentall,accidental
accidentalls,accidentals
accidentaly,accidentally
accidente,accident
accidentes,accidents
accidentiall,accidental
accidentually,accidentally
accomcomplishing,accomplishing
accomodates,accommodates
accomodation,accommodation
accomodations,accommodations
accompained,accompanied
accompanie,accompany
accompaning,accompanying
accompany'd,accompanied
accompanyed,accompanied
accompanyy,accompany
accomplishe,accomplish
Accompt,Account
accomptable,accountable
accomptant,accountant
accompte,account
accompted,accounted
accomptes,accounts
accompting,accounting
accompts,accounts
accorde,accord
accordeing,according
accordes,accords
accordinge,according
accordinglie,accordingly
accordynge,according
accoumpt,account
accoumpted,accounted
accounte,account
accountes,accounts
accoutrementes,accoutrements
accrew,accrue
accrewed,accrued
accrewing,accruing
accrews,accrues
accuratenesse,accurateness
accursednesse,accursedness
accurssed,accursed
accusatiue,accusative
accusatores,accusators
accus'd,accused
accuseth,accurst
accustom'd,accustomed
accustome,accustom
acecpt,accept
aceording,according
Achab,Ahab
acham,Acham
achan,Achan
Achans,Achan's
Achas,Ahaz
achilles,Achilles
Achis,Achish
achitophel,Ahitophel
Achitophels,Ahithophel's
Achorne,Acorn
achsa,Achsah
achsah,Achsah
acknoledge,acknowledge
acknowled,acknowledged
acknowledg,acknowledge
acknowledgd,acknowledged
acknowledgeing,acknowledging
acknowledgemement,acknowledgment
acknowledgeth,acknowledges
acknowleged,acknowledged
ackowledge,acknowledge
acording,according
Acornes,Acorns
acoutrements,accoutrements
acqainted,acquainted
acquained,acquainted
acquainte,acquaint
acquanted,acquainted
acquayntaunce,acquaintance
acquaynted,acquainted
acquitance,acquittance
acquite,acquit
acquiteth,acquitteth
acquiting,acquitting
acquitt,acquit
acrimonie,acrimony
acsah,Acsah
acte,act
actes,acts
actio,action
actiue,active
actiuely,actively
actiuitie,activity
actiuity,activity
activenesse,activeness
activitie,activity
actuale,actual
actuall,actual
‎actuallie,actually
actualls,actuals
acurate,accurate
acutenesse,acuteness
adaequate,adequate
adaies,adays
adam,Adam
adam’s,Adam's
adams,Adams
adayes,adays
Addars,Adders
adde,add
addes,adds
addeth,adds
additionall,additional
adher'd,adhered
adhereing,adhering
adiectiue,adjective
adiectiues,adjectives
adioine,adjoin
adiournings,adjournings
adioyne,adjoin
adioyned,adjoined
adioyneth,adjoineth
adioyning,adjoining
adiudge,adjudge
adiunct,adjunct
adiuration,adjuration
adiur'd,adjured
adiure,adjure
adiured,adjured
adiutore,adjutor
adjoyning,adjoining
administred,administered
administreth,administereth
administring,administering
admirabili,admirably
Admirall,Admiral
admir'd,admired
admite,admit
admitte,admit
admitteth,admits
admitts,admits
admonicion,admonition
admonisheth,admonishes
admonyshe,admonish
Adonijahs,Adonijah's
adop,adopt
adoptes,adopts
adopteth,adopts
adoptiue,adoptive
adorn'd,adorned
adorne,adorn
adornes,adorns
adourne,adorn
adourned,adorned
adrian,Adrian
Adrians,Adrian’s
Adriatick,Adriatic
aduanc,advanc
aduance,advance
aduanced,advanced
aduancement,advancement
aduancements,advancements
aduanceth,advanceth
aduancing,advancing
aduantage,advantage
aduantaged,advantaged
aduantagements,advantagements
aduantaging,advantaging
aduaunce,advance
aduaunced,advanced
aduauncing,advancing
aduauntage,advantage
Aduent,Advent
aduentured,adventured
aduenturing,adventuring
aduerbs,adverbs
aduersarie,adversary
aduersaries,adversaries
aduersary,adversary
aduersaryes,adversaries
aduersatie,adversity
aduersaties,adversities
aduersion,adversion
‎aduersitie,adversity
aduersities,adversaries
aduertisement,advertisement
aduertiseth,advertiseth
aduertising,advertising
aduise,advise
aduised,advised
aduisedly,advisedly
aduisement,advisement
aduiseth,adviseth
aduising,advising
Adulterantes,Adulterants
adulteresse,adulteress
adulterijs,adulteries
adultresse,adulteress
aduocate,advocate
aduocates,advocates
aduouch,avouch
aduoutry,adultery
aduoutrye,adultery
advanc'd,advanced
advanceth,advances
advantag'd,advantaged
advantagious,advantageous
advantagiously,advantageously
advantge,advantage
advanvantage,advantage
adventur'd,adventured
adverbe,adverb
advers,adverse
adversaryes,adversaries
adversaties,adversities
adversitie,adversity
Adverte,Advert
aedification,edification
Aegiptians,Egyptians
aegypt,Egypt
aegyptian,Egyptian
aegyptians,Egyptians
Aegytian,Egyptian
Aegytptian,Egyptian
Aelohim,Elohim
aenigmatically,enigmatically
Aequator,Equator
aequivalent,equivalent
aereall,aerial
aeriall,aerial
Aerius,Arius
aesop’s,Aesop's
aesope,Aesop
aestate,estate
aeternall,eternal
aethiopian,Ethiopian
AEthyopian,Ethiopian
afarr,afar
afarre,afar
afearde,afraid
affamish'd,affamished
affayrs,affairs
affctions,affections
affeard,afraid
affectednesse,affectedness
affectes,affects
affectio,affection
affectionatenesse,affectionateness
affectiones,affections
affectiue,affective
affectuall,affectual
affiaunce,affiance
affiction,affliction
affirmacions,affirmations
affirmatione,affirmation
affirmatiue,affirmative
affirmatiuely,affirmatively
affirm'd,affirmed
affirmes,affirms
affirmeth,affirms
affistants,assistants
affix'd,affixed
affixe,affix
afflicte,afflict
afflictiones,afflictions
affluens,affluence
affoardeth,affordeth
affoord,afford
affoorde,afford
affoorded,afforded
affoordeth,affordeth
affoording,affording
affoords,affords
afforde,afford
affordements,affordments
affordeth,affords
affraid,afraid
affraide,afraid
affrayd,afraid
Affrica,Africa
Affrican,African
Affrick,Afric
Affricke,Afric
affrightfull,affrightful
affured,assured
affyrme,affirm
afirming,affirming
afoard,afford
afoote,afoot
aford,afford
afordment,affordment
aforehande,aforehand
aforesaide,aforesaid
afraide,afraid
afraied,afraid
afrayde,afraid
afrayed,afraid
Africane,African
Africk,Africa
Africke,Afric
afrighted,affrighted
Afrike,Afric
afternoone,afternoon
afternoones,afternoons
aftervvard,afterward
aftervvards,afterwards
afterwarde,afterward
afterwardes,afterwards
afther,after
aftir,after
againe,again
againste,against
agaist,against
agayn,again
‎agayne,again
agaynst,against
agaynste,against
ageinst,against
agenst,against
agente,agent
Agentes,Agents
ageyne,again
aggrauat,aggravate
aggrauate,aggravate
aggrauated,aggravate
aggrauates,aggravates
aggrauateth,aggravateth
aggrauating,aggravating
aggrauation,aggravation
aggree,agree
aggressione,aggression
agilitie,agility
agillitie,agility
aginst,against
agnize,recognize
agoe,ago
agonie,agony
agonyes,agonies
agreably,agreeably
agreeablenes,agreeableness
agreeablenesse,agreeableness
agreeeth,agreeth
agreeing,agreeing
agreeth,agrees
agreeued,aggrieved
agreeyng,agreeing
agreing,agreeing
agreyng,agreeing
Agustine,Augustine
ahab's,Ahab's
Aharons,Aaron's
ahashuerosh,Ahashuerosh
Ahashuerus,Ahasuerus
ahiah,all-boasting
ahimaaz,Ahimaaz
ahimman,Ahimman
ahinoam,Ahinoam
Ahitophel,Ahithophel
aiax,Ajax
ailes,ails
aim'd,aimed
AINSVVORTH,AINSWORTH
aire,air
airie,airy
airye,airy
aknowledge,acknowledge
alace,alas
alarme,alarm
alarmes,alarms
alarum,alarm
alass,alas
alasse,alas
albeit,albeit
Albingenses,Albigenses
alboasting,all boasting
Alchimicall,Alchemical
Alchimist,Alchemist
alchym'd,alchemied
Alchymie,Alchemy
Alchymist,Alchemist
Alchymistrie,Alchemistry
Alchymists,Alchemists
aleaged,alleged
Aleagiance,Allegiance
alexandria,Alexandria
alexandrinus,Alexandrinus
alhallowes,All Hallows
aliance,alliance
aliant,alliant
aliâs,alias
aliue,alive
allace,alas
allayd,allayed
allay'd,allayed
alleadgeth,alleges
alleageance,allegiance
alleageth,allegeth
alleagiance,allegiance
alledg,allege
alledge,allege
allegeance,allegiance
allegoricall,allegorical
allegoriz'd,allegorized
allegorye,allegory
Allmanie,Almany
allmightie,almighty
allmighty,almighty
allo,all
allone,alone
allotte,allot
allow'd,allowed
allowe,allow
alloweance,allowance
allowes,allows
allpowerfull,all-powerful
allready,already
allso,also
Allsufficiency,All-sufficiency
allsufficient,all-sufficient
allthough,although
allthoughe,although
alltogether,altogether
alludeth,alludes
allur'd,allured
allwayes,always
allyance,alliance
allyed,allied
Allyes,Allies
Almanack,Almanac
Almanacke,Almanac
Almanacks,Almanacs
Almehouses,Almhouses
almes,alms
almesdeedes,almsdeeds
almesdeeds,almsdeeds
Almeshouse,Almshouse
Almeshouses,Almshouses
Almighties,Almighty's
Almightines,Almightiness
almightye,almighty
almoste,almost
almyghty,almighty
almyghtye,almighty
alonly,alonely
alotted,allotted
aloude,aloud
aloue,alone
alowance,allowance
alowd,allowed
alowed,allowed
aloweth,alloweth
alredie,already
alredy,already
alsocalled,also called
alsoe,also
alsufficiency,all sufficiency
alsufficient,all-sufficient
alterarions,alterations
althese,all these
althinges,all things
althings,all things
altho',although
althogh,although
‎althoughe,although
althovugh,although
althowgh,although
altogither,altogether
altogyther,altogether
altred,altered
Alured,Alfred
alvvaies,always
alwaie,alway
alwaies,altogether
alyke,alike
alyue,alive
Amalakites,Amalekites
Amaleck,Amalek
amalek,Amalek
amalekites,Amalekites
amandus,Amandus
amase,amaze
amased,amazed
amasednesse,amazedness
amaz'd,amazed
Amazednes,Amazedness
amazednesse,amazedness
amazia,Amaziah
Ambassadour,Ambassador
Ambassadours,Ambassadors
ambicion,ambition
ambicious,ambitious
ambiguitie,ambiguity
Ambros,Ambrose
ambulans,ambulance
amed,aimed
amelek,Amalek
amelekites,Amelekites
amende,amend
amendme,amend
Amesius,Ames
amiabile,amiable
amiablenesse,amiableness
amisse,amiss
amitie,amity
ammise,amiss
Ammons,Ammon’s
ammorhites,Ammorites
amnon,Amnon
amo,Ammon
amonge,among
amonges,amongst
amongest,among
amongeste,amongst
amongste,amongst
amonst,amongst
amorrites,Ammorites
amos,Amos
amphibolie,amphiboly
amplenesse,ampleness
amram,Amram
amysse,amiss
an other,another
anabaptised,anabaptized
Anabaptisme,Anabaptism
Anabaptistick,Anabaptistic
Anabaptistrie,Anabaptistry
Anagogicall,Anagogical
Anagrammes,Anagrams
analogie,analogy
Anatomie,Anatomy
ancestours,ancestors
ancetours,ancestors
Anchor-hold,Anchorhold
ancles,ankles
ancor,anchor
Andrewe,Andrew
Andrewes,Andrews
Andrews,Andrew's
Angelicall,Angelical
Angelick,Angelic
Angelis,Angels
Angelles,Angels
angells,angels
angre,anger
angred,angered
angrie,angry
anguish'd,anguished
angust,angust
Angustine,Augustine
angvish,anguish
anie,any
aniecedent,antecedent
anihilate,annihilate
Animadvers,Animadversion
Animadversiones,Animadversions
animall,animal
ankers,anchors
annaes,Anneas
Annales,Annals
annex'd,annexed
annexe,annex
annext,annexed
annoiances,annoyances
annoied,annoyed
annoies,annoy
annoint,anoint
annointed,anointed
annoyes,annoys
annoynted,anointed
annuall,annual
anoiances,annoyances
anointings,annointings
ANOJNTED,ANOINTED
anone,anon
Anonymus,Anonymous
anoyd,annoyed
anoynt,anoint
ans,answer
anselme,anselm
Anselmes,Anselm's
ansuer,answer
ansvuer,answer
ansvver,answer
answ,answer
answear,answer
answearable,answerable
answeare,answer
answeared,answered
answeares,answers
answeareth,answereth
answearing,answering
answerd,answered
answere,answer
answeres,answers
answereth,answer
Antapologie,Antapology
Antecedente,Antecedent
antechrist,antichrist
antecodent,antecedent
Antheme,Anthem
Anthemes,Anthems
Anthonies,Anthony's
anthonius,Anthonius
anthority,authority
antichristes,antichrists
Antichristianisme,Antichristianism
antichristned,antichristened
Anticke,Antic
Antickes,Antics
antient,ancient
antienter,ancienter
antientest,ancientest
Antients,Ancients
Antinomianisme,Antinomianism
Antioche,Antioch
antipathie,antipathy
Antipoedobaptists,Antipaedobaptists
antitypicall,antitypical
antonie,Antony
antytipe,antitype
Anuile,Anvil
anvile,anvil
anxiousnesse,anxiousness
Anxius,Anxious
any body,anybody
any more,anymore
any thing,anything
any where,anywhere
aparte,apart
Apathie,Apathy
apeareth,appeareth
apeece,apiece
apeing,aping
apere,appear
apereth,appeareth
Aphorisme,Aphorism
Aphorismes,Aphorisms
Aphrica,Africa
aple,apple
Apocalips,Apocalypse
Apocalyptick,Apocalyptic
Apochrypha,Apocrypha
apocripha,apocrypha
Apocryphall,Apocryphal
apoint,appoint
apointed,appointed
apollo,Apollo
apollogie,apology
apollogies,apologies
apollos,Apollos
apolog,apology
apologeticall,apologetical
Apologetick,Apologetic
apologicall,apological
apon,upon
apoplexie,apoplexy
apostacie,apostasy
apostacy,apostasy
Apostasiae,Apostasy
apostasie,apostasy
apostata,apostate
apostaticall,apostatical
Apostel,Apostle
Apostell,Apostle
Apostelship,Apostleship
Apostl,Apostle
apostoli,apostles
Apostolick,Apostolic
Apostolicke,Apostolic
apostolik,apostolic
apostolike,apostolic
Apostolique,Apostolic
apostotaticall,apostotatical
apostrophie,apostrophe
apothecarie,apothecary
apothegme,apothegm
Apothicaries,Apothecaries
apparances,appearances
apparantly,apparently
apparaunt,apparent
apparel'd,apparelled
apparrell,apparel
appeal'd,appealed
appeale,appeal
appearaunce,appearance
appeard,appeared
appeares,appears
appeareth,appears
appearth,appeareth
appearyng,appearing
appeas'd,appeased
appeaseth,appeases
appeer,appear
appeerance,appearance
appeere,appear
appeered,appeared
appeereth,appears
appeers,appears
appellat,appellate
apperance,appearance
appered,appeared
appereth,appeareth
appertaines,appertains
appertaineth,appertains
appertayned,appertained
appertayneth,appertaineth
appertein,appertain
apperteineth,appertaineth
apperteining,appertaining
appertenances,appurtenances
apperteyne,appertain
apperteyned,appertained
apperteyneth,appertaineth
apperteyning,appertaining
appladed,applauded
applaude,applaud
applaudes,applauds
applausus,applauses
Appletree,Apple tree
appli'd,applied
applie,apply
applieth,applies
apply'd,applied
applye,apply
applyed,applied
applyes,applies
applyeth,applies
applys,applies
appoincte,appoint
appoincted,appointed
appointement,appointment
appointeth,appoints
Appollos,Apollos
appologie,apology
Appolos,Apollos
Appostle,Apostle
appoyncted,appointed
appoynt,appoint
appoynted,appointed
appoynteth,appointeth
appoynting,appointing
appoyntment,appointment
apppeare,appear
Appplication,Application
apprehende,apprehend
apprehendes,apprehends
apprehendeth,apprehends
approch,approach
approche,approach
approched,approached
Approches,Approaches
approcheth,approacheth
approoue,approve
approoued,approved
approoues,approves
approoueth,approves
approouing,approving
approove,approve
approoved,approved
appropiration,appropriation
appropriat,appropriate
approue,approve
approues,approves
approuing,approving
approvall,approval
approv'd,approved
approveable,approvable
Aprile,April
Aprill,April
apte,apt
aptely,aptly
aptlie,aptly
aptnesse,aptness
aquila,Aquila
aquilia,Aquila
aquinas,Aquinas
ar,are
arabian,Arabian
arabians,Arabians
Arabick,Arabic
Arabicke,Arabic
Arabik,Arabic
Arabique,Arabic
araied,arrayed
araignment,arraignment
aram,Aram
araye,array
arayed,arrayed
arba,Arba
arbitrarie,arbitrary
Archangelicall,Archangelical
Archangell,Archangel
Archbishoppe,Archbishop
Archbishoprick,Archbishopric
Archbishopricke,Archbishopric
archbyshoppe,archbishop
archbyshops,archbishops
Archebysshop,Archbishop
Archetypo,Archetype
archite,architect
arcicles,articles
ardencie,ardency
ardente,ardent
arents,errants
areopagita,Areopagite
Argiue,Argive
argu,argue
argueth,argues
argume,argument
Argumentatiue,Argumentative
argumente,argument
argumēts,arguments
Arianisme,Arianism
arians,Arians
ariminensis,Ariminensis
ariopagita,ariopagite
Aristocracie,Aristocracy
aristocraticall,aristocratical
Aristotles,Aristotle's
aristotle's,Aristotle's
Arithemticke,Arithmetic
Arithmaticke,Arithmetic
arithmeticall,arithmetical
Arithmetick,Arithmetic
Arithmeticke,Arithmetic
Arithmetike,Arithmetic
arius,Arius
arive,arrive
arived,arrived
ariving,arriving
arke,ark
Arkeholds,Arkholds
arme,arm
armefull,armful
armie,army
Arminianisme,Arminianism
arminians,Arminians
armorie,armory
armour,armor
armye,army
Armyes,Armies
arnon,Arnon
Aromaticall,Aromatical
aron,Aaron
arraign'd,arraigned
arraignement,arraignment
arraine,arraign
arrayes,arrays
arrerages,arrearages
arrian,Arian
Arrianism,Arianism
Arrianisme,Arianism
arriual,arrival
arriued,arrived
arriuing,arriving
Arrius,Arius
arrivall,arrival
arriv'd,arrived
arrogancie,arrogancy
arrowe,arrow
ars,arts
Artashashte,Artaxerxes
arte,art
arterie,artery
artes,arts
Artichoake,Artichoke
aryse,arise
asa,Asa
Asaes,Asa’s
asauing,asaving
ascende,ascend
ascertaine,ascertain
ascrib'd,ascribed
ascribeth,ascribes
ashamd,ashamed
asham'd,ashamed
askit,asked
Aspectes,Aspects
aspertions,aspersions
Aspes,Asps
aspyre,aspire
assaies,assays
assaile,assail
assaultes,assaults
assayes,assays
assayle,assail
assayling,assailing
asscribe,ascribe
asscribed,ascribed
asse,ass
assemblie,assembly
assemblye,assembly
assemblyes,assemblies
assemblys,assemblies
Assemby,Assembly
Assemly,Assembly
assenteth,assents
assertained,ascertained
Assesments,Assessments
assessours,assessors
asseueration,asseveration
assiduall,assidual
assign'd,assigned
assignement,assignment
assignes,assigns
assigneth,assigns
Assiria,Assyria
assirians,Assyrians
assisses,assizes
assisstance,assistance
assistaunce,assistance
assiste,assist
assistence,assistance
assoon,as soon
assoyle,assoil
assoyles,assoil
assstance,assistance
Assuerus,Ahasuerus
assum'd,assumed
assumtion,assumption
assunder,asunder
assuraunce,assurance
assur'd,assured
assuredlie,assuredly
assurednesse,assuredness
assureth,assures
assvmed,assumed
astharoth,Ashtaroth
Asthmaticis,Asthmatics
astoinsh,astonish
astonisht,astonished
astonyed,astonished
astraye,astray
Astrologicall,Astrological
Astronomicall,Astronomical
astrray,astray
aswel,aswell
asyde,aside
atchieue,achieve
atchieued,achieved
atchieuements,achievements
atchieuing,achieving
atchieved,achieved
atchievement,achievement
atchieving,achieving
atchiued,achieved
atchive,achieve
athalia,Athalia
athanasius,Athanasius
atheisme,atheism
Atheistes,Atheists
Atheisticall,Atheistical
Athenes,Athens
athenians,Athenians
atheniens,Athenians
Atheysme,Atheism
athiesm,atheism
Athiest,Atheist
athiesticall,athiestical
Athiests,Atheists
Atlantick,Atlantic
Atome,Atom
atomes,atoms
attaind,attained
attain'd,attained
attaine,attain
attainement,attainment
attaineth,attains
attatch,attack
attayned,attained
attayning,attaining
attein,attain
atteined,attained
atteining,attaining
attempte,attempt
attemptes,attempts
attemt,attempt
attemtping,attempting
Attende,Attend
attendentes,attendants
attendis,attends
attentiuelie,attentively
attentiuely,attentively
Attentivenesse,Attentiveness
atteyne,attain
atteyning,attaining
attoned,atoned
attonement,atonement
Attornies,Attorneys
Attourney,Attorney
Attourneys,Attorneys
Attournies,Attorneys
attractiue,attractive
Attribuitur,Attributor
attributeth,attributes
Atturney,Attorney
Atturneyes,Attorneys
Atturneys,Attorneys
auaile,avail
auaileable,available
auailed,availed
auailes,avails
auaileth,avails
auarice,avarice
Auarices,Avarices
auarous,avarice
auaunce,advance
auaunt,avaunt
auaylable,available
auayle,avail
auayleable,available
auayleth,avails
aucthoritie,authority
auctorite,authority
auctoritie,authority
auctority,authority
auctoryte,authority
audaciousnes,audaciousness
audacitie,audacity
audatious,audacious
audent,advent
auditiue,auditive
auditores,auditors
auditorie,auditory
Auditour,Auditor
Aue,Ave
auenae,avenge
auenge,avenge
auenged,avenged
auengeth,avengeth
auenging,avenging
auerre,aver
auerse,averse
auersenes,averseness
auersenesse,averseness
auersion,aversion
auerted,averted
auertere,averter
Augastine,Augustine
augmentatiuely,augmentatively
Augnstine,Augustine
Augstine,Augustine
Augustane,Augustine
Augustin,Augustine
augustine,Augustine
Augustins,Augustine's
Augustissime,Augustinism
augustus,Augustus
Augustyne,Augustine
Auinion,Avigno
aultar,altar
aultare,altar
aultars,altars
aulter,altar
auncestours,ancestors
auncient,ancient
aunciente,ancient
auncientes,ancients
aunciently,anciently
auncients,ancients
aungel,angel
aungell,angel
aunsweare,answer
aunswer,answer
aunswered,answerd
aunsweres,answers
aunswereth,answeres
aunswering,answering
aunswers,answers
aunsweryng,answering
auocations,avocations
auoid,avoid
auoidable,avoidable
auoidance,avoidance
auoide,avoid
auoided,avoid
auouch,avouch
auouched,avouched
auoucheth,avoucheth
auouching,avouching
auow,avow
auowed,avowed
auoweth,avoweth
auoyd,avoid
auoydance,avoidance
auoyde,avoid
auoyded,avoided
auoyding,avoiding
aurelius,Aurelius
austeritie,austerity
austin,Austin
austine,Austin
Austines,Augustine's
Austins,Austin's
authenticall,authentical
authentick,authentic
authenticke,authentic
authentik,authentic
authentike,authentic
authentikes,authentics
authentique,authentic
authore,author
authores,authors
authoriritie,authority
authoriseth,authorizeth
authorite,authority
authoritie,authority
authoritye,authority
authorritie,authority
authoryte,authority
authour,author
authours,authors
autorities,authorities
autority,authority
autors,authors
autour,author
autours,authors
Autumme,Autumn
Autumne,Autumn
Autumnes,Autumns
availeable,available
availeablenesse,availableness
availes,avails
avaritious,avaricious
avayleth,availeth
aveng'd,avenged
aventinus,Aventinus
averres,avers
aversenesse,averseness
aversness,averseness
aversnesse,averseness
AVGVST,AUGUST
AVGVSTIN,AUGUSTINE
AVGVSTINE,AUGUSTINE
Avignion,Avignon
avoide,avoid
avoides,avoids
avowdly,avowedly
avowes,avows
avoyd,avoid
avoydance,avoidance
avoyde,avoid
avoyding,avoiding
avre,air
avthoritie,authority
avvay,away
avvhile,awhile
awaie,away
awaken'd,awakened
awaye,away
awayting,awaiting
aweful,awful
awefull,awful
awfull,awful
Awfulnesse,Awfulness
awlesse,awe-less
aworke,awork
awrie,awry
axiome,axiom
ayd,aid
ayde,aid
ayded,aided
ayders,aiders
aydes,aids
aydeth,aideth
ayding,aiding
ayer,air
ayld,ailed
ayled,ailed
ayme,aim
aymed,aimed
aymes,aims
aymest,aimest
aymeth,aimeth
ayming,aiming
ayms,aims
Aynsw,Ainsworth
Aynsworth,Ainsworth
ayr,air
ayre,air
ayrie,airy
ayring,erring
baal,Baal
Baalisme,Baalism
baalites,Baalites
Baall,Baal
Babell,Babel
babie,baby
babilon,Babylon
babilone,Babylon
Babilonian,Babylonian
babilonians,Babylonians
Babilonish,Babylonish
Babilons,Babylon's
babler,babbler
bablers,babblers
bables,babbles
babling,babbling
bablings,babblings
babylon,Babylon
bachelar,bachelor
Bacheler,Bachelor
Bachelour,Bachelor
back'd,backed
backe,back
backeparts,back parts
backes,backs
backeside,backside
backesliding,backsliding
backeslidings,backslidings
backeward,backward
back-sliding,backsliding
back-slidings,backslidings
backt,backed
backwarde,backward
backwardnesse,backwardness
badde,bade
Badmans,Badman's
badnesse,badness
bagge,bag
bagges,bags
bailiffe,bailiff
bailifs,bailiffs
Bailyes,Bailey's
Bains,Baines
baite,bait
baites,baits
Balaac,Balak
Balaak,Balak
balaam,Balaam
Balack,Balak
ballance,balance
ballanced,balanced
ballances,balances
ballancing,balancing
balles,balls
balsame,balsam
balsames,balsams
Baltick,Baltic
banckes,banks
banishd,banished
banish'd,banished
banishe,banish
Bankerout,Bankrupt
bankerupt,bankrupt
Bankes,Banks
bankets,banquets
bankette,banket
bannes,banns
baptim,baptism
baptise,baptize
baptised,baptized
baptiseth,baptizes
baptising,baptizing
Baptismall,Baptismal
baptisme,baptism
baptist,baptism
Baptistes,Baptists
baptitised,baptized
baptiz,baptize
baptize'd,baptized
baptysed,baptized
baptysme,baptism
barac,Barak
barak,Barak
barbarousnesse,barbarousness
bar'd,barred
barefoote,barefoot
baren,barren
barenesse,bareness
Barennesse,Bareness
bargaine,bargain
bargaines,bargains
barganing,bargaining
bargayne,bargain
bark'd,barked
barke,bark
barkes,barks
barkt,barked
barly,barley
barnabas,Barnabas
barnard,Barnard
barnes,barns
barr,bar
Barrabas,Barabbas
barraine,barren
barr'd,barred
barre,bar
barreld,barrelled
barrell,barrel
barrells,barrels
barreness,barrenness
barrenesse,barrenness
barrennes,barrenness
barrennesse,barrenness
barres,bars
Barrester,Barrister
barterd,bartered
Bartholmew,Bartholomew
Bartholmews,Bartholomew's
Bartholomewes,Bartholomew's
Bartimeus,Bartimaeus
Baruc,Baruch
baruch,Baruch
barzillat,Barzillai
basenesse,baseness
bashfull,bashful
bashfulnes,bashfulness
Bashfulnesse,Bashfulness
Basiliske,Basilisk
Basill,Basel
bastarde,bastard
bastardes,bastards
bastardie,bastardly
Batchelor,Bachelor
Batchelour,Bachelor
batest,bates
bathsheba,Bathsheba
Bathshebah,Bathsheba
battail,battle
battailes,battles
battayle,battle
battell,battle
battels,battles
battend,battened
batter'd,battered
batterie,battery
Battes,Bats
battlementes,battlements
Battologie,Battology
battry,battery
Bauaria,Bavaria
baule,bawl
bauling,bawling
bave,have
Bawde,Baud
Bawdes,Bauds
Baxters,Baxter's
Bayle,Bail
Baylie,Baillie
Bayliff,Bailiff
Bayliffe,Bailiff
Bayliffs,Bailiffs
Baylywick,Bailiwick
bayne,bane
bayte,bait
baytes,baits
baytings,baitings
be cause,because
Beades,Beads
beake,beak
beames,beams
beanes,beans
beare,bear
Bearebaytings,Bearbaitings
Beareherd,Bearherd
Bearerobbed,Bearrobbed
bearken,hearken
Bearn,Béarn
beart,heart
bearynge,bearing
beastes,beasts
beastlie,beastly
beastlines,beastliness
beastlinesse,beastliness
beastlye,beastly
beat̄,beaten
beates,beats
beateth,beats
beatificall,beatifical
Beatitud,Beatitude
Beauers,Beavers
beautie,beauty
beautifie,beautify
beautifull,beautiful
beautious,beauteous
beautiously,beauteously
beautyfie,beautify
beautyfull,beautiful
Bebrue,Hebrew
bebt,debt
becavse,because
becawse,because
becke,beck
becken,beckon
beckened,beckoned
beckens,beckons
becommed,becomed
becommest,becomest
becommeth,becomes
becomming,becoming
becoms,becomes
bedawbed,bedaubed
bedde,bed
Beddes,Beds
bedeaw,bedew
bedfellowes,bedfellows
Bedfords,Bedford's
bedfordshire,Bedfordshire
bedsted,bedstead
Bedsteds,Bedsteads
bee,be
beeause,because
beecause,because
beed,heed
beefore,before
Beeinges,Beings
beeleeved,believed
Beelsebub,Beelzebub
been,been
beene,been
beenjustified,been justified
beere,beer
Beershebah,Beersheba
bees,bees
beesome,besom
beeyng,being
beezreca,Beezecah
befal,befall
befalles,befalls
befalleth,befalls
befaln,befallen
befalne,befallen
befals,befalls
befel,befell
befere,before
beffow,bestow
befide,beside
befitte,befit
befoir,before
befool'd,befooled
befor,before
before-hand,beforehand
beforenoted,before noted
beforeshewed,before showed
befowle,befoul
bega,began
begane,began
beganne,began
begate,begat
begd,begged
beg'd,begged
beges,begs
begeting,begetting
begett,beget
begette,beget
begetteth,begets
begg,beg
beggard,beggared
beggar'd,beggared
beggarie,beggary
beggerd,beggared
beggerly,beggarly
beggery,beggary
beggs,begs
beggyng,begging
begine,begin
begining,beginning
beginings,beginnings
beginne,begin
beginnes,begins
beginneth,begins
beginninges,beginnings
beginst,beginnest
begon,begun
begonne,begun
begoon,begone
begoone,begone
begote,begot
begotte,begot
beguil,beguile
begunne,begun
beguyle,beguile
begynne,begin
begynneth,beginneth
begynning,beginning
begynninge,beginning
begynnyng,beginning
begynnynge,beginning
behaue,behave
behaued,behaved
behaueth,behaveth
behauing,behaving
behauior,behavior
behauiour,behavior
behauiours,behaviors
behauour,behavior
behav'd,behaved
behaviour,behavior
beheadded,beheaded
behelde,beheld
behinde,behind
beholde,behold
beholdes,beholds
beholdingnesse,beholdingness
behoofefull,behooveful
behooued,behooved
behoouefull,behooveful
behooueth,behooveth
behoue,behoove
behoued,behooved
behouefull,behooveful
behoueth,behooves
behould,behold
behynd,behind
behynde,behind
beinge,being
beleagred,beleaguered
beleaguer'd,beleaguered
beleeeving,believing
beleef,belief
beleefe,belief
beleefes,beliefs
beleene,believe
beleese,beliefe
beleeue,believe
beleeued,believed
Beleeuers,Believes
beleeues,believes
beleeuest,believest
beleeueth,believes
beleeuing,believing
beleev,believe
beleever,believer
beleevers,believers
beleeves,believes
Beleevest,Believest
beleeveth,believeth
beleeving,believing
beleevingly,believingly
beleevs,believes
belefe,belief
beleif,belief
beleife,belief
beleiue,believe
beleiv,believe
beleive,believe
beleived,believed
beleiver,believer
Beleivers,Believers
beleiveth,believeth
beleiving,believing
beleue,believe
beleued,believed
beleuer,believer
beleuers,believers
beleuest,believest
beleueth,believes
beleuing,believing
beleuyng,believing
beleuynge,believing
beleved,believed
belevers,believers
belevyed,believed
Belfrey,Belfry
Belgia,Belgium
Belgick,Belgic
Belgicke,Belgic
Beliall,Belial
beliefe,belief
belieue,believe
belieued,believed
belieuer,believer
belieuers,believer
belieues,believes
belieueth,believes
believ,believe
believe'd,believed
believest,believes
beliue,believe
bellarmin,Bellarmine
Bellarmines,Bellarmine's
Bellfrey,Belfry
bellie,belie
bellowes,bellows
bellyes,bellies
belong'd,belonged
belonge,belong
belonges,belongs
belonginge,belonging
belongth,belongeth
belongyng,belonging
belou'd,beloved
Beloueds,Beloved's
belov'd,beloved
belowe,below
bels,bells
belshazzar,Belshazzar
Belshazzer,Belshazzar
Beltsazar,Belshazzar
belye,bely
belyed,belied
belyes,belies
belyke,belike
Belzeebub,Beelzebub
bemone,bemoan
benadad,Ben-hadad
Benajah,Benaiah
bende,bend
bendes,bends
bene,been
Benedictin,Benedictine
beneficiall,beneficial
benefite,benefit
benefyte,benefit
benefytes,benefits
beneth,beneath
beneuolence,benevolence
benfits,benefits
Benhadads,Benhadad's
Beniamites,Benjamites
benificence,beneficence
benifits,benefits
benigne,benign
benignitie,benignity
benit,be not
Benjamine,Benjamin
benumbd,benumbed
benumbe,benumb
benum'd,benumbed
benumme,benumb
benummed,benumbed
benummedness,benumbedness
benummednesse,benumbedness
benumming,benumbing
benumn,benumb
bequeath'd,bequeathed
Beraea,Berea
bereans,Bereans
bereaue,bereave
bereaued,bereaved
bereauing,bereaving
beremoued,be removed
bernara,Bernard
bernard,Bernard
bernards,Bernard's
Beryll,Beryl
beseche,beseech
beseching,beseeching
beseechyng,beseeching
beseeeh,beseech
beseege,besiege
beseeginges,besiegings
beseemes,beseems
beseemeth,beseems
beseidge,besiege
beseiged,besieged
Besidesse,Besides
besieg'd,besieged
besmeares,besmears
besome,besom
bespeake,bespeak
bespeakes,bespeaks
be'st,beest
beste,best
bestialitie,bestiality
bestiall,bestial
bestow'd,bestowed
bestowe,bestow
bestowes,bestows
bestoweth,bestows
bestown,bestowed
besydes,besides
beteeme,beteem
beter,better
Bethania,Bethany
Bethauen,Bethaven
Bethelem,Bethlehem
Bethell,Bethel
bethinke,bethink
Bethleem,Bethlehem
bethsabe,Bethsabe
Bethsheba,Bathsheba
bethshemesh,Beth-shemesh
bethshemites,Bethshemites
bethuel,Bethuel
betokeneth,betokens
betraie,betray
betraied,betrayed
betraier,betrayer
betraies,betrays
betraieth,betrayeth
betraye,betray
betrayes,betrays
Betroathed,Betrothed
betterd,bettered
better'd,bettered
bettring,bettering
bettter,better
betuix,betwix
betuixt,betwixt
betwen,between
betwene,between
betwext,betwixt
betwixte,betwixt
beutified,beautified
beutifull,beautiful
beuty,beauty
bewaile,bewail
bewayl,bewail
bewayled,bewailed
bewayleth,bewaileth
bewayling,bewailing
bewildred,bewildered
bewildring,bewildering
bewitcht,bewitched
bewitch't,bewitched
bewraie,betray
bewraies,bewrays
bewraieth,bewrayeth
bewrayes,bewrays
bewtie,beauty
bewtifie,beautify
bewtifull,beautiful
bewty,beauty
beyng,being
beynge,being
beyonde,beyond
beza,Beza
bezaes,Beza's
Bezas,Beza's
biass,bias
bicause,because
biddest,bids
bidds,bids
bie,by
Bifield,Byfield
bigge,big
bignes,bigness
bignesse,bigness
billovves,billows
billowes,billows
bilster'd,blistered
bin,been
binde,bind
bindes,binds
bindeth,binds
bindyng,binding
Binnius,Binius
birthe,birth
Birthes,Births
birthsinne,birth-sin
bishiprick,bishopric
bishope,bishop
bishopes,bishops
bishopp,biship
bishoppe,bishop
Bishoppricke,Bishopric
bishopps,bishops
Bishoprick,Bishopric
bishopricke,bishopric
Bishoprickes,Bishoprics
Bishopricks,Bishoprics
bishoprike,bishopric
Bisshop,Bishop
bisshoppes,bishops
bithynia,Bithynia
bitt,bit
bitterlie,bitterly
bitternes,bitterness
bittterly,bitterly
black'd,blacked
blacke,black
blackes,blacks
blacknes,blackness
Blacknesse,Blackness
bladder'd,bladdered
Blakes,Blake's
blam'd,blamed
blameles,blameless
blamelesly,blamelessly
blamlesse,blameless
blanch'd,blanched
blanck,blank
blanke,blank
blaspemies,blasphemies
blaspheam,blaspheme
blaspheame,blaspheme
blaspheamed,blasphemed
blaspheeme,blaspheme
blasphem'd,blasphemed
blasphemie,blasphemy
blasphemouse,blasphemous
blasphemye,blasphemy
blaste,blast
blastes,blasts
bleake,bleak
bleakeayre,bleak air
bleare,blear
bleareeyed,bleary eyed
blemishe,blemish
blemmish,blemish
bles,bless
blesphemer,blasphemer
blesse,bless
blessednes,blessedness
blessednesse,blessedness
blesseth,blesses
blessinge,blessing
blessinges,blessings
blessynge,blessing
blessynges,blessings
blewe,blue
blewnes,blueness
blewnesse,blueness
blinde,blind
blindefold,blindfold
blindely,blindly
blindenes,blindness
blindeness,blindness
blindenesse,blindness
blindne,blind
blindnes,blindness
blindnesse,blindness
blindning,blindening
blisfull,blissful
blisse,bliss
blissed,blessed
blissefull,blissful
blissefulnesse,blissfulness
blissing,blessing
blithnesse,blitheness
blocke,block
blockes,blocks
blockishe,blockish
blockishnesse,blockishness
blockt,blocked
blod,blood
blode,blood
blooddy,bloody
bloode,blood
bloodes,bloods
Blood-Hound,Bloodhound
bloodie,bloody
Bloodinesse,Bloodiness
bloodynesse,bloodiness
bloomes,blooms
blossomd,blossomed
blossom'd,blossomed
blossome,blossom
blossomes,blossoms
blott,blot
blotte,blot
blottes,blots
bloud,blood
bloude,blood
Bloudhound,Bloodhound
bloudie,bloody
bloudied,bloodied
bloudiest,bloodiest
bloudily,bloodily
bloudinesse,bloodiness
bloudlesse,bloodless
bloudletting,bloodletting
blouds,bloods
bloudshed,bloodshed
bloudy,bloody
bloudye,bloody
bloudying,bloodying
bloudynesse,bloodiness
blovves,blows
blowe,blow
blowen,blown
blubberd,blubbered
blubbred,blubbered
blubbring,blubbering
blud,blood
blude,blood
blundring,blundering
blurre,blur
blurres,blurs
blushe,blush
blustring,blustering
blynd,blind
blynde,blind
blynded,blinded
blyndnes,blindness
blyndnesse,blindness
blyssed,blessed
Boardes,Boards
Boare,Boar
boared,bored
Boares,Boars
boaring,boring
boaste,boast
boastes,boasts
boasteth,boasts
boate,boat
boates,boats
boath,both
boaz,Boaz
boddy,body
bodely,bodily
bodi,body
bodie,body
bodilesse,bodiless
bodilie,bodily
bodys,bodies
boeth,both
bogge,bog
boggs,bogs
boild,boiled
boil'd,boiled
boile,boil
boiles,boils
boistrous,boisterous
boith,both
bokes,books
bolde,bold
boldely,boldly
boldlie,boldly
boldnes,boldness
boltes,bolts
bondsetuant,bond-servant
bondslaue,bondslave
bondslaues,bondslaves
bond-woman,bondwoman
bonefires,bonfires
Bonifacius,Boniface
Bonitie,Bonity
booke,book
booke‎,book
bookelately,book lately
bookes,books
bookworship,book-worship
boord,board
boorde,board
boords,boards
boosome,bosom
boosomes,bosoms
boote,boot
bords,boards
borough'd,burrowed
borow,borrow
borowe,borrow
borowed,borrowed
borowing,borrowing
borrovved,borrowed
borrowd,borrowed
borrowe,borrow
borrowes,borrows
bosomes,bosoms
bossomes,bosoms
bost,boast
boste,boast
bosted,boasted
bothe,both
botome,bottom
bottell,bottle
bottels,bottles
bottom'd,bottomed
bottome,bottom
bottomelesse,bottomeless
bottomes,bottoms
bottomles,bottomless
bottomlesse,bottomless
boughes,boughs
bould,bold
bouldly,boldly
bouldnes,boldness
bouldnesse,boldness
bouls,bowls
boundes,bounds
boundles,boundless
boundlesse,boundless
bountie,bounty
bountifulnes,bountifulness
BOVNTIE,BOUNTY
BOVVLES,BOWLS
BOVVNDE,BOWND
bow'd,bowed
bowe,bow
bowelles,bowels
bowells,bowels
bowes,bows
bowsoever,howsoever
bowt,boat
bowtes,boats
bowyng,bowing
boxe,box
boye,boy
boyes,boys
boyle,boil
boyles,boils
boyling,boiling
boylings,boilings
boyls,boils
Boyse,Boys
boysterons,boisterous
boysterous,boisterous
boysterously,boisterously
boystrous,boisterous
brachigraphicall,brachigraphical
Brachigraphie,Brachigraphy
Bradforde,Bradford
BRADVVOOD,BRADWOOD
Bradwardin,Bradwardine
brag'd,bragged
bragg,brag
bragg'd,bragged
bragge,brag
braggs,brags
brain'd,brained
brainelesse,brainless
braines,brains
Brainsicke,Brainsick
brasenly,brazenly
Brasile,Brazil
Brasilians,Brazilians
Brassen,Brazen
bratts,brats
braue,brave
brauely,bravely
brauerie,bravery
brauery,bravery
braues,braves
brauings,bravings
braunch,branch
braunche,branch
braunches,branches
braverie,bravery
brawle,brawl
brawles,brawls
brawne,brawn
brayne,brain
braynes,brains
breade,bread
breadstreet,Bread Street
breake,break
breakefast,breakfast
breakes,breaks
breakr,breaker
breakyng,breaking
breastes,breasts
breathd,breathed
breath'd,breathed
breathlesse,breathless
breathlessenesse,breathlessness
Breathren,Brethren
bredde,bred
bredth,breadth
breede,breed
breedeth,breeds
breefe,brief
breefely,briefly
breeflie,briefly
breefly,briefly
breethren,brethren
Breeue,Breve
brefe,brief
breif,brief
breife,brief
breifely,briefly
breifly,briefly
Brentius,Brenz
brest,breast
brestes,breasts
brestplate,breastplate
brests,breasts
Brest-works,Breastworks
breth,breath
brethe,breath
bretheren,brethren
bretherne,bretheren
Brethron,Brethren
breuiarie,breviary
breuitie,brevity
breuities,brevities
breuity,brevity
brevitie,brevity
brib'd,bribed
bricke,brick
brickes,bricks
bridall,bridal
bridegrome,bridegroom
Bridegroome,Bridegroom
bridegroomes,bridegroom’s
brideled,bridled
brideling,bridling
Bridgwater,Bridgewater
brief'd,briefed
briefe,brief
Briefes,Briefs
briesly,briefly
brightnes,brightness
brightnesse,brightness
brimme,brim
brimmes,brims
bringe,bring
bringes,brings
bringeth,brings
bringethforth,bringeth forth
bringforth,bring forth
bringinge,bringing
bringyng,bringing
brinke,brink
brinkes,brinks
Bristoll,Bristol
Bristowe,Bristow
Britaine,Britain
Britains,Britain's
Britan,Britain
Britayne,Britain
Brittain,Britain
Brittaine,Britain
Brittaines,Britain's
Brittains,Britons
Brittans,Britons
brittlenesse,brittleness
broade,broad
broak,broke
broake,broke
broaken,broken
broaking,broking
broched,broached
broching,broaching
brode,broad
broght,brought
broider'd,broidered
broiles,broils
broit,brought
brokennesse,brokenness
brokerie,brokery
brok'n,broken
Bromhall,Bramhall
Bromton,Brompton
bronght,brought
broode,brood
brook'd,brooked
brooke,brook
brookes,brooks
broome,broom
brothell,brothel
Brothells,Brothels
brothelrie,brotherly
brotherlie,brotherly
broughte,brought
Broughtst,Broughtest
brought'st,broughtest
brouse,browse
browe,brow
browes,brows
browght,brought
browghte,brought
browne,brown
Brownisme,Brownism
broydered,broidered
broyle,broil
broyled,broiled
broyles,broils
broyling,broiling
broyls,broils
bruden,burden
bruit,brute
bruite,brute
bruites,brutes
bruitish,brutish
bruitishly,brutishly
bruitishnesse,brutishness
Brundusium,Brindisi
brused,bruised
bruseth,bruiseth
brush'd,brushed
brutifh,brutish
brutishe,brutish
Bryar,Briar
Bryars,Briars
Bryer,Briar
bryers,briars
brymstone,brimstone
bryng,bring
brynge,bring
bryngeth,bringeth
brynging,bringing
bryngyng,bringing
bryngynge,bringing
btfore,before
bubling,bubbling
bucer,Bucer
Bucers,Bucer's
Bucke,Buck
Buckes,Bucks
budde,bud
bufferinge,buffering
buffetted,buffeted
buffetting,buffeting
bugbeare,bugbear
buier,buyer
buies,buys
builde,build
builded,built
buildes,builds
buildest,build
Buildinges,Buildings
buildyng,building
builte,built
Bulbaytings,Bullbaitings
bulkes,bulks
Bulles,Bulls
bullocke,bullock
bullockes,bullocks
Buls,Bulls
bulwarke,bulwark
bulwarkes,bulwarks
bundreds,hundreds
bungglers,bunglers
Burbon,Bourbon
burden'd,burdened
Burges,Burgess
Burgesse,Burgess
Burgundie,Burgundy
burialls,burials
burie,bury
burn'd,burned
burne,burn
burnes,burns
burninges,burnings
burntoffering,burnt-offering
Burntoffring,Burnt offering
burntoffrings,burnt offerings
burnyng,burning
burnynge,burning
Burroughes,Burroughs
Bursse,Burse
burthen,burden
burthened,burdened
burthens,burdens
burthensom,burdensome
buryed,buried
bushe,bush
bushell,bushel
bushells,bushels
busines,business
businesiesuites,business
businesse,business
busisinesse,business
busseling,bustling
bussinesse,business
busye,busy
busynes,business
busynesse,business
butter'd,buttered
Butterie,Buttery
buye,buy
buyld,build
buylded,builded
buylder,builder
buylding,building
buyldynge,building
buylt,built
buzze,buzz
BVRDEN,BURDEN
byas,bias
Byass,Bias
byassed,biased
byasses,biases
bycause,because
byd,bid
byddeth,biddeth
byde,bide
byn,been
bynde,bind
byndeth,bindeth
bynding,binding
bypocritically,hypocritically
byrdes,birds
byrth,birth
byrthe,birth
Byshop,Bishop
Byshopp,Bishop
byshoppe,bishop
byshoppes,bishops
Byshops,Bishops
Bysshop,Bishop
bysshopp,bishop
Bysshoppes,Bishops
byting,biting
bytter,bitter
Cabbin,Cabin
cabylon,Babylon
caelestial,celestial
caesar,Caesar
caesarea,Caesarea
Caesares,Caesars
Caesaria,Caesarea
Caesars,Caesar's
Caietan,Cajetan
cain,Cain
caine,Cain
Cains,Cain's
Caiphas,Caiaphas
caitiffe,caitiff
Caius,Gaius
Cajetanus,Cajetan
cal,call
calamitie,calamity
calamityes,calamities
cald,called
cal'd,called
Caldea,Chaldea
Caldean,Chaldean
Caldeans,Chaldeans
Caldee,Chaldee
Caldees,Chaldees
cale,call
caleb,Caleb
Calebs,Caleb's
caled,called
calfe,calf
Calice,Calais
caling,calling
calld,called
call'd,called
calle,call
calleth,calls
Callis,Calais
callit,called
callynge,calling
calme,calm
calmely,calmly
calmenesse,calmness
calmes,calms
calmnesse,calmness
cals,calls
calthropes,caltrops
calues,calves
caluin,Calvin
Caluine,Calvin
Caluines,Calvin's
Caluinists,Calvinists
calvin,Calvin
Calvines,Calvin's
Calvins,Calvin's
camb,Camb.
Cambridg,Cambridge
cambridge,Cambridge
Camelion,Chameleon
Camelions,Chameleons
Camell,Camel
Camero,Cameron
Cammell,Camel
cammest,camest
Camomill,Camomile
campe,camp
campes,camps
can not,cannot
canaan,Canaan
Canaanits,Canaanites
Canaans,Canaan's
Canaean,Canaan
Cananite,Canaanite
cananites,Canaanites
Cananitish,Canaanitish
candel,candle
candell,candle
candels,candles
candlesticke,candlestick
Candlestickes,Candlesticks
candlestik,candlestick
caneat,can eat
Caniball,Cannibal
Canibals,Cannibals
canit,cannot
cankred,cankered
cannat,cannot
cannit,cannot
cannnot,cannot
Canō,Canon
canonicall,canonical
Canonick,Canonic
Canonistes,Canonists
Canoo,Canoe
Canopie,Canopy
can'st,canst
canste,canst
canuase,canvas
canuased,canvassed
Canus,Cano
capablenesse,capableness
capeable,capable
Capgraue,Capgrave
capitales,capitals
capitall,capital
Capitoll,Capitol
captaine,captain
captayne,captain
Captaynes,Captains
capteine,captain
captiuate,captivate
captiuated,captivated
captiue,captive
captiued,captived
captiues,captives
captiuis,captives
captiuite,captivity
captiuitie,captivity
captiuities,captivities
captiuity,captivity
captivitie,captivity
captyue,captive
carcasse,carcass
car'd,cared
cardes,cards
cardinall,cardinal
Cardinalles,Cardinals
cardinalls,cardinals
Careaway,Caraway
carefullie,carefully
carefulnes,carefulness
Carefulnesse,Carefulness
careles,careless
carelesly,carelessly
carelesnes,carelessness
Carelesness,Carelessness
carelesnesse,carelessness
carelesse,carless
carelessely,carelessly
carelessenes,carelessness
carelessenesse,carelessness
carelessnesse,carelessness
careth,cares
cariages,carriages
carie,carry
caried,carried
carieth,carrieth
carion,carrion
carkas,carcass
carkase,carcass
carkass,carcass
carkasse,carcass
carkesses,carcasses
Carlile,Carlisle
carmelite,Carmelite
Carmell,Carmel
carnale,carnal
carnalitie,carnality
carnalnesse,carnalness
carnest,earnest
Carowse,Carouse
carowses,carouses
carowsings,carousings
carri,carry
carrie,carry
carrieth,carries
carruptions,corruptions
carry'd,carried
carryes,carries
Cartwrightes,Cartwright's
carue,carve
carued,carved
Caruer,Carver
caruers,carvers
cary,carry
carye,carry
caryed,carried
caryeth,carrieth
carying,carrying
caryng,caring
Casar,Caesar
casie,easy
caske,cask
casshier,cashier
castell,castle
Castels,Castles
casteth,casts
castinge,casting
castout,cast out
castyng,casting
casuality,causality
casuall,casual
casualtie,casualty
Casuisticall,Casuistical
cataplasmes,cataplasms
catch'd,catched
catche,catch
catcht,catched
Catecheticall,Catechetical
Catechise,Catechize
catechising,catechizing
catechisme,catechism
catechismes,catechisms
Catechumeni,Catechumen
Caterpiller,Caterpillar
Caterpillers,Caterpillars
Cathechisme,Catechism
Cathedralls,Cathedrals
catherinus,Catherinus
Catholicisme,Catholicism
catholick,catholic
Catholicke,Catholic
catholickes,catholics
catholics,Catholics
catholik,catholic
catholike,catholic
catholikes,catholics
catholikly,catholicly
Catholiks,Catholics
catholyke,catholic
cattell,cattle
Caue,Cave
caueat,caveat
caueats,caveats
caueling,caviling
cauernes,caverns
cauerns,caverns
caues,caves
cauil,cavil
cauill,cavil
cauillation,cavillation
cauillations,cavillations
cauilled,caviled
cauiller,caviller
cauillers,cavillers
cauilleth,cavilleth
cauilling,cavilling
cauills,cavils
cauils,cavils
caule,caul
Caunterburie,Canterbury
Caunterbury,Canterbury
caus,cause
causalitie,causality
causall,causal
caus'd,caused
'cause,because
causeles,causeless
causelesse,causeless
causelessely,causelessly
causeth,causes
causlesly,causelessly
causlesse,causeless
caution'd,cautioned
Cavalliers,Cavaliers
cavelled,cavilled
cavelling,cavilling
cavells,cavils
cavill,cavil
cavills,cavils
cavsa,causa
cavse,cause
cawse,cause
cawses,causes
Cayphas,Caiaphas
ccremonies,ceremonies
ceas,cease
ceas'd,ceased
cease'd,ceased
ceaseles,ceaseless
ceaseth,ceases
ceasse,cease
ceassed,ceased
ceasseth,ceaseth
ceassing,ceasing
ceast,ceased
Celibat,Celibate
celler,cellar
cels,cells
censoriousnesse,censoriousness
censur'd,censured
CENSVRE,CENSURE
centaineth,containeth
centinel,sentinel
Centinell,Sentinel
Centinels,Sentinels
centre,center
centurian,centurion
Centurie,Century
CENTVRIE,CENTURY
cereatures,creatures
Cerem,Ceremony
ceremoniall,ceremonial
ceremonie,ceremony
ceremonyes,ceremonies
cerimonies,ceremonies
cermony,ceremony
cerning,concerning
certaine,certainty
certainetie,certainty
certainety,certainty
‎certainlie,certainly
certaintie,certainty
certaintys,certainties
certane,certain
certanely,certainly
certayne,certain
certaynely,certainly
certaynly,certainly
certaynty,certainty
certein,certain
certeine,certain
certeinelie,certainly
certeinely,certainly
certeinlie,certainly
certeinly,certainly
certeintie,certainty
certen,certain
certenlie,certainly
certenly,certainly
certentie,certainty
certenty,certainty
certeyn,certain
certeyne,certain
certifie,certify
cesars,caesar's
Cesterne,Cistern
chaffe,chaff
chain'd,chained
chaines,chains
Chald,Chaldee
Chaldaea,Chaldea
chaldaean,Chaldean
Chaldaeans,Chaldeans
Chalde,Chaldee
chaleng'd,challenged
chalenge,challenge
chalenged,challenged
chalenger,challenger
chalenges,challenges
chalengeth,challengeth
chalenging,challenging
chalke,chalk
challeng,challenge
Chamberlaine,Chamberlain
chambring,chambering
Chammath,Hammath
Chanaan,Canaan
chanaanites,Canaanites
Chananites,Canaanites
chanc'd,chanced
Chancell,Chancel
Chancellour,Chancellor
Chancelour,Chancellor
chancelours,chancellors
Chancerie,Chancery
chanel,channel
chanels,channels
chang,change
Chang'd,Changed
changeablenesse,changeableness
changelesse,changeless
changeth,changes
channell,channel
Chanon,Canon
Chanons,Canons
chaplaine,chaplain
Chaplaines,Chaplains
Chaplane,Chaplain
chaplayne,chaplain
Chapleine,Chaplain
Chappel,Chapel
Chappell,Chapel
Chappells,Chapels
Chappels,Chapels
Chapple,Chapel
Chapples,Chapels
chaptre,chapter
charets,chariots
charg'd,charged
charge'd,charged
chargyng,charging
charite,charity
charitie,charity
charitye,charity
Charls,Charles
charme,charm
charmes,charms
charrets,chariots
charriot,chariot
Charriots,Chariots
chasteneth,chastens
chasticement,chastisement
chasticements,chastisements
chastisementes,chastisements
chastiseth,chastises
chastisment,chastisement
chastite,chastity
chastitie,chastity
chastize,chastise
chastized,chastised
chastizement,chastisement
chastizing,chastising
chastlie,chastely
chastly,chastely
chastning,chastening
chastnings,chastenings
chastyte,chastity
Chatechism,Catechism
chattred,chattered
chaunce,chance
chaunced,chanced
Chauncellor,Chancellor
Chauncellour,Chancellor
Chauncelor,Chancelor
Chauncelors,Chancelors
Chauncelour,Chancelor
chaunces,chances
chaunceth,chanceth
chaunge,change
chaungeable,changeable
chaunged,changed
chaungeth,changes
chaunging,changing
chaunse,chance
chayne,chain
chayned,chained
chaynes,chains
chayning,chaining
chayre,chair
cheape,cheap
cheapenesse,cheapness
chear,cheer
cheare,cheer
cheared,cheered
chearefull,cheerful
chearefully,cheerfully
chearefulnesse,cheerfulness
cheares,cheers
cheareth,cheereth
chearful,cheerful
chearfull,cheerful
chearfully,cheerfully
chearfulness,cheerfulness
chearing,cheering
chearly,cheerily
cheate,cheat
check'd,checked
checkes,checks
checkt,checked
cheef,chief
cheefe,chief
cheefely,chiefly
cheefest,chiefest
cheeflie,chiefly
cheefly,chiefly
cheeke,cheek
cheekes,cheeks
cheere,cheer
cheerefull,cheerful
cheerefully,cheerfully
cheerefulnesse,cheerfulness
cheereth,cheers
cheerfulnes,cheerfulness
cheerfulnesse,cheerfulness
chefe,chief
chefely,chiefly
chefest,chiefest
cheif,chief
cheifely,chiefly
cheifest,chiefest
cheifly,chiefly
Chemnitius,Chemnitz
cherefull,cheerful
cherem,herem
cherish'd,cherished
cherubes,cherubs
Cherubines,Cherubim
Cherubins,Cherubims
Chesse,Chess
chiefe,chief
chiefeft,chiefest
chiefelie,chiefly
chiefely,chiefly
chieflie,chiefly
chiekens,chickens
childe,child
childehood,childhood
childeren,children
childern,children
childishnes,childishness
childishnesse,childishness
childles,childless
child-like,childlike
childred,children
Childrens,Children's
Childrin,Children
childrn,children
Chineses,Chinese
chinkes,chinks
chinne,chin
chirche,church
Chirches,Churches
Chirst,Christ
Chirurgeons,Surgeons
chirurgian,surgeon
Chirurgion,Surgeon
choake,choke
choaked,choked
choakes,chokes
choaketh,choketh
choaking,choking
choaks,chokes
choicenesse,choiceness
chois,choice
choise,choice
choisest,choicest
choke'd,choked
cholerick,choleric
cholericke,choleric
choller,choler
choosed,chose
choppe,chop
chopt,chopped
chosed,chose
choses,chooses
choseth,chose
choyce,choice
choycest,choicest
choyse,choice
chozen,chosen
chri,Christ
Chrict,Christ
chris,Christ
Chrisme,Chrism
Chrisostom,Chrysostom
Christ̄,Christian
christ*,Christ
Christal,Crystal
Christan,Christian
Christans,Christians
christe,Christ
Christendome,Christendom
christes,christs
Christiā,Christian
christiaitie,Christianity
christiana,Christiana
Christianisme,Christianism
christianitie,Christianity
Christlesse,Christless
Christmass,Christmas
Christned,Christened
Christning,Christening
Christt,Christ
CHRJST,CHRIST
chron,chronicle
Chronologie,Chronology
chronycle,chronicle
chrst,Christ
Chruch,Church
Chruches,Churches
chrysost,chrysostom
chrysostome,Chrysostom
chrysostomes,chrysostom's
Chrysostoms,Chrysostom's
chrystal,crystal
Chrystalline,Crystalline
Chrysten,Christian
Chrystes,Christ's
Chtist,Christ
Chuch,Church
Churchmember,Church member
Churchmembers,Church members
Churchmembership,Church membership
Churchrobbing,Church-robbing
Churchstate,Church state
churle,churl
Churles,Churls
churlishnesse,churlishness
Churth,Church
chuse,choose
chuseing,choosing
chusers,choosers
chuses,chooses
chusest,choosest
chuseth,chooses
Chush,Cush
Chusing,Choosing
chvrch,church
CHVRCHES,CHURCHES
chyld,child
chyldren,children
Chymaeraes,Chimeras
chym'd,chimed
Chymical,Chemical
Chymistry,Chemistry
chyrch,church
Chyrurgeon,Surgeon
Chyrurgeons,Surgeons
Chyrurgions,Surgeons
Cilicia,Silicia
Cinamon,Cinnamon
Cipresse,Cypress
Ciprian,Cyprian
circumcis,circumcise
circumcise'd,circumcised
circumscriptible,circumscriptable
circumscriptiuely,circumscriptively
circumspectiv,circumspective
circumstantiall,circumstantial
circumstaunce,circumstance
circumstaunces,circumstances
circumuent,circumvent
circumuented,circumvented
circumuention,circumvention
circumuentions,circumventions
circustances,circumstances
Cirill,Cyril
Cisterne,Cistern
Citadell,Citadel
citeth,cites
citie,city
Citizēs,Citizens
cittie,city
citties,cities
cittizens,citizens
citty,city
citye,city
Cityes,Cities
citys,cities
ciuil,civil
ciuilitie,civility
ciuill,civil
ciuillity,civility
ciuilly,civilly
cladde,clad
claie,clay
claim'd,claimed
claimth,claimeth
clamities,calamities
clappes,claps
Clarkes,Clerks
Clarks,Clerks
claspe,clasp
claspes,clasps
Classicall,Classical
Classick,Classic
claue,clave
clawes,claws
clayme,claim
cleane,clean
cleanes,cleans
cleanesse,cleanness
cleanseth,cleanses
cleare,clear
clearelie,clearly
clearely,clearly
cleares,clears
Cleargy,Clergy
Clearkes,Clerks
clearnes,clearness
clearnesse,clearness
cleaueth,cleaves
cleauing,cleaving
cleer,clear
cleere,clear
cleerely,clearly
cleerenesse,clearness
cleerest,clearest
cleerly,clearly
cleernesse,clearness
clemencie,clemency
clemens,Clemens
clements,clement
clene,clean
clensed,cleansed
clenses,cleanses
clenseth,cleanseth
clensing,cleansing
clensings,cleansings
clere,clear
clerely,clearly
clerelye,clearly
clergie,clergy
clerke,clerk
Clerkes,Clerks
cleue,cleave
climbe,climb
climbes,climbs
climed,climbed
climing,climbing
cloake,cloak
cloakes,cloaks
cloathe,clothe
cloathes,clothes
cloatheth,clotheth
cloathing,clothing
cloaths,clothes
clocke,clock
clogd,clogged
clog'd,clogged
clogg'd,clogged
cloke,cloak
cloked,cloaked
clokes,cloaks
cloothed,clothed
clos'd,closed
closeing,closing
closly,closely
closs,close
closse,close
Closset,Closet
cloth'd,clothed
clothe'd,clothed
clothyng,clothing
cloude,cloud
cloudes,clouds
cloudie,cloudy
clouen,cloven
cloutes,cloths
clowd,cloud
clowde,cloud
Clowded,Clouded
clowdes,clouds
clowdy,cloudy
clowne,clown
Cloyster,Cloister
Cloysters,Cloisters
clubbe,club
clutterd,cluttered
Clyent,Client
Clyents,Clients
Cnute,Cnut
coactiue,coactive
coaevals,coevals
coale,coal
coales,coals
coarses,courses
coastes,coasts
coate,coat
coates,coats
Coblers,Cobblers
Cocatrices,Cockatrices
Cockefightings,Cockfightings
cockleshels,cockleshells
coelestiall,celestial
coequall,coequal
coessentiall,coessential
cofers,coffers
cogitationes,cogitations
cognisance,cognizance
cognitione,cognition
coheires,coheirs
coine,coin
coines,coins
colde,cold
coldnes,coldness
collaterall,collateral
collecteth,collects
Colledg,College
colledge,college
Colledges,Colleges
Colleg,College
Collegiat,Collegiate
Collegue,Colleague
Collonel,Colonel
colloss,Colossians
collour,color
collours,colors
Colonell,Colonel
Colonells,Colonels
Colonie,Colony
color'd,colored
colore,color
coloss,colossus
Colosse,Colossae
colossians,Colossians
colourable,colorable
coloure,color
coloured,colored
coloures,colors
Columne,Column
Columnes,Columns
com,come
comandement,commandment
Cōmandements,Commandments
comaund,command
combate,combat
combates,combats
combe,comb
combersome,cumbersome
combin'd,combined
combred,encumbered
comed,come
comedie,comedy
comeing,coming
comelie,comely
comen,come
come'st,comest
comformable,conformable
comformitie,comformity
comfortles,comfortless
comfortlesse,comfortless
comfortours,comforters
comission,commission
comitted,committed
comitting,committing
comlines,comliness
comliness,comeliness
comlinesse,comeliness
comly,comely
Commadements,Commandments
comman,commandment
commandement,commandment
commandementes,commandments
commandementes‎,commandments
commandes,commands
commaunde,command
commaundement,commandment
commaundemente,commandment
commaundementes,commandments
Commaunder,Commander
commaundes,commands
commaundeth,commands
commaunding,commanding
commen,common
commende,commend
Commendements,Commandments
commendeth,commends
commenly,commonly
commentarie,commentary
Commentariis,Commentaries
Commentatores,Commentators
commentatur,commentator
Commers,Comers
commes,comes
commest,come
comming,coming
comminge,coming
commission'd,commissioned
commited,committed
commiting,committing
committ,commit
committe,committee
committeth,commits
commmended,commended
commmonly,commonly
commo,common
commodiouslie,commodiously
commoditie,commodity
commonaltie,commonality
commonded,commended
commonlie,commonly
commonlye,commonly
commonnesse,commonness
Commonweale,Commonwealth
commoun,common
communicantes,communicants
communicatiue,communicative
communicatiuely,communicatively
communicatur,communicator
communione,communion
communitie,community
communycacyon,communication
commuoion,communion
commyng,coming
commynge,coming
commytted,committed
comne,come
comonly,commonly
companye,company
comparatiuely,comparatively
compar'd,compared
compareth,compares
compas,compass
compass'd,compassed
compasse,compass
compast,compassed
compeld,compelled
compell,compel
compells,compels
competencie,competency
complacencie,complacency
complaine,complain
complaineth,complains
complaintes,complaints
complayn,complain
complayne,complain
complayned,complained
complayneth,complaineth
complaynt,complaint
complayntes,complaints
compleate,complete
compleatest,completest
compleating,completing
compleatly,completely
compleet,complete
complementall,complemental
complyance,compliance
compos'd,composed
composednesse,composedness
compounde,compound
comprehende,comprehend
comprehendeth,comprehends
compris'd,comprised
comprized,comprised
comprizes,comprises
comyng,coming
conceal'd,concealed
conceales,conceals
conceates,conceits
conceaue,conceive
conceaued,conceaved
conceaues,conceives
conceave,conceive
conceipts,conceits
Conceitednesse,Conceitedness
conceites,conceits
conceiu'd,conceived
conceiue,conceive
conceiued,conceived
conceiues,conceives
conceiueth,conceives
conceiuing,conceiving
conceiv,conceive
conceiv'd,conceived
conceive'd,conceived
concele,conceal
conceled,concealed
concent,consent
concer,concern
concerining,concerning
concern'd,concerned
concernement,concernment
concerneth,concerns
concerninge,concerning
concernyng,concerning
concernynge,concerning
conceyt,conceit
conceyte,conceit
conceyue,conceive
conceyued,conceived
Concil,Council
concl,conclusion
conclud,conclude
conclus,concludes
conclusiones,conclusions
concorde,concord
concrning,concerning
concubins,concubines
concur'd,concurred
concurr,concur
concurrance,concurrence
concurres,concurs
concurreth,concurs
concurrs,concurs
concurse,concourse
Conde,Condé
condem,condemn
condemn'd,condemned
condemnes,condemns
condemnest,condemn
condemneth,condemns
condemnth,condemneth
condemnyng,condemning
condempned,condemned
condenme,condemn
condescende,condescend
condescention,condescension
condescentions,condescensions
condicion,condition
condicions,conditions
condigne,condign
condignely,condignly
condignitie,condignity
condiscend,condescend
condiscended,condescended
condiscention,condescension
conditionall,conditional
conditionallie,conditionally
conditiones,conditions
confederacie,confederacy
confederat,confederate
confederats,confederates
confer'd,conferred
conferr,confer
conferres,confers
conferreth,confers
conferth,conferreth
confes,confess
confesed,confessed
confessd,confessed
confesseth,confesses
confessione,confession
confessoth,confesseth
Confessours,Confessors
confessth,confesseth
confessyon,confession
confidentlie,confidently
confidered,considered
confirmacion,confirmation
confirm'd,confirmed
confirmeth,confirms
conflictes,conflicts
conform'd,conformed
conformes,conforms
conformitie,conformity
confortable,comfortable
confounde,confound
confus'd,confused
confutacion,confutation
confuzion,confusion
confyrme,confirm
congeyes,congees
congeying,congeeing
Congie,Congee
Congies,Congees
congregacion,congregation
congregacyon,congregation
Congregationall,Congregational
congruitie,congruity
coniecturall,conjectural
coniecture,conjecture
coniectured,conjectured
coniectures,conjectures
conioined,conjoined
conioyne,conjoin
coniugali,conjugally
coniugall,conjugal
coniugate,conjugate
coniunction,conjunction
coniunctione,conjunction
coniurations,conjurations
coniure,conjure
coniured,conjured
coniurers,conjurers
conjecturall,conjectural
conjoin'd,conjoined
conjoyne,conjoin
conjoyned,conjoined
conjoyneth,conjoineth
conjoyning,conjoining
conjoyntly,conjointly
conjugall,conjugal
connaturall,connatural
connex,connect
connexed,connected
connexion,connection
connexions,connections
conniuence,conivence
connivencie,connivancy
connot,cannot
conquere,conquer
conquerers,conquorers
conquerours,conquerors
conquorers,conquerors
conscien,conscience
consciencious,conscientious
conscienciously,conscientiously
conscionablenesse,conscionableness
consciousnesse,consciousness
conscyence,conscience
consecrat,consecrate
consecrateth,consecrates
consente,consent
Consequens,Consequence
conseruant,conservant
conseruation,conservation
conserued,conserved
conserues,conserves
consess,confess
consesse,confess
consession,concession
considder,consider
considence,confidence
consident,confident
consideracion,consideration
consideratenesse,considerateness
consider'd,considered
considerest,consider
considereth,considers
consideringe,considering
considre,consider
consiences,consciences
consiste,consist
consistes,consists
consisteth,consists
Consistorie,Consitory
conslus.,conclusion
consolacion,consolation
consolatorie,consolatory
consouant,consonant
conspiracie,conspiracy
conspiratours,conspirators
conspir'd,conspired
Constans,Constance
Constantin,Constantine
Constantines,Constantine's
constantine's,Constantine's
constantinople,Constantinople
Constantinus,Constantine
constantlie,constantly
constaunt,constant
constituant,constituent
constitutea,constitute
constrain'd,constrained
constraine,constrain
constraines,constrains
constrayned,constrained
constreined,constrained
constreyned,constrained
constreynt,constraint
Consubstantiall,Consubstantial
consulatations,consolations
Consull,Consul
consum'd,consumed
consusion,confusion
consyder,consider
consyderation,consideration
consydered,considered
consydering,considering
consyderynge,considering
consydre,consider
contain'd,contained
containes,contains
containeth,contains
contayne,contain
contayned,contained
contayneth,containeth
contein,contain
conteined,contained
conteines,contains
conteineth,containeth
conteining,containing
conteins,contains
conteinyng,containing
contemens,contemns
contemn'd,contemned
contemnes,contemns
contemneth,contemns
contemplatiue,contemplative
contempte,contempt
contemptiblenesse,contemptibleness
contemt,contempt
contemtible,contemptible
contencion,contention
contende,contend
contente,content
contentednes,contentedness
contentednesse,contentedness
contentement,contentment
contentes,contents
contentfull,contentful
contentiousnesse,conscientiousness
conteyne,contain
conteyned,contained
conteynes,contains
conteyning,containing
contimencie,continency
continew,continue
contingencie,contingency
continuallie,continually
continuallye,continually
continualy,continually
continuaunce,continuance
continu'd,continued
continue'd,continued
continuly,continually
continuyng,continuing
contradictorie,contradictory
contrare,contrary
contrarie,contrary
contrariely,contrarily
contrarietie,contrarity
contrariewise,contrariwise
contrarilye,contrarily
contrariwyse,contrariwise
contrarye,contrary
contrarywise,contrariwise
contrey,country
contriued,contrived
contriuing,contriving
contriv'd,contrived
controld,controlled
controle,control
controlement,controlment
controll,control
controuersie,controversy
controuersied,controversied
controuersies,controversies
controuersijs,controversies
controuersy,controversy
controuerted,controverted
controul,control
controule,control
controuled,controlled
controuling,controlling
controversal,controversial
contumacie,contumacy
contumelie,contumely
conuaied,conveyed
conuay,convey
conuayes,conveys
conueened,convened
conueiance,conveyance
conueied,conveyed
conueigh,convey
conuenience,convenience
conuenient,convenient
conueniently,conveniently
conueniunt,convenient
conuented,convented
conuenticles,conventicles
conuenting,conventing
conuersacion,conversation
conuersant,conversant
conuersation,conversation
conuersations,conversations
conuersaunt,conversant
conuerse,converse
conuersing,conversing
conuersion,conversion
conuersions,conversions
conuersiou,conversion
conuert,convert
conuerte,convert
conuerteth,converts
conuertible,convertible
conuey,convey
Conueyance,Conveyance
conueyeth,conveyeth
conuicte,convict
conuicted,convicted
conuince,convince
conuinced,convinced
conuinceth,convinceth
convaied,conveyed
convay,convey
conveened,convened
conveening,convening
conveiance,conveyance
conveied,conveyed
conveies,conveys
conveigh,convey
conveighed,conveyed
conveigheth,conveyeth
conveighing,conveying
conveniencie,conveniency
conveniunt,convenient
convers'd,conversed
converst,conversed
convey'd,conveyed
conveyes,conveys
conveyng,conveying
convinc'd,convinced
convincit,convinced
convinc't,convinced
coole,cool
cooles,cools
coozen,cozen
Copie,Copy
coppie,copy
coppies,copies
Coppy,Copy
copye,copy
cor,Cor.
Corahs,Korah's
Corazin,Chorazin
corde,cord
Cordes,Cords
cordiall,cordial
cordialls,cordials
Corinthe,Corinth
corinthes,Corinthians
corinths,Corinths
corne,corn
cornelius,Cornelius
cornes,corns
Cornwal,Cornwall
Corollarie,Corollary
corpes,corpse
corporall,corporal
corporeall,corporeal
correctiones,corrections
correctiue,corrective
Correlaries,Corollaries
correspondencie,correspondency
Corrinthians,Corinthians
corrivall,corrival
corrup,corrupt
corrupteth,corrupts
corruptiones,corruptions
corruptiue,corruptive
corruptlie,corruptly
coruption,corruption
Cosenages,Cozenages
Cosens,Cozens
cosmographie,cosmography
cosoned,cozened
cossened,cozened
coste,cost
costes,costs
costlie,costly
cotention,contention
Coūcell,Council
Coūcels,Councils
couch'd,couched
coucht,couched
couclude,conclude
cou'd,could
couenant,covenant
couenanted,covenanted
couenanteth,covenanteth
couenanting,covenanting
couenants,covenants
couenaunt,covenant
couenaunte,covenant
couenauntes,covenants
Couent,Convent
Couentry,Coventry
couerd,covered
Couerdale,Coverdale
couered,covered
couereth,covereth
couering,covering
couerings,coverings
couersion,conversion
couert,covert
couertly,covertly
couet,covet
couete,covet
coueted,coveted
coueteousnes,covetousness
coueteth,coveteth
couetice,covetise
coueting,coveting
Couetise,Covetise
couetous,covetous
couetoushesse,covetousness
couetously,covetously
couetousnes,covetousness
couetousnesse,coveteousness
Couetuousnes,Covetousness
couldest,could
coule,cowl
coules,cowls
coulor,color
coulour,color
coulours,colors
councel,council
Councell,Council
councelled,counseled
councelles,councils
Councellour,Counselor
Councellours,Counselors
councells,councils
councels,counsels
counciler,counselor
councilour,counselor
counsaill,counsel
Counsailour,Counselor
counsall,counsel
counsayl,counsel
counsayled,counseled
counsel'd,counseled
counselled,counseled
counsellor,counselor
Counsellors,Counselors
counsellour,counselor
Counsil,Council
counte,count
countenaunce,countenance
counterballance,counterbalance
counterfait,counterfeit
counterfaite,counterfeit
counterfaiting,counterfeiting
counterfayted,counterfeited
counterfeite,counterfeit
counterfet,counterfiet
counterfets,counterfeits
counterfetted,counterfeited
counterfeyted,counterfeited
counterfeyting,counterfeiting
counterseit,counterfeit
countervaile,countervail
Countesse,Countess
countie,county
countreies,countries
countreis,countries
Countreyes,Countries
Countreyman,Countryman
countreys,countries
countriman,countryman
Countrimen,Countrymen
country men,countrymen
countrye,country
Countryes,Countries
couragiously,courageously
cours,course
coursarie,cursory
coursely,coarsely
coursest,coarsest
courte,court
courtes,courts
courtesie,courtesy
courteus,courteous
Courtezan,Courtesan
couselor,counselor
cousen,cozen
cousenage,cozenage
cousened,cozened
cousening,cozening
couzenage,cozenage
couzened,cozened
couzning,cozening
covenaunt,covenant
cover'd,covered
coversation,conversation
coveteous,covetous
coveteousnes,covetousness
coveteousness,covetousness
coveteousnesse,covetousness
covetonsnesse,covetousness
covetousnes,covetousness
covetousnesse,covetousness
covetuous,covetous
covetuousnesse,covetousness
Covnant,Covenant
Covnterpoyson,Counterpoison
Covntry,Country
cowardise,cowardice
cowardize,cowardice
cowardlines,cowardliness
cowardlinesse,cowardliness
cowes,cows
coyned,coined
coyning,coining
Coyns,Coins
crackt,cracked
Craesus,Croesus
craftely,craftily
craftes,crafts
craftie,crafty
craftilie,craftily
craftines,craftiness
craftinesse,craftiness
craftye,crafty
craggednes,craggedness
craggie,craggy
cram'd,crammed
cramm'd,crammed
cramme,cram
cranford,Cranford
cranies,crannies
Cranmers,Cranmer's
crased,crazed
crasty,crafty
craue,crave
craued,craved
crauens,cravens
craueth,craveth
crauing,craving
crav'd,craved
creacion,creation
creame,cream
createth,creates
creatur,creature
creaturs,creatures
cred,creed
creddit,credit
crede,creed
credite,credit
creditours,creditors
credulitie,credulity
creede,creed
creedes,creeds
creepe,creep
Creet,Crete
Creete,Crete
crepte,crept
cretians,Cretians
creture,creature
crevis,crevice
crevise,crevice
crevises,crevices
cribbe,crib
cri'd,cried
crie,cry
crieng,crying
crimsin,crimson
cripled,crippled
Criples,Cripples
Crispe,Crisp
Crist,Christ
criticall,critical
criticisme,criticism
Criticks,Critics
Croce,Cross
croked,crooked
croking,croaking
Cromwel,Cromwell
Cromwels,Cromwell's
Cron,Chron
cronicles,Chronicles
crookednes,crookedness
crookednesse,crookedness
croookednesse,crookedness
croppe,crop
crosly,crossly
cross'd,crossed
crosse,cross
crossenesse,crossness
crosseth,crosses
croud,crowd
crouded,crowded
crouds,crowds
crovvne,crown
crovvned,crowned
crowde,crowd
crowes,crows
crownd,crowned
crown'd,crowned
crowne,crown
Crownes,Crowns
crowneth,crowns
crucifi'd,crucified
crucifie,crucify
crucifixe,crucifix
crucify'd,crucified
crucifyed,crucified
crucifyers,crucifiers
crue,crew
cruellie,cruelly
cruellye,cruelly
cruelte,cruelty
crum,crumb
crumme,crumb
crummes,crumbs
crums,crumbs
crush'd,crushed
crusifie,crucify
crvcified,crucified
crye,cry
cryer,crier
Cryers,Criers
cryest,criest
cryeth,crieth
cryme,crime
crymes,crimes
crys,cries
cubite,cubit
cubites,cubits
cudgeld,cudgeled
cudgell,cudgel
cuery,every
cuil,evil
culd,culled
Culdees,Chaldees
cull'd,culled
culters,coulters
cumbersom,cumbersome
cumbred,cumbered
cuntry,country
cupboord,cupboard
Cupbord,Cupboard
cupbords,cupboards
cupp,cup
cuppe,cup
Curats,Curates
curbe,curb
curelesse,cureless
curiose,curious
curiositie,curiosity
curiouslie,curiously
currantly,currently
curre,cur
curs'd,cursed
cursednes,cursedness
cursednesse,cursedness
cursse,curse
curssed,cursed
cursses,curses
curst,cursed
curtayns,curtains
curteously,courteously
Curtisan,Courtesan
curtsie,curtsy
curuosity,curiosity
cushi,Cushi
custodie,custody
custodye,custody
customarie,customary
cutt,cut
cutte,cut
Cvriosity,Curiosity
cymball,cymbal
Cynicks,Cynics
cyphars,ciphers
Cypresse,Cypress
cyprian,Cyprian
Cyrill,Cyril
cyte,city
cyted,cited
cyties,cities
cytisens,citizens
cytye,city
cyuill,civil
daemone,demon
daiely,daily
daies,days
daigne,deign
dained,deigned
daintie,dainty
Dalila,Delilah
Dalilah,Delilah
dallyed,dallied
damation,damnation
damatis,Damaris
dammages,damages
dammes,dams
damnacion,damnation
damn'd,damned
damnes,damns
damnifie,damnify
Damosell,Damsel
dampe,damp
dampes,damps
dampnable,damnable
dampnacion,damnation
dampnation,damnation
dampned,dampened
dampt,damped
damsell,damsel
dan,Dan
Danaeus,Danaus
dangerousnes,dangerousness
daniel,Daniel
daniell,Daniel
Daniels,Daniel's
danse,dance
dansed,danced
danser,dancer
danses,dances
danseth,dances
dansing,dancing
dansings,dancings
danted,daunted
dapp,dap
darcke,dark
darckenes,darkness
darckenesse,darkness
darcknes,darkness
darcknesse,darkness
dar'd,dared
darest,dare
darke,dark
darkely,darkly
darken'd,darkened
darkenes,darkness
darkenesse,darkness
darkesome,darksom
darkned,darkened
darknes,darkness
darknesse,darkness
darkneth,darkeneth
darkr,darker
darnell,darnel
darre,dare
dar'st,darest
dash'd,dashed
dashe,dash
dasht,dashed
dathan,Dathan
datiue,dative
daugh,daughter
dauid,David
dauids,David's
daunced,danced
dauncer,dancer
dauncers,dancers
daunces,dances
dauncing,dancing
daunger,danger
daungerous,dangerous
daungerously,dangerously
daungers,dangers
Dauyd,David
dawb,daub
dawbed,daubed
dawbing,daubing
Dawes,Daws
dawne,dawn
day-break,daybreak
daye,day
dayis,days
daylie,daily
dayly,daily
daylye,daily
day-time,daytime
dazeld,dazzled
dazeled,dazzled
dazeleth,dazzleth
dazeling,dazzling
dazell,dazzle
dazels,dazzles
dazled,dazzled
dazles,dazzles
deade,dead
deaded,deadened
deadlie,deadly
deadlinesse,deadliness
deadlye,deadly
deadned,deadened
deadnes,deadness
deadnesse,deadness
deafenes,deafness
Deafenesse,Deafness
deaffe,deaf
deafnesse,deafness
deales,deals
dealeth,deals
dealinge,dealing
dealinges,dealings
dealte,dealt
dealyng,dealing
Deam,Deem
Deane,Dean
Deanes,Deans
deapth,depth
deare,dear
dearenesse,dearness
dearnesse,dearness
dearr,dear
deathe,death
deathes,deaths
deathlesse,deathless
deaw,dew
deaws,dews
debar'd,debarred
debarr'd,debarred
debauch'd,debauched
debaucht,debauched
debilitie,debility
Debora,Deborah
debte,debt
debter,debtor
debters,debtors
debtes,debts
debtour,debtor
debtours,debtors
debttors,debtors
decaied,decayed
decaies,decays
decay'd,decayed
decaye,decay
decayes,decays
deceas'd,deceased
deceaued,deceived
deceaued*,deceived
deceauer,deceiver
deceave,deceive
deceaved,deceived
deceiptfull,deceitful
deceiptfully,deceitfully
deceipts,deceits
deceite,deceit
deceites,deceits
deceitfull,deceitful
Deceitfulnesse,Deceitfulness
deceiue,deceive
deceiueable,deceiveable
deceiueablenesse,deceivableness
deceiued,deceived
deceiuer,deceiver
deceiuers,deceivers
deceiues,deceives
deceiuest,deceivest
deceiuing,deceiving
deceivablenesse,deceivableness
deceiv'd,deceived
deceiveablenesse,deceiveableness
deceive'd,deceived
deceivest,deceive
decencie,decency
decerne,discern
deceued,decieved
deceyt,deceit
deceytfull,deceitful
deceyue,deceive
deceyued,deceived
deceyueth,deceiveth
deceyvers,deceivers
decieve,deceive
decieved,deceived
deck'd,decked
deckt,decked
declair,declare
declame,declaim
declar'd,declared
declaryng,declaring
declin'd,declined
declineth,declines
declyning,declining
decre,decree
decreede,decreed
decreeth,decrees
decrepid,decrepit
decrepite,decrepit
decretall,decretal
Decretalls,Decretals
decryed,decried
decsribed,described
decypher,decipher
decyphered,deciphered
dedes,deeds
deduc'd,deduced
deduceable,deducible
deede,deed
deedes,deeds
deem'd,deemed
deepe,deep
deepely,deeply
deepenesse,deepness
deepes,deeps
deeplie,deeply
deepnes,deepness
deerely,dearly
deerer,dearer
deerest,dearest
deerly,dearly
deeth,death
defaceth,defaces
defaulte,default
defeate,defeat
defectes,defects
defectiue,defective
defence,defense
defenced,defensed
Defendaunt,Defendant
defendeth,defends
Defendor,Defender
defendour,defender
defendyng,defending
defens,defense
defensiue,defensive
deferd,deferred
defer'd,deferred
deferr,defer
deferre,defer
deferres,defers
defie,defy
defin'd,defined
defineth,defines
definit,definite
definitiue,definitive
definitiuely,definitively
defire,desire
defloured,deflowered
deflouring,deflowering
deflowred,deflowered
deflowring,deflowering
deform'd,deformed
deforme,deform
deformes,deforms
deformitie,deformity
defraude,defraud
defye,defy
defyle,defile
defyled,defiled
degre,degree
deid,deed
deiect,deject
deiected,dejected
deiectednes,dejectedness
deietie,Deity
deifie,defy
deigne,deign
deir,dear
deith,death
deitie,deity
dejectednesse,dejectedness
delaie,delay
delaied,delayed
delaies,delays
delay'd,delayed
delaye,delay
delayes,delays
delectatione,delectation
deleuer,deliver
deliberat,deliberate
deliberatly,deliberately
delibertion,deliberation
delibetation,deliberation
delicacie,delicacy
delicatelie,delicately
delighte,delight
delighteth,delights
delightfull,delightful
delightsom,delightsome
delite,delighted
delited,delighted
delites,delights
deliteth,delighteth
deliuer,deliver
deliuerance,deliverance
deliuerances,deliverances
deliuered,delivered
deliuereth,delivereth
deliuerie,delivery
deliuering,delivering
deliuers,delivers
deliuery,delivery
deliverd,delivered
deliver'd,delivered
delivereth,delivers
deliverie,delivery
Delphick,Delphic
Delphos,Delphi
delt,dealt
delyght,delight
delyte,delight
delyuer,deliver
delyueraunce,deliverance
delyuered,delivered
demaine,domain
demande,demand
demandeth,demands
demau,demands
demaunde,demand
demaunded,demanded
demaunding,demanding
demaunds,demands
demeanours,demeanors
demeanure,demeanor
demensions,dimensions
demerite,demerit
demerites,demerits
demetrius,Demetrius
deminish,diminish
Democracie,Democracy
Democraticall,Democratical
Democratie,Democracy
demolish'd,demolished
demoniacks,demoniacs
demonstratiuelie,demonstratively
demonstratiuely,demonstratively
demurr,demur
demurres,demurs
deneyeth,denieth
deniall,denial
denialls,denials
deni'd,denied
denie,deny
denieng,denying
denieth,denies
Denisons,Denizens
deniyng,denying
Denne,Den
denounc'd,denounced
denuntiation,denunciation
denyal,denial
denyall,denial
denyalls,denials
denyals,denials
deny'd,denied
denye,deny
denyers,deniers
denyes,denies
denyest,deniest
denyeth,denieth
depar,depart
departe,depart
departeth,departs
departyng,departing
depely,deeply
dependances,dependencies
dependancies,dependencies
depende,depend
dependencie,dependency
dependes,depends
dependeth,depends
deply,deeply
depos'd,deposed
deposite,deposit
Deprauators,Depravators
depraue,deprave
depraueth,depraveth
deprauing,depraving
deprav'd,depraved
depravednesse,depravedness
depress'd,depressed
depresse,depress
depriuation,deprivation
depriue,deprive
depriued,deprived
depriues,deprives
depriueth,depriveth
depriv,deprive
deprive'd,deprived
depthes,depths
derely,dearly
deriue,derive
deriues,derives
deriueth,derives
deriuing,deriving
deriv'd,derived
deriveed,derived
derogatorie,derogatory
desart,desert
descende,descend
Descendunt,Descendant
descendyng,descending
descerned,discerned
Desciples,Disciples
describ'd,described
describeth,describes
descrie,descry
descrybed,described
descryed,descried
desease,disease
deseases,diseases
desend,descend
deserte,desert
desertes,deserts
deserue,deserve
deserued,deserved
deseruedly,deservedly
deseruedst,deserved
deseruer,deserver
deserues,deserves
deseruest,deserve
deseruing,deserving
deseruinges,deservings
deseruingly,deservingly
deseruings,deservings
deseruyng,deserving
deseruynges,deservings
deserv,deserve
deserve'd,deserved
desiered,desired
design'd,designed
designement,designment
designeth,designs
Desilement,Defilement
desine,design
desirablenesse,desireableness
desireable,desirable
desireous,desirous
desirest,desires
desireth,desires
desiryng,desiring
desolution,dissolution
despaire,despair
despaires,despairs
desparate,desperate
desparation,desperation
desparing,despairing
despayre,despair
desperat,desperate
desperatenesse,desperateness
desperatly,desperately
despight,despite
despiseth,despises
despitefull,despiteful
desposing,disposing
despyse,despise
despysed,despised
destinction,distinction
destinie,destiny
destroie,destroy
destroied,destroyed
destroieng,destroying
destroies,destroys
destroyd,destroyed
destroy'd,destroyed
destroye,destroy
destroyest,destroy
destruccion,destruction
desyres,desires
desyreth,desireth
desyrous,desirous
detain'd,detained
detayned,detained
deteined,detained
deteining,detaining
deter'd,deterred
determin,determine
determin'd,determined
determine'd,determined
determins,determines
determyne,determine
determyned,determined
deterr,deter
deteyned,detained
deth,death
dethe,death
detracters,detractors
detractory,detractory
detters,debtors
dettes,debts
deu.,Deuteronomy
deuastation,devastation
deuelish,devilish
deuell,devil
deuices,devices
deuided,divided
deuideth,divideth
deuil,devil
deuilish,devilish
deuilishe,devilish
deuill,devil
deuilles,devils
deuills,devils
deuils,devils
deuise,devise
deuiser,deviser
deuises,devises
deuiseth,devises
deuising,devising
deuision,division
deuolued,devolved
Deuonshire,Devonshire
deuote,devote
deuoted,devoted
deuotion,devotion
deuotions,devotions
deuour,devour
deuoure,devour
deuoured,devoured
deuourer,devourer
deuourers,devourers
deuoures,devours
deuouring,devouring
deuoute,devout
deuoutly,devoutly
deut,Deuteronomy
deuter.,Deuteronomy
deutr.,Deuteronomy
deuyded,divided
devillishly,devilishly
Devine,Divine
devis'd,devised
devized,devised
devotionall,devotional
devour'd,devoured
devoure,devour
dewes,dew
dewtie,duty
dewty,duty
dexteritie,dexterity
dgree,degree
diabolicall,diabolical
diagoras,Diagoras
dialecticall,dialectical
diametrially,diametrically
diciples,disciples
dictats,dictates
di'd,died
didde,did
diddest,did
didest,didst
didistracted,distracted
didss,didst
did'st,didst
didstrelie,did rely
dieth,dies
diffamed,defamed
differeces,differences
differentiall,differential
differeth,differs
differred,deferred
difficultie,difficulty
difilement,defilement
dig'd,digged
digesteth,digests
digestiue,digestive
digg,dig
dignifi'd,dignified
dignite,dignity
dignitie,dignity
dignitye,dignity
dignityes,dignities
digresse,digress
dilectione,dilection
dilicacies,delicacies
diligentlie,diligently
dilligence,diligence
dilligently,diligently
diminishe,diminish
diminnish,diminish
dimm,dim
dimme,dim
dimnesse,dimness
dimsighted,dim-sighted
dimunition,diminution
dina,Dina
Dinahs,Dinah's
Diocaesan,Diocesan
dioces,diocese
Diocesane,Diocesan
Diocesanes,Diocesans
Diocess,Diocese
Diocesse,Diocese
Diodor,Diodorus
diogenes,Diogenes
dip'd,dipped
dipp'd,dipped
directe,direct
directer,director
directes,directs
directlie,directly
directorie,directory
direfull,direful
dirtie,dirty
disabilitie,disability
disablenesse,disableness
disagree,disagree
disalow,disallow
disalowed,disallowed
disannul'd,disannulled
disannull,disannul
disanul,disannul
disanull,disannul
disanulling,disannulling
disapointed,disappointed
disappeare,disappear
disarm'd,disarmed
disarme,disarm
Dis-burdened,Disburdened
disbursments,disbursements
disburthened,disburdened
discend,descend
discended,descended
discent,descent
discernable,discernible
discernd,discerned
discern'd,discerned
discernes,discerns
discerneth,discerns
discharg'd,discharged
disciplin,discipline
discipline'd,disciplined
disclaim'd,disclaimed
disclaimes,disclaims
discolour'd,discolored
disconsolatenesse,disconsolateness
discontentednesse,discontentedness
discorde,discord
discordes,discords
discouer,discover
discouered,discovered
Discouerer,Discoverer
discouerie,discovery
discouering,discovering
discouers,discovers
discouery,discovery
discourag'd,discouraged
discouragments,discouragements
discoverd,discovered
discover'd,discovered
discoverie,discovery
discredite,discredit
discreete,discreet
discrepance,discrepancy
discribe,describe
discribed,described
discry,descry
discusse,discuss
discust,discussed
disdain'd,disdained
disdainefull,disdainful
disdaines,disdains
disdayne,disdain
disdayned,disdained
disdayning,disdaining
disdein,disdain
disesteeme,disesteem
disgest,digest
disgested,digested
disgrac'd,disgraced
disgracefull,disgraceful
disharten,dishearten
disheartned,disheartened
disherit,disinherit
dishonestie,dishonesty
dishonor'd,dishonored
dishonoreth,dishonors
dishonour,dishonor
dishonourable,dishonorable
dishonourest,dishonorest
dishonoureth,dishonoreth
dishonouring,dishonoring
dishonours,dishonors
disinabled,disenabled
disingage,disengage
disinherite,disinherit
disintangled,disentangled
disioyne,disjoin
disiunction,disjunction
disjoyn,disjoin
disjoyned,disjoined
disjoynted,disjointed
disjoynting,disjointing
disloyaltie,disloyalty
dismaid,dismayed
dismaide,dismayed
dismaied,dismayed
dismay'd,dismayed
dismembred,dismembered
dismembring,dismembering
dismiss'd,dismissed
dismisse,dismiss
dismist,dismissed
disorderlinesse,disorderliness
disordred,disordered
disowne,disown
‎dispair,despair
dispaire,despair
dispaires,despairs
disparest,despairest
dispatch'd,dispatched
dispatche,dispatch
dispatcht,dispatched
dispayre,despair
dispearsed,dispersed
dispel'd,dispelled
dispence,dispense
dispenced,dispensed
Dispencers,Dispensers
dispenceth,dispenseth
dispencing,dispensing
dispens'd,dispensed
disperats,disperates
dispise,despise
dispised,despised
dispiseth,despiseth
dispising,despising
dispite,despite
displaid,displayed
displaie,display
displaied,displayed
displeas'd,displeased
displeaseth,displeases
dispoiled,despoiled
disposall,disposal
disposednesse,disposedness
disposeth,disposes
dispossesse,dispossess
dispossest,dispossessed
disprayse,dispraise
disproofe,disproof
disprooue,disprove
disprooued,disproved
disproue,disprove
disputacion,disputation
disputest,dispute
disputeth,disputes
disputyng,disputing
disquietnes,disquietness
disquietnesse,disquietness
disregarde,disregard
dissanull,disannul
dissemblyng,dissembling
dissentanie,dissenting
dissertion,dissertation
disseuered,dissevered
disshonour,dishonor
Dissinesse,Dizziness
dissolue,dissolve
dissolued,dissolved
dissolutenes,dissoluteness
dissolutenesse,dissoluteness
dissolv'd,dissolved
dissposession,dispossession
disstresse,distress
dissvvasiue,dissuasive
disswade,dissuade
disswaded,dissuaded
disswades,dissuades
disswading,dissuading
disswasion,disuasion
disswasions,dissuasions
distaffe,distaff
distast,distaste
distastefull,distasteful
distasts,distastes
distaunce,distance
Distick,Distich
distincte,distinct
distinctiue,distinctive
distinctiuly,distinctively
distinctnesse,distinctness
distinguishe,distinguish
distractednesse,distractedness
distreined,distrained
distres,distress
distresse,distress
distrestes,distresses
districte,district
distroy,destroy
distroyed,destroyed
distruction,destruction
distrustfull,distrustful
distrustfulnes,distrustfulness
Distrustfulnesse,Distrustfulness
disturbaunce,disturbance
disturb'd,disturbed
disturbe,disturb
diswade,dissuade
Ditanie,Dittany
diue,dive
diuells,devils
diuels,devils
diuers,diverse
diuersely,diversely
diuersifieth,diversifieth
diuersifying,diversifying
diuersitie,diversity
diuersities,diversities
diuersity,diversity
diuert,divert
diuerted,diverted
diuerts,diverts
diues,dives
diuide,divide
diuided,divided
diuides,divides
diuideth,divideth
diuiding,dividing
Diuill,Devil
Diuils,Devils
diuinations,divinations
diuine,divine
diuinely,divinely
diuines,divines
diuining,divining
diuinitie,divinity
diuision,division
diuisions,divisions
diuorce,divorce
diuorse,divorse
diuorsed,divorsed
diuyne,divine
divel,devil
divelish,devilish
Divell,Devil
divellish,devilish
Divells,Devils
Divels,Devils
diversifie,diversify
diversitie,diversity
diversly,diversely
Divil,Devil
Divill,Devil
Divisiblenesse,Divisibleness
divisione,division
divolved,devolved
divulg'd,divulged
doate,dote
Doctour,Doctor
Doctours,Doctors
doctrin,doctrine
doctrina,doctrine
doctrins,doctrines
doctryne,doctrine
Doderidge,Doddridge
doe,do
Doegs,Doeg's
doeing,doing
doen,done
doest,do
doethe,doth
doggelike,dog-like
Dogges,Dogs
doggs,dogs
dogmaticall,dogmatical
Dogmes,Dogmas
doinge,doing
dois,dost
Dolphiny,Dauphiné
domestical,domestical
domesticall,domestical
Domestique,Domestic
domineere,domineer
domynion,dominion
Donatisme,Donatism
Donatistes,Donatists
doo,do
dooe,do
dooen,done
dooer,doer
dooers,doers
dooest,doest
dooeth,doth
dooing,doing
dooings,doings
doom'd,doomed
doomes,dooms
Doomesdaye,Doomsday
doone,done
doore,door
doost,dost
dooth,does
doothe,doth
dooue,dove
do'st,doest
doublenesse,doubleness
doubte,doubt
doubtes,doubts
doubteth,doubts
doubtfull,doubtful
doubtfulnes,doubtfulness
doubtfulnesse,doubtfulness
doubtings,doubtings
doubtles,doubtless
doubtlesse,doubtless
doubtyng,doubting
doue,dove
Douer,Dover
doues,doves
doughters,daughters
doun,down
doune,down
doung,dung
doute,doubt
douted,doubted
doutfull,doubtful
douting,doubting
dovbt,doubt
dovbtfvll,doubtful
dovvne,down
Doway,Douay
dowbt,doubt
dowbte,doubt
downe,down
downefall,downfall
downefalls,downfalls
downeward,downward
downewards,downwards
downfal,downfall
downfals,downfalls
dowrie,dowry
dowt,doubt
Doxologie,Doxology
doyng,doing
doynges,doings
draffe,draff
drag'd,dragged
dragg'd,dragged
dragge,drag
Dragoones,Dragoons
draue,drave
dravv,draw
draw̄,drawn
drawe,draw
drawen,drawn
drawes,draws
drawne,drawn
drawyng,drawing
drayne,drain
dreadfull,dreadful
dreadfulnesse,dreadfulness
dream'd,dreamed
dreames,dreams
dreamit,dreamed
dream't,dreamed
dregges,dregs
dreggs,dregs
drempt,dreamed
drencht,drenched
dress'd,dressed
dresse,dress
drest,dressed
drewe,drew
drie,dry
drinck,drink
drincke,drink
driness,dryness
drinke,drink
drinkes,drinks
drinketh,drinks
drinkyng,drinking
driue,drive
driuen,driven
driueth,driveth
driuing,driving
driuking,drinking
driv'n,driven
droans,drones
dronken,drunk
dronkennes,drunkenness
droonke,drunk
droonken,drunken
droonkennesse,drunkeness
drop'd,dropped
droping,dropping
dropit,dropped
droppe,drop
dropsie,dropsy
dros,dross
droue,drove
drousinesse,drousiness
drousy,drowsy
drown'd,drowned
drowne,drown
drownes,drowns
drowsinesse,drowsiness
drowth,drouth
drowzie,drowsy
drowzinesse,drowsiness
drowzy,drowsy
drudgerie,drudgery
drugges,drugs
Druides,Druids
Drummes,Drums
drunkardes,drunkards
drunke,drunk
drunkenesse,drunkenness
Drunkenne,Drunken
drunkennes,drunkenness
dryed,dried
drynesse,dryness
drynke,drink
dryue,drive
dryuen,driven
dryueth,driveth
Dsiunction,Disjunction
duall,dual
dubble,double
Ducates,Ducats
Duckes,Ducks
Duckets,Ducats
duell,duel
dueries,duties
duetie,duty
dueties,duties
duetifull,dutiful
duety,duty
duetye,duty
Dukedome,Dukedom
Dukedomes,Dukedoms
dul,dull
dulie,duly
dull'd,dulled
dullnesse,dullness
Dulness,Dullness
Dulnesse,Dulness
dumbnesse,dumbness
dumme,dumb
dumpes,dumps
dunge,dung
dunghil,dunghill
dunghils,dunghills
duplicat,duplicate
durablenesse,durableness
Durandus,Durand
durste,durst
durty,dirty
duryng,during
duste,dust
dutie,duty
dutifull,dutiful
dutifullnesse,dutifulness
dutifulnesse,dutifulness
dutye,duty
dutyes,duties
dvvelleth,dwelleth
dvvelling,dwelling
dwarfe,dwarf
dwelles,dwells
dwelleth,dwells
dwellyng,dwelling
dwels,dwells
Dyal,Dial
dyall,dial
dyd,did
dy'd,died
dydde,did
dye,die
dyed,died
dyes,dies
dyest,diest
dyeth,dieth
dyrtye,dirty
dysciplyne,discipline
dysclosynge,disclosing
dyuell,devil
dyuers,divers
eache,each
eaith,faith
earely,early
eares,ear
Earldome,Earldom
earle,earl
Earledome,Earldom
Earles,Earls
earlie,early
earne,earn
earneste,earnest
earnestlie,earnestly
earnestlye,earnestly
earnestnes,earnestness
earnestnesse,earnestness
Eartb,Earth
earthe,earth
earthie,earthy
earthlinesse,earthliness
eas,ease
ease'd,eased
easefull,easeful
easelie,easily
easelier,easilier
easely,easily
easelye,easily
easilie,easily
easilier,easilier
easilye,easily
easilyer,easilier
easines,easiness
easly,easily
Easte,East
Easterne,Eastern
easton,Easton
easye,easy
easyer,easier
eat̄,eaten
eate,eat
eates,eats
eateth,eats
eatinge,eating
eatyng,eating
eatynge,eating
eaven,even
eb,ebb
Eball,Ebal
ebbes,ebbs
Ebrewes,Hebrews
Ebrietie,Ebriety
Ebrue,Hebrew
Ebrues,Hebrews
ecause,because
Eccho,Echo
ecchoes,echoes
eccles.,Ecclesiastes
ecclesiastes,
Ecclesiasticke,Ecclesiastic
Ecclesiasticks,Ecclesiastics
Ecclesiastique,Ecclesiastic
ecclipse,eclipse
ecdification,edification
echo'd,echoed
Eclips,Eclipse
eclips'd,eclipsed
eclypseth,eclipseth
ecstacy,ecstasy
ecstasie,ecstasy
edefying,edifying
eden,Eden
Edenborough,Edinburgh
Edenburgh,Edinburgh
edg,edge
Edictes,Edicts
edifie,edify
edifieng,edifying
edifyed,edified
Edinborough,Edinburgh
edinbvrgh,Edinburgh
Edmonds,Edmond's
Edome,Edom
edomices,Edomites
edomites,Edomites
edumean,Idumean
edumeans,Idumeans
Edwarde,Edward
Edwardes,Edward's
Edwine,Edwin
Edwyne,Edwin
edyfying,edifying
Eeclesiasticall,Ecclesiastical
Eeles,Eels
e'en,even
e'er,ever
Eeues,Eves
effecte,effect
effectiue,effective
effectuall,effectual
effectuallie,effectually
effectualnesse,effectualness
efficacie,efficacy
efficatious,efficacious
eftsoones,eftsoons
eged,edged
egerly,eagerly
Egge,Egg
egges,eggs
egipt,Egypt
Egipte,Egypt
egiptian,Egyptians
egiptians,Egyptians
Egle,Eagle
Egles,Eagles
egresse,egress
Egypte,Egypt
egyptian,Egyptian
Egypts,Egypt's
Egytian,Egyptian
ehud,Ehud
Ehuds,Ehud’s
eiaculations,ejaculations
eie,eye
eiected,ejected
eies,eyes
eighteene,eighteen
eightie,eighty
Eightly,Eighthly
eigth,eight
eirher,either
eit,eight
eite,eight
eithet,either
elbowes,elbows
eldershyp,eldership
eleauenth,eleventh
Eleazer,Eleazar
electe,elect
electeth,elects
elegancie,elegancy
Elegie,Elegy
elementall,elemental
elementes,elements
elench,elenchus
eleuated,elevated
eleuating,elevating
eleuation,elevation
eleuen,eleven
eleuenth,eleventh
Eleuenthly,Eleventhly
eleueth,eleventh
eli,Eli
Eliah,Elijah
elias,Elias
elicite,elicit
Elie,Eli
Elieser,Eliezer
elihu,Elihu
Elis,Eli’s
Elishaes,Elisha's
elizabeth,Elizabeth
Elizabeths,Elizabeth's
Elizaeus,Elisha
Elizeus,Elisha
elkanah,Elkanah
Elme,Elm
els,else
Elshaddai,El Shaddai
elss,else
elswher,elsewhere
elswhere,elsewhere
Elye,Eli
Elyes,Eli’s
'em,them
Emanuel,Immanuel
Emanuell,Immanuel
Emaus,Emmaus
embassadors,ambassadors
Embassadour,Ambassador
Embassadours,Ambassadors
Embassie,Embassy
embleme,emblem
emblemes,emblems
‎emboulden,embolden
embrac'd,embraced
embrased,embraced
Embrio,Embryo
embroydered,embroidered
embroyled,embroiled
eminencie,eminency
emonge,among
emonges,amongst
emongest,amongst
empairs,impairs
Emperial,Imperial
Emperoure,Emperor
Emperoures,Emperors
emphaticall,emphatical
Empirickes,Empirics
emploieth,employeth
emploiment,employment
emploiments,employments
employes,employs
empowred,empowered
empoysoned,empoisoned
emprove,improve
emptie,empty
emptinesse,emptiness
emptyed,emptied
Empyre,Empire
emtinesse,emptiness
emty,empty
enammelings,enamellings
enamour'd,enamored
enamoured,enamored
enarration,enarration
encampe,encamp
enciteth,inciteth
enclin'd,inclined
enclined,inclined
enclines,inclines
enclineth,inclineth
enclining,inclining
enclos'd,enclosed
encomber,encumber
encombred,encumbered
encombring,encumbering
encompasse,encompass
encompast,encompassed
encountred,encountered
encountring,encountering
encourag'd,encouraged
encourageis,encourage is
encouragment,encouragement
encreas'd,increased
encrease,increase
encreased,increased
encreases,increases
encreaseth,increaseth
encreasing,increasing
encrocheth,encroacheth
encumbred,encumbered
endammaged,endamaged
endear'd,endeared
endeauor,endeavor
endeauour,endeavor
endeauoured,endeavored
endeauoureth,endeavors
endeauouring,endeavoring
endeauours,endeavors
endeavor'd,endeavored
endeavoures,endeavors
endeavouring,endeavoring
endeavovr,endeavor
endes,ends
endeuored,endeavored
endeuoring,endeavoring
endeuour,endevor
endeuoure,endeavor
endeuoured,endeavored
Endeuoureth,Endevoureth
endevor,endeavor
endevored,endeavored
endevors,endeavors
endevour,endeavor
endevoured,endeavored
endevoureth,endeavoreth
endevouring,endeavoring
endevours,endeavors
endewed,endued
endictment,indictment
enditements,indictments
endles,endless
endlesse,endless
endow'd,endowed
enduced,induced
endureth,endures
endyting,inditing
enemie,enemy
enemins,enemies
eneruate,enervate
eneruates,enervates
enflameth,inflameth
enforc'd,enforced
enforme,inform
enformed,informed
enfoulded,enfolded
engadged,engaged
Engadgment,Engagement
Engadgments,Engagements
engag'd,engaged
engendred,engendered
engendreth,engenders
engendring,engendering
Engins,Engines
Englande,England
ENGLANDES,ENGLAND'S
Englands,England's
englished‎,Englished
Englond,England
Englysh,English
Englyshe,English
engraue,engrave
engraued,engraved
engrauen,engraven
engrosse,engross
enheritaunce,inheritance
enimie,enemy
enimies,enemies
enimitie,enmnity
enimity,enmity
enimyes,enemies
enioied,enjoyed
enioined,enjoined
enioy,enemies
enioye,enjoy
enioyed,enjoyed
enioyes,enjoys
enioyeth,enjoys
enioying,enjoying
enioyne,enjoin
enioyned,enjoined
enioynes,enjoins
enioyning,enjoining
enjoiment,enjoyment
enjoiments,enjoyments
enjoin'd,enjoined
enjoy'd,enjoyed
enjoyes,enjoys
enjoyest,enjoy
enjoyeth,enjoys
enjoyn,enjoin
enjoynes,enjoins
enjoyneth,enjoineth
enjoyning,enjoining
enjoyns,enjoins
enlarg'd,enlarged
enlighten'd,enlightened
enlightning,enlightening
enlightnings,enlightenings
enliuen,enliven
enmies,enemies
enmitie,enmity
ennemie,enemy
ennemies,enemies
ennemy,enemy
ennemyes,enemies
ennumeration,enumeration
enobled,ennobled
enobles,ennobles
enoch,Enoch
Enon,Aenon
enormitie,enormity
Enosh,Enoch
enoughe,enough
enow,enough
enowgh,enough
enowghe,enough
enquir'd,inquired
enquired,inquired
enquireth,inquireth
enquirie,enquiry
enquirry,inquiry
enrag'd,enraged
enritched,enriched
Ensignes,Ensigns
enspheares,enspheres
ensueing,ensuing
entail'd,entailed
Entayl,Entail
entayled,entailed
entecedent,antecedent
entend,intend
entende,intend
entended,intended
entending,intending
enterance,entrance
Enterludes,Interludes
enterpryse,enterprise
entertaine,entertain
entertainement,entertainment
entertayne,entertain
entertayned,entertained
enterteined,entertained
enterwoven,interwoven
enthrald,enthralled
Enthusiasme,Enthusiasm
enthusiasmes,enthusiasms
enthusiasticall,enthusiastical
Enthusiastick,Enthusiastic
enticeth,entices
entirenesse,entireness
entise,entice
entised,enticed
entisement,enticement
entisements,enticements
entituling,entitling
Entrailes,Entrails
entrals,entrails
entraunce,entrance
entreates,entreats
entreatie,entreaty
entreprise,enterprise
entrest,enterest
entring,entering
entryng,entering
entyre,entire
enueigle,inveigle
enuenoming,envenoming
enuie,envy
enuied,envied
enuies,envies
enuieth,envieth
enuious,envious
enuironed,environed
Enuntiations,Enunciation
enuy,envy
enuye,envy
enuying,envying
envie,envy
envyed,envied
envyeth,envieth
ephesians,Ephesians
Ephisus,Ephesus
ephraim,Ephraim
Ephraims,Ephraim's
Ephramites,Ephraimites
Ephrata,Ephratah
epidemiall,epidemial
epigrammes,epigrams
epiphan,Epiphany
Epiphanie,Epiphany
epiphanius,Epiphanius
Episcopacie,Episcopacy
Episcopall,Episcopal
Episcopi,Episcopy
Epitaphes,Epitaphs
Epithete,Epithet
Epithetes,Epithets
epithite,epithet
epitomie,epitomy
Epyrus,Epirus
equal'd,equaled
equalitie,equality
equallize,equalize
Equinoctiall,Equinoctial
equiualent,equivalent
equiuocating,equivocating
equivocall,equivocal
equivolent,equivalent
erable,enable
erasmus,Erasmus
Erastianisme,Erastianism
er'e,ere
Erle,Earl
err'd,erred
erres,errs
erreth,errs
erroneousnesse,erroneousness
erroneus,erroneous
erronious,erroneous
errore,error
erroure,error
errovr,error
esa,Isa.
esai,Isaiah
Esaiah,Isaiah
esaias,Isaiah
esaie,Isaiah
esan,Esau
esau,Esau
esaus,Esau's
ESAV,ESAU
Esaw,Esau
Esay,Isaiah
Esaye,Isaiah
Esayes,Isaiah’s
escap'd,escaped
Eschequer,Exchequer
eschewe,eschew
escheweth,eschews
eschue,eschew
eschued,eschewed
eshew,eschew
especiall,especial
especiallie,especially
especialy,especially
espie,espy
espowsed,espoused
espye,espy
Esquier,Esquire
Esra,Ezra
Essaei,Isaiah
Essayes,Essays
essencial,essential
essenciall,essentially
essentiall,essential
essentialls,essentials
essoyned,essoined
establish'd,established
establishe,establish
establisht,established
estare,estate
estat,estate
esteemation,estimation
esteemd,esteemed
esteem'd,esteemed
esteemed,esteemed
esteemeth,esteems
esteme,esteem
estemed,esteemed
estemeth,esteemeth
Esthers,Esther's
estima,estimate
estimacion,estimation
estime,esteem
Estridge,Ostrich
eternall,eternal
eternaly,eternally
eternel,eternal
eternitie,eternity
Ethelred,Æthelred
ethick,ethic
Ethicks,Ethics
ethiks,ethics
ethiope,Ethiopic
Ethiopick,Ethiopic
Ethnick,Ethnic
Ethnicke,Ethnic
Ethnickes,Ethnics
ethnicks,ethnics
Ethnike,Ethnic
ethnikes,ethnic
ethniks,ethics
etymologie,etymology
euacuation,evacuation
euade,evade
Euah,Eve
euangelical,evangelical
euangelicall,evangelical
euangelist,evangelist
Euangeliste,Evangelist
Euangelistes,Evangelists
euangelists,evangelists
Euangell,Evangel
euasions,evasions
eucharisticall,eucharistical
Euclide,Euclid
eue,Eve
euel,evil
euell,evil
euelles,evils
euels,evils
euen,even
euenest,evenest
euening,even
Euensong,Evensong
euent,event
euentes,events
euents,events
euentuall,eventual
euentually,eventually
euer,ever
Euerard,Everard
eueri,every
euerie,every
euerlasting,everlasting
euerlastinge,everlasting
euerlastingly,everlastingly
euerlastingnes,everlastingness
euerlastyng,everlasting
euery,every
euerywhere,everywhere
euhansing,enhancing
euicted,evicted
euidence,evidence
euidences,evidences
euidenece,evidence
euident,evident
euidentlie,evidently
euidently,evidently
euidentlye,evidently
euil,evil
euill,evil
euilles,evils
euills,evils
euilly,evilly
euils,evils
euince,evince
euinced,evinced
euinceth,evinceth
Eu'n,Even
eunuches,eunuchs
euphrates,Euphrates
euripides,Euripides
eury,every
eu'ry,every
eusebius,Eusebius
euyl,evil
euyll,evil
euyls,evils
Evah,Eve
Evangelicall,Evangelical
Evangelick,Evangelic
Evangell,Evangel
Evengelists,Evangelists
evennesse,evenness
everie,every
every body,everybody
every one,everyone
every thing,everything
every where,everywhere
everyones,everyone's
evidenc'd,evidenced
evidentlie,evidently
evilles,evils
evills,evils
evilnesse,evilness
evinc'd,evinced
Ev'n,Even
evperience,experience
ev'rie,every
evyll,evil
exacte,exact
exacteth,exactes
examin,examine
examine'd,examined
Examitation,Examination
examyned,examined
exceadynge,exceeding
excede,exceed
exceding,exceeding
excedingly,exceedingly
excedyng,exceeding
excedynge,exceeding
exceede,exceed
exceedes,exceeds
exceedeth,exceeds
exceedinglie,exceedingly
exceedng,exceeding
exceedyng,exceeding
excel'd,excelled
excelent,excellent
excell,excel
excellencie,excellence
excellente,excellent
excellentlie,excellently
excelleth,excels
excells,excels
excepte,except
excercising,exercising
excesse,excess
excessiue,excessive
excessivelv,excessively
excessivenesse,excessiveness
exclusiue,exclusive
exclusiuely,exclusively
excommunicat,excommunicate
excus'd,excused
excuseable,excusable
excuseth,excuses
executeh,executeth
executeth,executes
executour,executor
executyng,executing
exellent,excellent
exemplarie,exemplary
exemplifie,exemplify
exercice,exercise
exercit,exercise
exercyse,exercise
exhibite,exhibit
exhorbitant,exorbitant
exhortacion,exhortation
exhortacyon,exhortation
exhortatorye,exhortatory
exhorte,exhort
exhorteth,exhorts
exhortyng,exhorting
exigents,exigence
existance,existence
existens,existents
existeth,exists
exo,Exodus
exod,Exodus
exorcismes,exorcisms
expel'd,expelled
expences,expenses
experimentall,experimental
explaines,explains
explanatione,explanation
explane,explain
explaned,explained
explaning,explaining
explayn,explain
explayned,explained
explicite,explicit
explicitely,explicitly
exploite,exploit
expos'd,exposed
Expositour,Expositor
Expositours,Expositors
expounde,expound
expoundes,expounds
expoundeth,expounds
expres,express
expressd,expressed
express'd,expressed
expresse,express
expresselie,expressly
expresseth,expresses
expresss,expresses
expressth,expresseth
exquilinus,Exquilinus
exspect,expect
exspecting,expecting
exspired,expired
exstinct,extinct
extasie,ecstacy
extasy,ecstasy
extende,extend
extendeth,extends
extention,extension
externallis,externally
externalls,externals
extinguish'd,extinguished
extinguisht,extinguished
extol'd,extolled
extoll,extol
extraordinarie,extraordinary
extraordinarilie,extraordinarily
extraordinay,extraordinary
extrauagant,extravagant
Extrauagants,Extravagants
extream,extreme
extreamely,extremely
extreames,extreams
extreamest,extremist
extreamitie,extremity
extreamities,extremities
extreamity,extremity
extreamly,extremely
extreams,extremes
extreeme,extreme
extreemest,extremest
extremly,extremely
extrinsecally,extrinsically
extrinsick,extrinsic
extrordinary,extraordinary
eyeis,eyes
eys,eyes
eyther,either
eze.,Ezekiel
Ezec,Ezek
ezech,Ezechiel
Ezechiah,Hezekiah
ezechias,Ezechiel
ezechiel,Ezekiel
Ezechiell,Ezekiel
Ezechiels,Ezekiel's
ezek,Ezechiel
Ezekiah,Hezekiah
Ezekias,Hezekiah
Ezekiell,Ezekiel
Ezekiels,Ezekiel's
ezra,Ezra
Fabricke,Fabric
Fabricks,Fabrics
fabulose,fabulous
fabulousnesse,fabulousness
fac'd,faced
facil,facile
facilitie,facility
facion,fashion
factes,facts
factour,factor
factours,factors
facultie,faculty
facvltie,faculty
fadome,fathom
Faelix,Felix
faid,said
faies,says
faieth,faith
faign,fain
faigned,feigned
faild,failed
fail'd,failed
failes,fails
faileth,fails
failth,faileth
fain'd,fained
faine,fain
fained,feigned
fainedlie,feignedly
fainedly,feinedly
faines,feigns
faineth,feigneth
faining,feigning
fainte,faint
faintnesse,faintness
faire,fair
fairely,fairly
fairenesse,fairness
Fairfaxes,Fairfax’s
fairnesse,fairness
faithfull,faithful
faithfullie,faithfully
faithfullnes,faithfulness
faithfullness,faithfulness
faithfullnesse,faithfulness
faithfulnes,faithfulness
faithfulnesse,faithfulness
faithles,faithless
faithsull,faithful
fal,fall
fale,fall
faleth,falleth
fallacie,fallacy
falle,fall
falles,falls
falleth,falls
fall'n,fallen
faln,fallen
falne,fallen
fals,FALSE
falsehode,falsehood
falsehoode,falsehood
falselie,falsely
falsenesse,falseness
falset,false
falshed,falsehood
falshode,falsehood
falshood,falsehood
falshoods,falsehoods
falsitie,falsity
falslie,falsly
falsly,falsely
falsness,falseness
falt,fault
faluation,salvation
fam'd,famed
famely,family
famile,family
familiaritie,familiarity
familiarlie,familiarly
familiarnesse,familiarness
familye,family
familyes,families
famin,famine
famish'd,famished
famisht,famished
fanaticall,fanatical
fanatick,fanatic
fancie,fancy
fancyed,fancied
fann'd,fanned
Fanne,Fan
fansie,fancy
fansied,fancied
fansies,fancies
fansy,fancy
fantasticall,fantastical
fantastick,fantastic
farder,farther
Farell,Farel
Farewel,Farewell
farforth,far forth
farme,farm
farmes,farms
farreforth,far forth
farte,far
farwell,farewell
fashion'd,fashioned
fasly,falsely
faste,fast
fasten'd,fastened
fastinge,fasting
fastn,fasten
fastned,fastened
fastneth,fasteneth
fastning,fastening
fastyng,fasting
fastynge,fasting
fatall,fatal
Fathar,Father
fatherlie,fatherly
fathome,fathom
fatnes,fatness
fatning,fattening
fatt,fat
fauer,favor
faulte,fault
faultie,faulty
faultlesse,faultless
faunes,fauns
fauning,fawning
fauor,favor
fauorable,favorable
fauorably,favorably
fauored,favored
fauorers,favorers
fauoreth,favoreth
fauour,favor
fauourable,favorable
fauourably,favorably
fauoure,favor
fauoured,favored
fauouredly,favoredly
fauourer,favorer
fauourers,favorers
fauoureth,favoreth
fauouring,favoring
fauourite,favorite
fauourites,favorites
fauours,favors
faustus,Faustus
fautes,faults
favlt,fault
favoreth,favors
favourable,favorable
favoure,favor
favoured,favored
favourer,favorer
favourers,favorers
favoureth,favoreth
favouring,favoring
favourites,favorites
favourits,favorites
fawne,fawn
fayethfull,faithful
fayl,fail
fayle,fail
fayled,failed
fayleth,faileth
fayling,failing
faylings,failings
fayn,fain
fayned,feigned
fayning,feigning
faynt,faint
faynts,faints
fayre,fair
fayrer,fairer
fayres,fairs
fayrest,fairest
fayth,faith
faythe,faith
faytheful,faithful
faythefull,faithful
faythful,faithful
faythfull,faithful
faythfully,faithfully
faythfulnesse,faithfulness
feale,feel
fealtie,fealty
fearce,fierce
feard,feared
fear'd,feared
feareful,fearful
fearefull,fearful
fearefully,fearfully
fearefulnes,fearfulness
Fearefulnesse,Fearfulness
fearelesse,fearless
feares,fears
fearest,fear
‎feareth,fears
fearfull,fearful
fearfulnesse,fearfulness
fearlesse,fearless
fearth,feareth
fearyng,fearing
fearynge,fearing
feaste,feast
feastes,feasts
feate,seat
feates,feats
feauer,fever
feaverish,feverish
feavor,fever
feble,feeble
Februarie,February
fede,feed
federall,federal
fedeth,feedeth
feeblenes,feebleness
feeblenesse,feebleness
feede,feed
feedes,feeds
feedest,feed
feedeth,feeds
feelds,fields
feeles,feels
feelest,feel
feeleth,feels
feighned,feigned
feighneth,feigneth
feigne,feign
feild,field
feilds,fields
feine,feign
feined,feigned
feirce,fierce
fel,fell
felde,field
feleth,feeleth
felf,self
felfe,self
felicitie,felicity
‎felicitye,felicity
feling,feeling
Felle,Fell
felloship,fellowship
fellovvship,fellowship
fellowe,fellow
fellowes,fellows
fellowmischiefes,fellow-mischiefs
felowes,fellows
felowshyp,fellowship
felte,felt
felyng,feeling
femall,female
fenne,fen
fense,fence
fensed,fenced
fenselesse,fenceless
fenses,fences
feoffement,feoffment
fertilitie,fertility
fertill,fertile
Fertillitie,Fertility
fertillity,fertility
feruencie,fervency
feruency,fervency
feruent,fervent
feruentlie,fervently
feruently,fervently
ferues,serves
feruiceable,serviceable
fervitude,servitude
fervour,fervor
festiuall,festival
festivalls,festivals
festred,festered
festring,festering
fetch'd,fetched
fetche,fetch
fetchit,fetched
fetcht,fetched
fetter'd,fettered
feuer,fever
fewde,feud
fewe,few
fewel,fuel
fewell,fuel
fewnesse,fewness
feyned,feigned
ficklenes,fickleness
ficklenesse,fickleness
fidelitie,fidelity
Fidlers,Fiddlers
fiduciall,fiducial
fieldes,fields
fier,fire
fiercenesse,fierceness
fiered,fired
fierie,fiery
fift,fifth
fifte,fifth
Figg,Fig
figge,fig
figgs,figs
fightyng,fighting
figuratiue,figurative
figuratiuelie,figuratively
figuratiuely,figuratively
fild,filled
fil'd,filed
filiall,filial
filiation,filliation
fill'd,filled
fils,fills
filtby,filthy
filthie,fifthly
filthines,filthiness
filthye,filthy
filthynes,filthiness
filthyness,filthiness
filthynesse,filthiness
fimilitude,similitude
finall,final
finallie,finally
finallye,finally
fince,since
finde,find
finewes,sinews
finfull,sinful
finfulnesse,sinfulness
fingred,fingered
finish'd,finished
finishe,finish
finisht,finished
finit,finite
finne,sin
finnes,sins
firmelie,firmly
firmely,firmly
firmenes,firmness
firmenesse,firmness
firmnesse,firmness
Firre,Fir
firste,first
Fishe,Fish
fitlie,fitly
fitnes,fitness
fitst,first
fitt,fit
fitte,fit
fittes,fits
fitteth,fits
fiue,five
fixednesse,fixedness
fixt,fixed
flagge,flag
flaggons,flagons
flameing,flaming
flatlie,flatly
flatte,flatter
flatter'd,flattered
flatteryng,flattering
flatterynge,flattering
Flavell,Flavel
flavv,flaw
flawes,flaws
flaxe,flax
fle,flee
fleaed,flayed
fleashe,flesh
fledd,fled
Fleete,Fleet
flegmaticke,phlegmatic
fleshe,flesh
fleshely,fleshly
fleshie,fleshy
fleshlie,fleshly
fleshlye,fleshly
fleshmeat,flesh meat
flesshe,flesh
flie,fly
flien,fled
flieng,flying
flieth,flies
fllthy,filthy
Floar,Floor
flock'd,flocked
floore,floor
floores,floors
Florens,Florins
florish,flourish
florished,flourished
florishing,flourishing
floting,floating
floud,flood
floudes,floods
flouds,floods
floures,flowers
flow'd,flowed
flowe,flow
flowen,flown
flowes,flows
flowre,flower
flowres,flowers
flowrish,flourish
flowry,flowery
flye,fly
flyes,flies
foale,foal
Foederal,Federal
Foederate,Federate
Foederates,Federates
Foelix,Felix
foggie,foggy
foggs,fogs
foil'd,foiled
foile,foil
foiles,foils
foldes,folds
folishly,foolishly
follie,folly
follovveth,followeth
follovvs,follows
followe,follow
followes,follows
followeth,follows
followinge,following
followyng,following
followynge,following
folow,follow
folowe,follow
folowers,followers
foloweth,followeth
folowing,following
folowinge,following
folowyng,following
folowynge,following
foly,folly
folyshe,foolish
fom,from
fome,foam
foming,foaming
fondlie,fondly
fondnes,fondness
fondnesse,fondness
fonne,son
foode,food
fool'd,fooled
foole,fool
fooles,fools
foolishe,foolish
foolishlie,foolishly
foolishnes,foolishness
foolishnesse,foolishness
foolyshe,foolishly
foorthe,forth
foorthwith,forthwith
foote,foot
footemen,footmen
footesteps,footsteps
footestoole,footstool
foot-step,footstep
foot-stool,footstool
Footstoole,Footstool
for ever,forever
for saken,forsaken
foraign,foreign
forain,foreign
forbid̄,forbidden
forbidd,forbid
forbidde,forbid
forbiddes,forbids
forbiden,forbidden
forbideth,forbiddeth
forbiding,forbidding
forbyd,forbid
forbydden,forbidden
forbyddeth,forbiddeth
forceably,forcibly
forc't,forced
forealleaged,forealleged
fore-fathers,forefathers
foregoe,forego
foreheades,foreheads
forein,foreign
foreine,foreign
foreknovveth,foreknoweth
foreknovvledge,foreknowledge
foreknowe,foreknow
foreknowledg,foreknowledge
forelorne,forlorn
foremention'd,forementioned
forenoone,forenoon
forergo,forego
forervnner,forerunner
fores,sores
foresaide,aforesaid
foresawe,foresaw
foresayd,foresaid
fore-seen,foreseen
foreseene,foreseen
foreseing,foreseeing
foresheweth,foreshoweth
foreskinne,foreskin
foretast,foretaste
foretasts,foretastes
foreteene,fourteen
foretelleth,foretells
foretolde,foretold
foretould,foretold
foreuer,forever
forevery,for every
forfathers,forefathers
forfiture,forfeiture
forgate,forgot
forgaue,forgave
forgauest,forgavest
forg'd,forged
forgerie,forgery
forgeteth,forgetteth
forgetfullnes,forgetfulness
forgetfullness,forgetfulness
Forgetfullnesse,Forgetfulness
forgetfulnes,forgetfulness
forgetfulnesse,forgetfulness
forgeue,forgive
forgeuen,forgiven
forgeuenes,forgiveness
forgeuenesse,forgiveness
forgiue,forgive
forgiuen,forgiven
Forgiuenes,Forgiveness
forgiuenesse,forgiveness
forgiues,forgives
forgiueth,forgives
forgiuing,forgiving
forgivenes,forgiveness
forgivenesse,forgiveness
forgiveth,forgives
forgivnes,forgiveness
Forgoe,Forego
forgotte,forgotten
forit,for it
forknowledg,foreknowledge
forlorne,forlorn
formale,formal
formalite,formality
formall,formal
forman,foreman
form'd,formed
formentioned,forementioned
formerlie,formerly
formes,forms
formeth,forms
formitie,formity
formost,foremost
fornace,furnace
fornicatour,fornicator
fornicatours,fornicators
Forraign,Foreign
Forraigners,Foreigners
forraine,foreign
forraines,foreigns
forreigne,foreign
Forreigners,Foreigners
forrein,foreign
forreine,foreign
forreiner,foreigner
forren,foreign
forrests,forests
forreyn,foreign
forrow,sorrow
forsaid,foresaid
forsaketh,forsakes
forseene,foreseen
forsoke,forsook
forsomuche,forsomuch
forsooke,forsook
forsware,forswear
forsweare,forswear
forsworne,forsworn
for't,for it
fortelleth,foretells
fortells,foretells
forthe,forth
fortheir,for their
fortie,forty
fortifyed,fortified
forvvardnes,forwardness
forwardes,forwards
forwardnesse,forwardness
fot,fought
fote,foot
fould,fold
foule,foul
foulenes,foulness
foulenesse,foulness
foull,foul
foulnesse,foulness
foundacion,foundation
founde,found
foundnesse,soundness
foundred,foundered
fountaine,fountain
fountaines,fountains
fountayne,fountain
founteine,fountain
fourbished,furbished
foure,four
fourefold,fourfold
fourescore,fourscore
fouresquare,foursquare
foureteene,fourteen
foureteenth,fourteenth
fourme,form
fourteene,fourteen
fourthe,fourth
Fourthlie,Fourthly
fourtnight,fortnight
fower,four
fowlest,foulest
fowlie,foully
fowre,four
Foxe,Fox
foyl,foil
foyle,foil
foyled,foiled
foyled‎,foiled
foyles,foils
foyling,foiling
foyst,foist
foysted,foisted
fragil,fragile
fragilitie,fragility
fragmentes,fragments
fraile,frail
frailety,frailty
frailtie,frailty
fram'd,framed
Francford,Frankford
francke,frank
franckly,frankly
franke,frank
frankely,frankly
franknesse,frankness
frantick,frantic
frantike,frantic
fraternitie,fraternity
fraudes,frauds
Fraunce,France
Frauncis,Francis
frawd,fraud
frayle,frail
fre,free
Fredericke,Frederick
fredome,freedom
free,free
freedenison,freedenizen
freedomes,freedoms
free-grace,free grace
freelie,freely
freelye,freely
freend,friend
freendes,friends
freendships,friendships
freenesse,freeness
freese,freeze
freeth,frees
freind,friend
freindly,friendly
Freinds,Friends
frely,freely
french,French
Frenche,French
frend,friend
frende,friend
frendes,friends
frendly,friendly
frendlye,friendly
frends,friends
frendship,friendship
frensie,frenzy
frensies,frenzies
Frensy,Frenzy
frenzie,frenzy
frequencie,frequency
frequentes,frequents
freshe,fresh
freshnes,freshness
freshnesse,freshness
Fridaies,Fridays
Fridayes,Fridays
frie,fry
friende,friend
friendes,friends
friendlesse,friendless
friendlie,friendly
friendshippe,friendship
friesing,freezing
frightfull,frightful
frightned,frightened
frindges,fringes
frinds,friends
friuolous,frivolous
friuolouse,frivolous
frivilous,frivolous
frō,from
frocke,frock
Frogges,Frogs
frolick,frolic
frolicke,frolic
frollicke,frolic
frome,from
fronte,front
Frontispice,Frontispiece
frothie,frothy
frowarde,froward
frowardnes,frowardness
frowardnesse,frowardness
frown'd,frowned
frowne,frown
frownes,frowns
frrom,from
fructifie,fructify
frugall,frugal
fruict,fruit
fruicte,fruit
fruictes,fruits
fruite,fruit
fruitefull,fruitful
fruitelesse,fruitless
fruites,fruits
fruitfullnesse,fruitfulness
fruitfulnes,fruitfulness
fruitfulnesse,fruitfulness
fruitfuly,fruitfully
fruitles,fruitless
fruitlesly,fruitlessly
fruitlesness,fruitlessness
frustrat,frustrate
frutefull,fruitful
frutes,fruits
fruytes,fruits
Fryar,Friar
Fryars,Friars
Fryday,Friday
frȳds,friends
fryed,fried
Fryer,Friar
Fryers,Friars
fryes,fries
fryre,friar
fubordinated,subordinated
fugitiue,fugitive
fugitiues,fugitives
fulfil'd,fulfilled
fulfill'd,fulfilled
fulfilleth,fulfills
fulfillled,fulfilled
fulfyl,fulfil
fulfylled,fulfilled
fulgentius,Fulgentius
fullfilled,fulfilled
fullfilling,fulfilling
fullie,fully
fullnes,fullness
fullnesse,fullness
fullyer,fullier
fulnes,fullness
fulness,fullness
fulnesse,fullness
fundamentalls,fundamentals
fundation,foundation
Funerall,Funeral
Funeralls,Funerals
furder,further
furie,fury
furiousnesse,furiousness
furnish'd,furnished
furnisht,furnished
furres,furs
furrowes,furrows
furth,forth
furthe,forth
furtherances,furtherances
furtheraunce,furtherance
further'd,furthered
furthereth,furthers
furye,fury
futher,father
fvl,full
FVLK,FULK
fye,fie
fyer,fire
fyerie,fiery
fyery,fiery
fyght,fight
fyghte,fight
fygure,figure
fyl,fill
fyll,fill
fylled,filled
fylthy,filthy
fylthye,filthy
fylthynesse,filthiness
Fynally,Finally
fynd,find
fynde,find
fyndeth,findeth
fyne,fine
Fyre,Fire
fyrste,first
fyshes,fishes
fyt,fit
fyue,five
Gabriell,Gabriel
Gabriels,Gabriel's
gain'd,gained
gaine,gain
gainefull,gainful
gaines,gains
gainesaid,gainsaid
gainesaie,gainsay
gainesay,gainsay
gainesayers,gainsayers
gainesaying,gainsaying
gainesays,gainsays
gainesayst,gainsay
gainfull,gainful
gainsaist,gainsay
gainsayed,gainsaid
gainsayst,gainsay
'gainst,against
gairish,garish
galat.,Galatians
galathians,Galatians
galatians,Galatians
Galile,Galilee
Gallia,Gaul
Gallioes,Gallio's
Gallowes,Gallows
Gallowse,Gallows
gamaliel,further
ganaan,Canaan
gangren'd,gangrened
Gardians,Guardians
Gards,Guards
gargarismes,gargarisms
garison,garrison
Garisons,Garrisons
garmentes,garments
garnisht,garnished
gaspes,gasps
Gassendus,Gassendi
gathereth,gathers
gatheringe,gathering
gatherring,gathering
gaue,gave
Gaules,Gauls
gavest,Gamaliel
gawdy,gaudy
gayne,gain
gayner,gainer
gaynes,gains
gayning,gaining
gaza,Gaza
gealous,jealous
geare,gear
Gedeon,Gideon
Gedeons,Gideons
geeatly,greatly
geere,gear
geeue,give
Geffrey,Geoffrey
Gehezi,Gehazi
Gehizi,Gehazi
gelasius,Gelasius
gements,judgments
gemmes,gems
gendred,gendered
gendreth,gendereth
genealogie,genealogy
geneolagies,genealogies
generacion,generation
generacyon,generation
generalitie,generality
generallie,generally
generallity,generality
generalls,generals
generallye,generally
generaly,generally
generousnesse,generousness
Genesaret,Gennesaret
Genesareth,Gennesaret
Geneua,Geneva
genitiue,genitive
Gentilisme,Gentilism
gentilitie,gentility
Gentils,Gentiles
gentlemā,gentleman
Gentlemans,Gentleman's
gentlemē,gentlemen
gentlenes,gentleness
gentlenesse,gentleness
gentlie,gently
Gentrie,Gentry
Gentyles,Gentiles
gentyll,gentle
Geoffry,Geoffrey
Geographie,Geography
Geometricall,Geometrical
Gerizzim,Gerizim
germaine,germane
Germaines,Germans
german,German
Germanes,Germans
germanie,Germany
Germaynes,Germans
Gespel,Gospel
gesse,guess
gesticulationes,gesticulations
gett,get
gette,get
gettes,gets
geue,give
geuer,giver
geuest,givest
geueth,giveth
geuing,giving
geuynge,giving
geve,give
geven,given
gewgawes,gewgaws
ghesse,guess
ghessed,guessed
ghest,ghost
ghests,guests
Ghoft,Ghost
Ghospell,Gospel
ghoste,ghost
ghostlye,ghostly
giddie,giddy
giddinesse,giddiness
gifte,gift
giftlesse,giftless
Gilgall,Gilgal
Gillespies,Gillespie's
Gillespy,Gillespie
giltie,guilty
giltinesse,guiltiness
giltlesse,guiltless
ginations,generations
gingling,jingling
ginne,gin
giue,give
giuen,given
giuer,giver
giuers,givers
giues,gives
giuest,givest
giueth,gives
giuing,giving
giuyng,giving
giveing,giving
give'n,given
give'st,givest
gladlye,gladly
gladnes,gladness
gladnesse,gladness
gladnesss,gladnesses
gladsom,gladsome
glasse,glass
glaunce,glance
glauncing,glancing
gleane,glean
glewed,glued
glibbe,glib
glimps,glimpse
glimse,glimpse
gloir,glory
gloommess,gloominess
glorfiied,glorified
glori,glory
glorie,glory
glorieth,give
glorifica,glorification
glorifie,glorify
glorify'd,glorified
glorifye,glorify
glorifyed,glorified
glorisied,glorified
glorye,glory
gloryes,glories
gloryeth,glorieth
gloryfied,glorified
gloryfieth,glorifieth
gloryous,glorious
gloryouse,glorious
glorys,glories
glose,gloss
gloues,gloves
Gloworm,Glowworm
gluttonie,gluttony
glympse,glimpse
glymses,glimpses
gnattes,gnats
gnawes,gnaws
gnomen,glories
Gnostick,Gnostic
Gnosticks,Gnostics
Goade,Goad
goades,goads
goared,gored
Goate,Goat
goates,goats
Godd,God
godde,god
Goddes,Gods
goddis,god's
Godes,God's
godhating,gnomon
godhed,godhead
godles,godless
godlie,godly
godlies,godly's
godlinesse,godliness
godlye,godliness
godlynes,godliness
Godlyness,Godliness
godlynesse,godliness
godnesse,god-hating
gods law,God's law
Godtake,God take
God-ward,Godward
Godwarde,Godward
goe,goe
goeing,going
goest,goes
goinge,going
gold̄,golden
golde,gold
Goliah,Goliath
Goliahs,Goliath's
Gomor,Gomorrah
Gomorah,Gomorrah
gomorra,Gomorrah
gomorrah,Gomorrah
gomorrha,Gomorrah
gon,gone
goode,good
goodlie,goodly
‎goodnesse,goodness
goodnesss,goodnesses
goodthing,good thing
Goodwine,Goodwin
Goodwins,Goodwin's
Goodwyn,Goodwin
goonesse,godliness
goood,good
goost,ghost
gor.,Corinthians
gord,good
gorgious,gorgeous
Gorrhan,Gorran
Gospelcommand,Gospel command
gospeler,gospeller
gospellin,gospel
Gospellized,Gospelized
Gospells,Gospel's
Gosple,Gospel
gost,ghost
goste,ghost
gostwyke,Goswick
got̄,gotten
Gothes,Goths
Gothick,Gothic
gott,got
gotte,gotten
gouerment,government
gouern,govern
gouernance,governance
gouernans,governance
gouernaunce,governance
gouerne,govern
gouerned,governed
gouernement,government
gouernes,governs
gouernesse,governess
gouerneth,governs
gouerning,governing
gouernment,government
gouernmentes,governments
gouernour,governor
gouernoures,governors
gouernours,governors
gouerns,governs
gould,gold
goulden,golden
gourde,gourd
Govenant,Covenant
goverment,government
govern'd,governed
governement,government
governes,governs
gowne,gown
gownes,gowns
Gowt,Gout
goynge,going
Gpspell,Gospel
graceles,graceless
gracelesnesse,gracelessness
graciouslie,graciously
graduall,gradual
Graece,Greece
graee,grace
graffe,graff
graine,grain
Grammaticall,Grammatical
grandchilde,grandchild
grandure,grandeur
grante,grant
granteth,grants
grapled,grappled
grapling,grappling
Grashopper,Grasshopper
grashoppers,grasshoppers
graspe,grasp
grasse,grass
gratefull,grateful
gratefulnesse,gratefulness
gratifie,gratify
gratious,gracious
gratuitall,gratuital
grauel,gravel
grauelie,gravely
grauell,gravel
grauely,gravely
grauen,graven
grauer,graver
graues,graves
grauing,graving
grauitie,gravity
grauity,gravity
graund,grand
graunt,grant
graunted,granted
graunteth,granteth
graunting,granting
graunts,grants
gravell,gravel
Gravitie,Gravity
grayne,grain
graynes,grains
greasie,greasy
‎greate,great
greately,greatly
greatlye,greatly
greatned,greatened
great'st,greatest
greatstore,great store
greatter,greater
gredy,greedy
greedie,greedy
greef,grief
greefes,griefs
greeke,Greek
greekes,Greeks
Greekisme,Greekism
greene,green
Greenhil,Greenhill
greeue,grieve
greeued,grieved
greeueth,grievous
greeuing,grieving
greeuous,grievous
greeuouslie,grievously
greeuously,grievously
greeuousnesse,grievousness
greeved,grieved
greevous,grievous
grefe,grief
gregorie,Gregory
gregorre,Gregory
gregory,Gregory
greieued,grieved
greif,grief
greiue,grieve
greivance,grievance
greivances,grievances
greive,grieve
greived,grieved
greivous,grievous
greivously,grievously
greke,greek
gret,great
greter,greater
Gretians,Grecians
greuances,grievances
greuaunces,grievances
greued,grieved
greuous,grievous
greuouse,grievous
greuouser,grievouser
grevious,grievous
grewe,grew
griefe,grief
griefes,griefs
griened,grieved
grieuances,grievances
grieue,grieve
grieued,grieved
grieues,grieves
grieueth,grieveth
grieuous,grievous
grieuouse,grievous
grieuouslie,grievously
grieuously,grievously
grieuousnes,grievousness
griev'd,grieved
grievious,grievous
grievousnesse,grievousness
grimm,grim
grimme,grim
grinde,grind
grindes,grinds
groane,groan
grone,groan
grones,groans
groneth,groaneth
groning,groaning
gronings,groanings
grosly,grossly
grosnesse,grossness
grosselie,grossly
grosseness,grossness
grossenesse,grossness
groue,grove
groueling,groveling
groues,groves
grounde,ground
‎groundes,grounds
groundlesly,groundlessly
groundlesse,groundless
groundworke,groundwork
grouth,growth
grovling,groveling
grovve,grow
growe,grow
growen,grown
growes,grows
groweth,grows
grownd,ground
grownded,grounded
growne,grown
growyng,growing
grubling,grumbling
grudg,grudge
Gualter,Gwalther
guarde,guard
guestes,guests
guids,guides
guiftes,gifts
guifts,gifts
guilding,gilding
guilefull,guileful
guiltie,guilty
guiltinesse,guiltiness
guiltles,guiltless
guiltlesse,guiltless
gulph,gulf
gulphs,gulfs
gumme,gum
gummes,gums
Guning,Gunning
gunnes,guns
gustine,Augustine
guyded,guided
GVILDHALL,GUILDHALL
gviltie,guilty
Gyants,Giants
gyde,guide
gyfte,gift
gyftes,gifts
Gyles,Giles
gyrationes,gyrations
gyue,give
gyueth,giveth
gyuing,giving
gyuynge,giving
hab,have
Habacuk,Habakkuk
Habakuk,Habakkuk
Habbakkuk,Habakkuk
Habel,Abel
habite,habit
habites,habits
habitts,habits
habituali,habitually
habituall,habitual
Habkakuk,Habakkuk
hadde,had
haddest,hadst
haderected,had erected
Hádes,Hades
hadest,haddest
hadst,had
had'st,hadst
Haereses,Heresies
haeresi,heresy
haeresie,heresy
haeresy,heresy
haereticall,heretical
haeretick,heretic
Haereticks,Heretics
haeretik,heretic
haeretikes,heretics
haesitation,hesitation
Hagars,Hagar's
Haides,Hades
haie,hay
haif,have
haile,hail
hailestones,hailstones
hainously,heinously
hainousnes,heinousness
hainousness,heinousness
hainousnesse,heinousness
haire,hair
haires,hairs
hairie,hairy
haled,hailed
Halelujahs,Hallelujahs
halfe,half
halfes,halfs
halie,holy
Halleluiahs,Hallelujahs
Hallelu-jahs,Hallelujahs
halues,halves
haly,holy
haman,Haman
Hamans,Haman's
Hamburgh,Hamburg
hammar,hammer
hamperd,hampered
hanani,Hanani
handbredths,handbreadths
hande,hand
handeled,handled
‎handeling,handling
handes,hands
handfull,handful
handie,handy
handkerchiefe,handkerchief
handlyng,handling
handmaide,handmaid
handmaides,handmaids
handsom,handsome
handsomly,handsomely
handywork,handiwork
handyworke,handywork
hangeth,hangs
hangynge,hanging
hanit,have not
Hanniball,Hannibal
hap̄,happen
hapned,happened
happely,happly
happen'd,happened
happie,happy
happinesse,happiness
happinesses,happiness
happly,haply
happye,happy
happyest,happiest
happynes,happiness
happynesse,happiness
harboureth,harboreth
harbourless,harborless
harbourlesse,harborless
harde,hard
hardely,hardly
harden'd,hardened
hardeneth,hardens
hardinesse,hardiness
hardlie,hardly
hardlye,hardly
hardned,hardened
hard'ned,hardened
hardnes,hardness
hardnesse,hardness
hardneth,hardens
hardning,hardening
Hardyng,Harding
hariot,heriot
harke,hark
harken,hearken
harkeneth,hearkeneth
harkning,hearkening
harlotrie,harlotry
harlottes,harlots
harmefull,harmful
harmeles,harmless
harmelesnesse,harmlessness
harmfull,harmful
harmlesness,harmlessness
harmlesnesse,harmlessness
harmonie,harmony
harnesse,harness
Harolds,Harold's
harpe,harp
harpes,harps
harshnesse,harshness
hart,heart
harte,heart
harted,hearted
hartednesse,heartedness
hartely,heartily
hartes,hearts
hartie,hearty
hartily,heartily
hartlesse,heartless
harty,hearty
hartye,hearty
haruest,harvest
hastely,hastily
hastie,hasty
hastines,hastiness
hastinesse,hastiness
hastned,hastened
hastneth,hasteneth
hastning,hastening
hatch'd,hatched
hatcht,hatched
hatefull,hateful
hatered,hatred
hath,has
haue,have
hauen,haven
haughtie,haughty
haughtinesse,haughtiness
hauinge,having
Hauke,Hawk
haukes,hawks
hauking,hawking
hault,halt
haulting,halting
hauock,havoc
hauocke,havoc
hautie,haughty
hautinesse,haughtiness
hauty,haughty
hauyng,having
hauynge,having
havedelivered,have delivered
haveing,having
havocke,havoc
Hawke,Hawk
hawkes,hawks
hayle,hail
‎haynous,heinous
haynously,heinously
hayr,hair
hayre,hair
hayrie,hairy
hazarde,hazard
hazzard,hazard
hazzarded,hazarded
hazzards,hazards
hea,he
head-ach,headache
headdiness,headiness
heade,head
headie,heady
Headinesse,Headiness
headlesse,headless
heale,heal
heales,heals
healpe,help
healthe,health
healthes,healths
healthsomly,healthsomely
heape,heap
heapes,heaps
heapt,heaped
hearb,herb
hearbe,herb
hearbes,herbs
hearbs,herbs
hearde,heard
heardened,hardened
heardned,hardened
heards,herds
heare),hear
heareafter,hereafter
heares,hears
hearesay,hearsay
hearest,heare
hearinge,hearing
Heark,Hark
hearkners,hearkeners
hearrs,hearts
Hears-cloth,Hearse-cloth
heartednesse,heartedness
heartely,heartily
heartes,hearts
heartie,hearty
heartilie,heartily
Heartinesse,Heartiness
heartlesly,heartlessly
heartlesness,heartlessness
heartlesnesse,heartlessness
heartlesse,heartless
heartned,heartened
heartning,heartening
hearyng,hearing
hearynge,hearing
heate,heat
heates,heats
heathenisme,heathenism
heathnish,heathenish
heatt,heart
heaue,heave
heauen,heaven
heauenlie,heavenly
heauenly,heavenly
heauenlye,heavenly
heauens,heavens
heauie,heavy
heauier,heavier
heauiest,heaviest
heauily,heavily
heauines,heaviness
heauiness,heaviness
heauinesse,heaviness
Heau'n,Heaven
Heau'ns,Heavens
heauye,heavy
heavenlinesse,heavenliness
heavenlyminded,heavenly-minded
heavines,heaviness
Heav'n,Heaven
Heav'ns,Heavens
heavyer,heavier
hebr,Heb.
Hebraismes,Hebraisms
Hebreue,Hebrew
hebrew,Hebrew
Hebrewe,Hebrew
hebrewes,Hebrews
hebrews,Hebrews
hebrue,Hebrews
hebrues,Hebrews
hebrwes,Hebrews
Hēce,Hence
hectick,hectic
hectike,hectic
hedg,hedge
hedge'd,hedged
hedlong,headlong
heds,heads
hee,he
hee),he
heede,heed
heedfull,heedful
heedfullie,heedfully
heedfulnes,heedfulness
heedfulnesse,heedfulness
heedlesness,heedlessness
heedlesnesse,heedlessness
heedlesse,heedless
heegoats,he-goats
heele,heel
heeles,heels
heer,here
heerafter,hereafter
heere,here
heereafter,hereafter
heereby,hereby
heereof,hereof
Heereto,Hereto
heerevnto,hereunto
heerewithall,herewithal
heerin,herein
heerof,hereof
heervnto,hereunto
Heidelberg,Heidelburg
Heidelberge,Heidelburg
Heidleberg,Heidelberg
heiffer,heifer
heighnous,heinous
heightned,heightened
heightning,heightening
heigth,height
heinousdisorders,heinous disorders
heinousnesse,heinousness
heinousoffences,heinous offenses
heinouspunishments,heinous punishments
heinoussin,heinous sin
Heires,Heirs
hel,hell
he'l,he will
helde,held
helen,Helen
he'll,he will
helle,hell
Hellens,Helens
help'd,helped
helped̄,helped
helpefull,helpful
helpelesse,helpless
helpes,helps
helpeth,helps
helpfull,helpful
helpfulnesse,helpfulness
helples,helpless
helplesse,helpless
helpr,helper
helpt,helped
helth,health
helthe,health
Heluetia,Helvetia
Heluetians,Helvetians
Hely,Eli
hencefoorth,henceforth
Henoch,Enoch
Henrie,Henry
Henrye,Henry
henvenly,heavenly
her self,herself
herafter,hereafter
HERBALL,HERBAL
herbes,herbs
hercules,Hercules
Herebe,Here be
hereses,heresies
heresye,heresy
heresyes,heresies
hereticall,heretical
heretick,heretic
hereticke,heretic
‎‎heretickes,heretics
hereticks,heretics
heretik,heretic
heretike,heretic
heretiks,heretics
heretique,heretic
Heretiques,Heretics
heretitk,heretic
heretyke,heretic
heretykes,heretics
heretyque,heretic
heretyques,heretics
Hereuppon,Hereupon
herevnto,hereunto
herevpon,hereupon
herewithall,herewithal
herin,herein
herisie,heresy
Heriticks,Heretics
herken,hearken
Hermite,Hermit
Hermites,Hermits
herod,Herod
Herode,Herod
herodias,Herodias
Herods,Herod's
herof,hereof
herselfand,herself and
herselfby,herself by
herselfe,herself
herselfherein,herself herein
herselfis,herself is
herselfmaketh,herself maketh
herselfperceived,herself perceived
herselftaketh,herself taketh
herselfto,herself to
herte,heart
hertes,hearts
herty,hearty
Hesea,Hosea
Hetherto,Hitherto
Hetrodox,Heterodox
heuenly,heavenly
heven,heaven
hewen,hewn
hewne,hewn
heyfer,heifer
Heylyn,Heylin
heynously,heinously
heynousness,heinousness
heyre,heir
heyres,heirs
Hezechiah,Hezekiah
hezekiah,Hezekiah
Hezekiahs,Hezekiah's
hezekias,Hezekiah
Hh,Highness
hid̄,hidden
hidde,hid
hideing,hiding
hidious,hideous
Hierarchicall,Hierarchical
hierarchie,hierarchy
Hieremie,Jeremiah
Hieroglyphick,Hieroglyphic
Hieroglyphicke,Hieroglyphic
Hieroglyphicks,Hieroglyphics
Hierom,Jerome
hierome,Jerome
hieromes,Jerome's
Hieroms,Jerome's
higest,highest
highnes,highness
Highpriest,High priest
High-Priest,High Priest
highst,highest
highten,heighten
hightens,heightens
High-way,Highway
High-ways,Highways
higlers,higglers
Hil,Hill
Hilarie,Hilary
hilarius,hilarious
hild,held
Hildebrande,Hildebrand
Hildegardis,Hildegard’s
Hildersam,Hildersham
Hillarii,Hilary
Hillarius,Hilarius
hilles,hills
hils,hills
him self,himself
Himnes,Hymns
himsef,himself
himselff,himself
himselffe,himself
Hinde,Hind
hinderance,hindrance
hinderaunce,hinderance
hinder'd,hindered
hindereth,hinders
Hindes,Hinds
hindreth,hindereth
hindring,hindering
hipocrisie,hypocrisy
hipocrisy,hypocrisy
hipocrit,hypocrite
hipocrite,hypocrite
hipocrites,hypocrites
hippe,hip
hir,her
hirs,hers
hisse,hiss
historicall,historical
historie,history
historye,history
historyes,histories
histrionicall,histrionical
hitt,hit
hittites,Hittites
hiue,hive
hnnger,hunger
hoare,hoary
hoarie,hoary
Hoastes,Hosts
hoasts,hosts
hoat,hot
hoate,hot
Hobbs,Hobbes
hogges,hogs
hoggs,hogs
Hogonots,Huguenots
holdes,holds
holdyng,holding
holesome,wholesome
holi,holy
holidayes,holidays
holie gost,Holy Ghost
holines,holiness
holinesse,holiness
holpe,helped
holpen,helped
holsome,wholesome
holy gost,Holy Ghost
holydaies,holy days
holye,holy
holyer,holier
holyes,holies
holyest,holiest
holyGhost,Holy Ghost
holynes,holiness
holyness,holiness
homebredd,homebred
homewarde,homeward
homil.,homily
homilie,homily
homogeneall,homogeneal
homonymie,homonymy
hondreth,hundredth
honestie,honesty
honestlie,honestly
honestye,honesty
honger,hunger
honied,honeyed
honomynie,homonymy
hononoured,honored
honor'd,honored
honore,honor
honour,honor
honourablenesse,honorableness
honourablest,honorablest
honoure,honor
honoures,honors
‎honoureth,honors
honouring,honoring
HONOVRABLE,HONORABLE
honurable,honorable
hony,honey
hoofe,hoof
hoofes,hoofs
hooke,hook
hookes,hooks
hoord,hoard
hoords,hoards
Hoornbeck,Hoornbeeck
Hoornbecks,Hoornbeeck's
hop'd,hoped
hopelesse,hopeless
horeb,Horeb
horne,horn
hornes,horns
horribile,horrible
horridst,horridest
horrour,horror
horryble,horrible
horsebacke,horseback
horsse,horse
horsses,horses
hosea,Hosea
Hoseah,Hosea
Hoseas,Hosea's
Hosheah,Hoshea
hospitalitie,hospitality
Hospitall,Hospital
Hospitalls,Hospitals
hoste,host
hostes,hosts
hostilitie,hostility
hote,hot
hotely,hotly
hoter,hotter
hoth,hath
hott,hot
hotte,hot
Houeden,Hoveden
houer,hover
houering,hovering
houerly,hoverly
hough,thogh
houl,howl
hould,hold
houlde,hold
houlden,holden
houldeth,holdeth
houlding,holding
houlds,holds
houle,howl
houour,honor
houre,hour
houreglasse,hourglass
Hous,House
hous'd,housed
householde,household
housell,housel
housholder,householder
Housholders,Householders
housholdes,households
housholds,households
houshould,household
houshoulde,household
Houswifery,Housewifery
Hoveden,Howden
HOVSE,HOUSE
hovv,how
How beit,Howbeit
Howbeeit,Howbeit
howe,how
Howebeit,Howbeit
howesoeuer,howsoever
howeuer,however
Howheit,Howbeit
howle,howl
howre,hour
howse,house
howses,houses
hoyse,hoise
hoyst,hoist
hudge,huge
hug'd,hugged
hugg,hug
hugge,hug
Hugonots,Huguenots
humain,human
humane,human
humanite,humanity
humanitie,humanity
humanitye,humanity
humayne,human
humblenes,humbleness
humbleth,humbles
humblie,humbly
humblye,humbly
Humfry,Humphrey
humilite,humility
humilitie,humility
hundered,hundred
hundreth,hundredth
hundrethes,hundreds
Hungarie,Hungary
hungred,hungered
hungring,hungering
hungrings,hungerings
Huniades,Hunyadi
Huntington,Huntingdon
huntyng,hunting
Huram,Hiram
hurl'd,hurled
hurryed,hurried
hurtefull,hurtful
hurteth,hurts
husbande,husband
husbandes,husbands
Husband-man,Husbandman
husbandrie,husbandry
huskes,husks
huswife,housewife
hvnger,hunger
Hyaeinth,Hyacinth
hydde,hid
hydden,hidden
hyer,higher
hygh,high
hyghe,high
hyghly,highly
hyghnes,highness
Hylary,Hilary
hyll,hill
hym,him
Hymeneus,Hymenaeus
hymne,hymn
hymnes,hymns
hymself,himself
hymselfe,himself
hyperbolicall,hyperbolical
hyperbolicallie,hyperbolically
hypocresye,hypocrisy
Hypocrifie,Hypocrisy
hypocrit,hypocrite
hypocritall,hypocritical
hypocriticall,hypocritical
hypocrits,hypocrits
hypocrytes,hypocrites
Hypostaticall,Hypostatical
hypotasticall,hypostatical
hypotheticall,hypothetical
Hyrarchy,Hierarchy
hyre,hire
hyred,hired
hyreling,hireling
hys,his
hysope,hyssop
Hyssope,Hyssop
Hystaspis,Hystaspes
hystorie,history
hystories,histories
hystory,history
hystoryes,histories
hyther,hither
i,I
iaacob,Jacob
Iaakob,Jacob
Iabesh,Jabesh
Iabin,Jabin
Iack,Jack
Iacke,Jack
Iackson,Jackson
Iacksons,Jackson's
iacob,Jacob
Iacobites,Jacobites
iacobs,Jacob's
IACOBVS,JACOBUS
Iah,Yah
Iailor,Jailor
Iairus,Jairus
Iakob,Jacob
Iakobs,Jacob's
iam.,James
iames,James
Iane,Jane
iangling,jangling
ianglings,janglings
iannes,Jannes
Iansenius,Jansenius
Iapheth,Japheth
Iarchi,Rashi
iarre,jar
iarres,jars
iarring,jarring
Iason,Jason
Iasper,Jasper
Iavan,Javan
iawes,jaws
Iayler,Jailor
Iaylor,Jailor
Iaylour,Jailor
ichovah,Jehovah
Idaea,Idea
iddo,Iddo
I'de,I'd
idees,ideas
identitie,identity
ideot,idiot
Ideots,Idiots
idiome,idiom
idlebellies,idle bellies
idlely,idly
idlenes,idleness
Idolatours,Idolators
idolatous,idolatrous
idolatrie,idolatry
idole,idol
Idoles,Idols
idoll,idol
idolles,idols
Idolls,Idols
Idoloter,Idolater
idumea,Edom
iealous,jealous
iealousie,jealousy
iealousies,jealousies
Iebusite,Jebusite
Iechoniah,Jeconiah
Iechonias,Jeconiah
Ieconiah,Jeconiah
Iedidiah,Jedediah
Ieduthun,Jeduthun
Ieffrey,Jeffrey
Iehoahaz,Jehoahaz
Iehoash,Jehoash
Iehoiachim,Jehoiachim
Iehoiada,Jehoiada
Iehoiadah,Jehoiadah
Iehoiakim,Jehoiakim
Iehojada,Jehoiada
Iehojadah,Jehoiadah
Iehojakim,Jehoiakim
Iehoram,Jehoram
iehosaphat,Jehoshaphat
Iehosaphats,Jehoshaphat's
Iehoshaphat,Jehoshaphat
Iehoshaphats,Jehoshaphat's
Iehoshua,Joshua
iehouah,Jehovah
iehova,Jehovah
Iehovahs,Jehovah's
Iehovih,Jehovah
iehu,Jehu
Iehus,Jehu's
ieopardie,jeopardy
ieopardy,jeopardy
Iephtha,Jephtha
Iephthah,Jephthah
ieptha,Jephthah
ier,Jer.
Iere,Jer
ierem,Jeremiah
Ieremiah,Jeremiah
Ieremiahs,Jeremiah's
Ieremias,Jeremiah
ieremie,Jeremiah
Ieremies,Jeremiah's
Ieremy,Jeremiah
Ieremye,Jeremiah
Iereney,Jeremiah
iericho,Jericho
ierico,Jericho
Ierobam,Jeroboam
Ieroboam,Jeroboam
ierom,Jerome
Ieromes,Jerome's
Ieroms,Jerome's
Ierubbaal,Jerubbaal
ierusalem,Jerusalem
ierusalems,Jerusalem's
Ierusalemy,Yerushalmi
Ierushalem,Jerusalem
Iesabell,Jezebel
Iesns,Jesus
Iesse,Jesse
iest,jest
iested,jested
iesting,jesting
iests,jests
iesu,Jesus
Iesuit,Jesuit
Iesuite,Jesuit
Iesuited,Jesuited
Iesuites,Jesuits
Iesuitical,Jesuitical
Iesuiticall,Jesuitical
iesuits,Jesuits
Iesus,Jesus
iethro,Jethro
iew,Jew
iewe,Jew
Iewel,Jewel
Ieweller,Jeweler
iewels,jewels
Iewishe,Jewish
iewrie,Jewry
Iewry,Jewry
iews,Jews
Iezabel,Jezebel
Iezabell,Jezebel
Iezabels,Jezebels
Iezebel,Jezebel
Iezreel,Jezreel
ignatius,Ignatius
ignominie,ignominy
ignorante,ignorant
ignorantlie,ignorantly
ignoraunce,ignorance
ignoraunt,ignorant
ignoraunte,ignorant
Ihon,John
iiij,iv
iij,iii
ij,ii
I'l,I will
Ilands,Islands
I'le,I will
ille,ill
illegall,illegal
illiberall,illiberal
illightened,enlightened
illightned,enlightened
illnesse,illness
illuminat,illuminate
illustrats,illustrates
imagerie,imagery
Imageworshipping,Image worshipping
imagin,imagine
imaginacion,imagination
imagin'd,imagined
imagine'd,imagined
imaginrie,imaginary
imbarqued,embarked
imbecillitie,imbecility
imbezill,embezzle
imbitter,embitter
imboldned,emboldened
imbrace,embrace
imbraced,embraced
imbracement,embracement
imbracements,embracements
imbraces,embraces
imbraceth,embraceth
imbracing,embracing
imbracings,embracings
imbrasing,embracing
imbroidered,embroidered
imbroidery,embroidery
imbroyled,embroiled
I'me,I am
imediately,immediately
imediatly,immediately
immagination,imagination
immateriall,immaterial
immeation,imitation
immediat,immediate
immediatelie,immediately
immediatie,immediate
immediatly,immediately
immers'd,immersed
immerst,immersed
immitate,imitate
immitation,imitation
immoderatly,immoderately
immooueable,immovable
immortalitie,immortality
immortallity,immortality
immoueable,immovable
immoveableness,immovableness
immutabilitie,immutability
impair'd,impaired
impaire,impair
impalpabile,impalpable
Imparative,Imperative
imparitie,imparity
imparteth,imparts
impartiall,impartial
im-passable,impassable
impatiencie,impatiency
impayring,impairing
impe,imp
imperatiue,imperative
impes,imps
impetuousnesse,impetuousness
impietie,impiety
impiouslie,impiously
implicite,implicit
implicitely,implicitly
implieth,implies
imploied,employed
imploies,employs
imploiment,employment
imploiments,employments
imploy,employ
imploye,employ
imployed,employed
imployeth,employeth
imploying,employing
imployment,employment
Imployments,Employments
implye,imply
implyes,implies
implyeth,implieth
implys,implies
impoisoned,empoisoned
imporieth,importeth
importe,import
importes,imports
importun'd,importuned
importunitie,importunity
impos'd,imposed
imposible,impossible
Impossibile,Impossible
impossibilitie,impossibility
Impostour,Impostor
impotencie,impotency
impouerish,impoverish
impouerished,impoverished
impouerishing,impoverishing
impowred,empowered
impoysoned,empoisoned
impress'd,impressed
impresse,impress
imprison'd,imprisoned
improbabile,improbable
improoue,improve
improoues,improves
improove,imrpove
impropriates,improprieties
improue,improve
improued,improved
improuement,improvement
improuidence,improvidence
improuident,improvident
improuing,improving
improveable,improvable
improvment,improvement
impudentlie,impudently
impugne,impunge
impuritie,impurity
imputatiue,imputative
imputeth,imputes
impvted,imputed
imutable,immutable
inabilitie,inability
inabled,enabled
inabling,enabling
inacted,enacted
inamored,enamored
inamoured,enamored
Inattentivenesse,Inattentiveness
incamped,encamped
incapeable,incapable
incarnat,incarnate
Incarntion,Incarnation
incence,incense
incens'd,incensed
incentiues,incentives
incertainties,uncertainties
inchanter,enchanter
Inchanters,Enchanters
inchanting,enchanting
inchantment,enchantment
inchantments,enchantments
inchaunted,enchanted
inchurched,enchurched
incircled,encircled
incircumcision,uncircumcision
Incke,Ink
inckling,inkling
inclinatiuely,inclinatively
inclos'd,enclosed
inclosures,enclosures
inclusiuely,inclusively
inclyned,inclined
incombrance,encumbrance
incommutabile,incommutable
incompassed,encompassed
incomperable,incomparable
incompleatly,incompletely
inconsiderately,inconsiderately
inconsideratenesse,inconsiderateness
inconsideratly,inconsiderately
Inconstancie,Inconstancy
inconuenience,inconvenience
inconueniences,inconveniences
inconuenient,inconvenient
inconveniances,inconveniences
inconveniencie,inconveniency
incorporeall,incorporeal
Incorrigiblenesse,Incorrigibleness
incounter,encounter
incounters,encounters
incountred,encountered
incourage,encourage
incouraged,encouraged
incouragement,encouragement
Incouragements,Encouragements
incourages,encourages
incourageth,encourageth
incouraging,encouraging
increace,increase
increas,increase
increas'd,increased
increase'd,increased
incredulitie,incredulity
incroach,encroach
incroached,encroached
incroaching,encroaching
incroachments,encroachments
incrocheth,encroacheth
incur'd,incurred
incurr,incur
Indanger,Endanger
indangered,endangered
indangering,endangering
indangers,endangers
indeare,endear
indeared,endeared
indeauour,endeavor
indeauoures,endeavors
indeavoring,endeavoring
indeavour,endeavor
indeavoured,endeavored
indeavoureth,endeavoreth
indeavouring,endeavoring
indeavours,endeavors
indecencie,indecency
inded,indeed
indede,indeed
indeede,indeed
indeeded,indeed
indefinit,indefinite
indeleble,indelible
Indempnity,Indemnity
independance,independence
independancy,independency
Independants,Independents
Independencie,Independency
indeuer,endeavor
indeuor,endeavor
indeuored,endeavored
indeuotion,indevotion
indeuour,endeavor
indeuoured,endeavored
indeuoureth,endeavoreth
indeuours,endeavors
indevour,endeavor
indevours,endeavors
indewed,endeued
indgement,judgment
indian,Indian
indicatiue,indicative
indiferent,indifferent
Indifferencie,Indifferency
indifferentlie,indifferently
indigne,indign
indignitie,indignity
indirectlie,indirectly
indiscernable,indiscernible
indiscreete,indiscrete
indispensablenesse,indisposableness
indited,indicted
indiuiduall,individual
individuable,indivisible
individuall,individual
individualls,individuals
indowed,endowed
indowments,endowments
indue,endue
indued,endeued
indulg'd,indulged
indulgencie,indulgency
indure,endure
indured,endured
indureth,endures
industrie,industry
industrye,industry
indytement,indictment
ineffectuall,ineffectual
inequalitie,inequality
inequall,unequal
ineuitable,inevitable
ineuitably,inevitably
inexcusablenesse,inexcusableness
inexcuseable,inexcusable
inexorablenesse,inexorableness
infallably,infallibly
infallibilitie,infallibility
infamie,infamy
infamye,infamy
infeebled,enfeebled
infelicitie,infelicity
infer'd,inferred
inferioritie,inferiority
inferiours,inferiors
Infernall,Infernal
inferr,infer
inferres,infers
inferrs,infers
infetiour,inferior
infideles,infidels
infidelitie,infidelity
infidell,infidel
Infidells,Infidels
infinitelie,infinitely
infinitenes,infiniteness
infinitie,infinity
infinitly,infinitely
infirmites,infirmities
infirmitie,infirmity
infirmityes,infirmities
inflicteth,inflicts
influance,influence
influxe,influx
infolded,unfolded
inforced,enforced
inforces,enforces
inforceth,enforces
informd,informed
informe,inform
informes,informs
infoulded,unfolded
infrugall,infrugal
infus'd,infused
infuseth,infuses
infvsion,infusion
ingadge,engage
ingadged,engaged
ingag'd,engaged
ingagements,engagements
ingages,engages
ingageth,engageth
ingaging,engaging
ingendered,engendered
ingenders,engenders
ingendreth,engendereth
ingenuitie,ingenuity
ingraffe,engraff
ingraffed,ingrafted
ingraffing,engraffing
ingraft,engraft
ingrafted,engrafted
ingrafting,engrafting
ingrasfed,engraffed
ingratefull,ungrateful
ingraued,engraved
ingrauen,engraven
ingrauing,engraving
ingrave,engrave
ingraved,engraved
ingraven,engraven
ingraving,engraving
ingresse,ingress
ingrosse,engross
ingrossed,engrossed
Ingrosser,Engrosser
ingrosseth,engrosseth
ingulfe,engulf
Inhabibitants,Inhabitants
inhabitanes,inhabitants
inhabitans,inhabitants
inhabitantes,inhabitants
inhabite,inhabit
inhaerent,inherent
inhanced,enhanced
inherencie,inherency
inheritaunce,inheritance
inherite,inherit
inheriters,inheritors
inheritours,inheritors
inhibite,inhibit
inhumanitie,inhumanity
inioie,enjoy
inioined,enjoined
inioye,enjoy
inioyed,enjoyed
inioying,enjoining
inioyne,enjoin
inioyned,enjoined
inioynes,enjoins
inioyneth,enjoins
inioyning,enjoining
iniquite,iniquity
iniquitie,iniquity
iniquitye,iniquity
iniunction,injunction
Iniunctions,Injunctions
iniure,injure
iniured,injured
iniurer,injurer
iniurers,injurers
iniurie,injury
iniuried,injured
iniurious,injurious
iniury,injury
iniurye,injury
iniustice,injustice
injoined,enjoined
injoins,enjoins
injoy,enjoy
injoyes,enjoys
injoyeth,enjoyeth
injoying,enjoying
Injoyment,Enjoyment
injoyments,enjoyments
injoyn,enjoin
injoyne,enjoin
injoyned,enjoined
injoynes,enjoins
injoyneth,enjoineth
injoyning,enjoining
injoyns,enjoins
injoys,enjoys
injur'd,injured
injurie,injury
injuste,unjust
inke,ink
inkindled,enkindled
inkindles,enkindles
inlarg'd,enlarged
inlarge,enlarge
inlarged,enlarged
inlargement,enlargement
inlargements,enlargements
inlarges,enlarges
inlargeth,enlargeth
inlarging,enlarging
inlighen,enlighten
inlighten,enlighten
inlighteneth,enlighteneth
inlightening,enlightening
inlightens,enlightens
inlightned,enlightened
inlightneth,enlighteneth
inliven,enliven
inlivening,enlivening
Inne,Inn
Innes,Inns
innocencie,inoccency
innocente,innocent
innocentes,innocents
innouation,innovation
innouations,innovations
innumerablenesse,innumerableness
innumerrble,innumerable
inordinatenesse,inordinateness
inordinatly,inordinately
inoughe,enough
Inquisitiō,Inquisition
Inquisitour,Inquisitor
Inquisitours,Inquisitors
inquitie,iniquity
inquity,iniquity
inresistably,irresistibly
inrespect,in respect
inrich,enrich
inriched,enriched
inriches,enriches
inricheth,enriches
inriching,enriching
inrode,inroad
inrodes,inroads
inrolled,enrolled
insending,in sending
insensiblenesse,insensibleness
inseperable,inseperable
inseperably,inseparably
Insidels,Infidels
insinite,infinite
insinuateth,insinuates
inslave,enslave
insnar'd,ensnared
insnarled,ensnarled
insolencie,insolency
insoliditie,insolidity
inspir'd,inspired
instante,instant
insteed,instead
insteede,instead
instice,justice
instifie,justify
instrnmental,instrumental
instructe,instruct
instructers,instructors
Instrumens,Instruments
instrumentall,instrumental
instrumentes,instruments
insue,ensue
insued,ensued
insueth,ensueth
insufficiencie,insufficiency
insuing,ensuing
insused,infused
in't,in it
intail'd,entailed
intangled,entangled
intanglements,entanglements
intangleth,entangles
integritie,integrity
intelligunt,intelligent
intemperancie,intemperance
intemperatenesse,intemperateness
intendement,intendment
intensivesy,intensity
intensnesse,intenseness
intentes,intents
intentionall,intentional
intentione,intention
intentiuely,intentively
interceed,intercede
interceeded,interceded
interceedeth,intercedeth
interceeding,interceding
Intercessour,Intercessor
intercessours,intercessors
interdited,interdicted
interessed,interested
intereste,interest
intermedle,intermeddle
intermedleth,intermeddleth
intermedling,intermeddling
interpofed,interposed
interpos'd,interposed
interpretacion,interpretation
interpretatione,interpretation
interpretatur,interpretor
interprete,interpret
interpreteth,interprets
interpretor,interpreter
interpretors,interpreters
interpretour,interpreter
interpretours,interpreters
interprett,interpret
interprises,enterprises
interr'd,interred
Interrogatiue,Interrogative
intertain,entertain
intertaine,entertain
intertained,entertained
intertainement,entertainment
intertaining,entertaining
intertainment,entertainment
intertains,entertains
intertayned,entertained
interternally,internally
inthrall,enthrall
intice,entice
inticed,enticed
inticement,enticement
inticeth,entices
inticing,enticing
intimat,intimate
intirely,entirely
intirenesse,entireness
intise,entice
intised,enticed
intiseth,entices
intising,enticing
intitle,entitle
intolerablenesse,intolerableness
intollerable,intolerable
intoo,into
intrails,entrails
intrals,entrails
intrap,entrap
intreat,entreat
intreate,entreat
intreated,entreated
intreates,entreats
intreatie,entreaty
intrenching,entrenching
intrest,interest
intrinsecal,intrinsical
intrinsecall,intrinsical
introduc'd,introduced
intrusted,entrusted
inuade,invade
inuaded,invaded
inuading,invading
inualuable,invaluable
Inuasion,Invasion
inuasions,invasions
inuectiue,invective
inuectiues,invectives
inueigh,inveigh
inueighed,inveighed
inueigheth,inveigheth
inueigling,inveigling
inuent,invent
inuented,invented
inuenting,inventing
inuention,invention
inuentions,inventions
Inuentory,Inventory
inuersion,inversion
inuert,invert
inuerted,inverted
inuerting,inverting
inuested,invested
inuesting,investing
inueterate,inveterate
inuey,inveigh
inuinciblie,invincibly
inuincibly,invincibly
inuiolable,inviolable
inuiolably,inviolably
inuironed,environed
inuisible,invisible
inuisibly,invisibly
inuitation,invitation
inuite,invite
inuited,invited
inuites,invites
inuiteth,inviteth
inuocate,invoke
inuocated,invocated
inuocation,invocation
inuolue,involve
inuoluntary,involuntary
inuulnerable,invulnerable
inveagle,inveigle
invectiues,invectives
invenomed,envenomed
inventioons,inventions
invironed,environed
invisiblenesse,invisibleness
invocatione,invocation
invvard,inward
inwarde,inward
inwardlie,inwardly
inwardnesse,inwardness
inwrappeth,enwrappeth
inyquyte,iniquity
Ioabs,Joab's
Ioachim,Joachim
ioachimus,Joachim
Ioane,Joan
Ioanes,Joan’s
Ioanna,Joanna
Ioannes,Johannes
Ioas,Joash
iob,Job
Iobel,Jobel
iocob,Jacob
Iod,Yod
ioel,Joel
ioh,John
Iohan,Johan
Iohanan,Johanan
Iohannes,Johannes
Iohn,John
Iohnson,Johnson
Iohnsons,Johnson's
Iohnston,Johnston
Ioiada,Joiada
ioie,joy
ioies,joys
ioifull,joyful
ioin,join
ioin'd,joined
ioine,join
ioined,joined
ioineth,joins
ioining,joining
ioint,joint
ioints,joints
iointure,jointure
iollitie,jollity
iolly,jolly
Iona,Jonah
Ionah,Jonah
Ionahs,Jonah's
ionas,Jonas
Ionathas,Jonathan
Iones,Jones
Ioppa,Joppa
ioram,Joram
Iordan,Jordan
Iordane,Jordan
Iorden,Jordan
iorney,journey
ios.,Joshua
iosaphat,Josaphat
ioseph,Joseph
Iosephes,Joseph's
iosephus,Josephus
Ioses,Joses
Iosh,Josh
Ioshu,Joshua
Ioshua,Joshua
Ioshuah,Joshua
Ioshuahs,Joshua's
Iosiah,Josiah
Iosiahs,Josiah's
iosias,Josiah
iosua,Joshua
iosua*,Joshua
Iosuah,Joshua
iosuas,Joshua
iot,jot
iote,jot
Iotham,Jotham
Iothams,Jotham's
Ioue,Jove
Iouialty,Joviality
iouinian,jovinian
Iourney,Journey
iourneyed,journeyed
iourneyes,journeys
Iourneying,Journeying
iourneys,journeys
iournie,journey
iournies,journeys
iourny,journey
iournyes,journeys
Iove,Jove
Iovian,Jovian
iowe,I owe
ioy,joy
ioyand,joy and
ioye,joy
ioyed,joyed
ioyful,joyful
ioyfull,joyful
ioyfully,joyfully
ioyfulnes,joyfulness
Ioyfulnesse,Joyfulness
ioyn,join
ioyne,join
ioyned,joined
ioynes,joins
ioyneth,joins
ioyning,joining
ioynt,joint
ioyntes,joints
ioyntly,jointly
ioynts,joints
ioyntsickenesse,jointsickness
ioyous,joyous
Ioys,Joys
Iphtah,Jephthah
irefull,ireful
Irelande,Ireland
Irelands,Ireland's
ireneus,Irenaeus
irkesome,irksome
irksom,irksome
ironicall,ironical
Ironie,Irony
irreconcileably,irreconcilably
irrecouerably,irrecoverably
irregularitie,irregularity
irreiterabile,irreiterable
irresistably,irresistibly
irresistiblenesse,irresistibleness
irreuerently,irreverently
irreuocablie,irrevocably
isaac,Isaac
Isaack,Isaac
Isaacke,Isaac
Isaacks,Isaac's
isaacs,Isaac's
Isaak,Isaac
Isaake,Isaac
Isaaks,Isaac's
Isack,Isaac
isai,Isaiah
isai.,Isaiah
Isaiahs,Isaiah's
Isaias,Isaiah
Isaie,Isaiah
isaie.,Isaiah
isalowed,is allowed
Isay,Isaiah
Isayah,Isaiah
iscariot,Iscariot
Ishamel,Ishmael
Ishmaels,Ishmael's
ismael,Ishmael
Ismaelites,Ishmaelites
Ismaell,Ishmael
Ismaels,Ishmael's
Ismail,Ishmael
israelites,Israelites
Israelitesse,Israelitess
Israelitis,Israelites
israelits,Israelites
israell,Israel
Israells,Israel's
Israels,Israel's
Isra'l,Israel
Isralites,Israelites
Isr'el,Israel
Issachars,Issachar’s
issueth,issues
is't,is it
it selfe,itself
italie,Italy
ith',in the
i'th,in the
itis,it is
i'ts,its
'its,its
itselfe,itself
Iubile,Jubilee
Iubilee,Jubiliee
iud,judgment
iuda,Judah
Iudaea,Judea
Iudaeus,Judaeus
iudah,Judah
Iudahs,Judah's
Iudaicall,Judaical
Iudaism,Judaism
Iudaisme,Judaism
Iudaize,Judaize
Iudaizing,Judaizing
iudas,Judas
Iudasses,Judases
iude,Jude
Iudea,Judea
Iudeah,Judea
Iudes,Jude’s
Iudg,Judge
iudge,judge
iudged,judged
iudgeing,judging
iudgeme,judgment
iudgememt,judgment
iudgemente,judgement
iudgementes,judgments
iudgements,judgments
iudges,judges
iudgest,judgest
iudgeth,judges
iudgment,judgment
iudgments,judgments
iudgyng,judging
Iudicature,Judicature
iudiciall,judicial
iudicially,judicially
Iudicials,Judicials
iudicious,judicious
Iudith,Judith
Iuell,Jewel
Iuels,Jewel's
Iues,Jews
iufinite,infinite
Iugde,Judge
Iugement,Judgment
Iuggling,Juggling
Iuglers,Jugglers
iugling,juggling
iuice,juice
iuliam,Juliam
Iulians,Julian's
Iulie,July
iulius,Julius
Iuly,July
iune,June
Iunior,Junior
Iuniper,Juniper
iunius,Junius
iunkets,junkets
Iuory,Ivory
Iupiters,Jupiter's
Iuppiter,Jupiter
iure,jure
iurisdiction,jurisdiction
Iurors,Jurors
iury,jury
iust,just
iuste,just
iustely,justly
Iustes,Justs
Iusticer,Justicer
Iustices,Justices
Iusticiaries,Justiciaries
iustifiable,justifiable
iustifica,justification
iustificacion,justification
iustification,justification
Iustificatione,Justification
iustifications,justifications
iustifie,justify
iustifieng,justifying
Iustifies,Justifies
iustifieth,justifieth
iustifiyng,justifying
iustify,justify
iustifye,justify
iustifyed,justified
iustifying,justifying
iustina,Justina
Iustinian,Justinian
Iustinus,Justinus
iustlie,justly
iustlye,justly
iustyce,justice
Iuterpretation,Interpretation
iuuenal,juvenile
Iuvenal,Juvenal
iuyce,juice
IVDGES,JUDGES
I've,I have
ivstice,justice
Izhak,Isaac
Jacobs,Jacob's
Jansenius,Jansen
jarre,jar
jarres,jars
jawes,jaws
Jayl,Jail
Jayle,Jail
Jayler,Jailor
Jaylor,Jailor
Jaylors,Jailors
jeare,jeer
jeared,jeered
jearing,jeering
jeast,jest
jeasteth,jesteth
jeasting,jesting
Jechoniah,Jeconiah
jeer'd,jeered
jeere,jeer
Jehoiakin,Jehoiakim
Jehojada,Jehoiada
Jehojadah,Jehoiadah
Jehojakim,Jehoiakim
jehoram,Jehoram
Jehosaphat,Jehoshaphat
jehoshaphat,Jehoshaphat
Jehoshaphats,Jehoshaphat’s
Jehosophat,Jehoshaphat
Jehova,Jehovah
jehovah,Jehovah
Jehovahs,Jehovah's
jelousie,jealousy
Jemme,Gem
Jephtah,Jephthah
Jeptha,Jephthah
jer.,Jeremiah
jeremiah,Jeremiah
Jeremiahs,Jeremiah's
Jeremie,Jeremiah
Jeremies,Jeremiah's
Jerico,Jericho
Jerom,Jerome
jerome,Jerome
Jeroms,Jerome’s
jerusalem,Jerusalem
jesture,gesture
Jesuite,Jesuit
Jesuites,Jesuits
Jesuiticall,Jesuitical
jesuits,Jesuits
jesus,Jesus
Jesvs,Jesus
jewell,jewel
Jezabels,Jezebel's
Jf,If
Joabs,Joab's
Joell,Joel
joh.,John
Johannis,Johannes
John Baptist,John the Baptist
Johua,Joshua
joies,joys
join'd,joined
joine,join
jollitie,jollity
Jona,Jonah
jonah,Jonah
jonathan,Jonathan
Joshuah,Joshua
Josiahs,Josiah's
Josuah,Joshua
jote,jot
Jothams,Jotham’s
Journall,Journal
journied,journeyed
journies,journeys
journying,journeying
journyings,journeyings
joviall,jovial
jovning,joining
joye,joy
joyfull,joyful
joyfulnesse,joyfulness
joylesse,joyless
joyn,joined
joynd,joined
joyne,join
joynes,joins
joyneth,joineth
joyns,joins
joynt,joint
joynted,jointed
joynting,jointing
joynts,joints
Joynture,Jointure
jsrael,Israel
Juda,Judah
judah,Judah
Judahs,Judah's
Judaicall,Judaical
Judaisme,Judaism
Judg,Judge
judg'd,judged
judgeing,judging
judgemens,judgments
judgement,judgment
Judgements,Judgments
judgemnets,judgments
Juel,Jewel
jugement,judgment
jugements,judgments
Jugler,Juggler
Juglers,Jugglers
jugling,juggling
juglings,jugglings
jumpe,jump
junius,Junius
Jupiters,Jupiter's
juridicall,juridical
Jurie,Jury
Justication,Justification
justific,justify
justificatio,justification
justificatione,justification
justifie,justify
‎justifieth,justifies
justifiing,justifying
justify'd,justified
justifyed,justified
justifyeth,justifieth
justin,Justin
justine,Justin
justlie,justly
Juyce,Juice
kaies,keys
Kaine,Cain
kalender,calendar
kall,caul
kedar,Kedar
Kederminster,Kidderminster
keene,keen
keepeeh,keeps
keepes,keeps
keepeth,keeps
keept,kept
keepyng,keeping
keies,keys
keip,keep
kennell,kennel
kepe,keep
keper,keeper
kepers,keepers
kepeth,keeps
‎keping,keeping
kepte,kept
kepyng,keeping
keyes,keys
kick'd,kicked
kicke,kick
kickes,kicks
Kiderminster,Kidderminster
kidneyes,kidneys
kil,kill
kild,killed
kill'd,killed
killes,kills
kilture,kilter
kindenesse,kindness
kindenesses,kindnesses
kindes,kinds
kindgome,kingdom
kindleth,kindles
kindnes,kindness
kindnesse,kindness
Kindom,Kingdom
kindome,kingdom
kindr,kinder
kinge,king
kingedome,kingdom
kinges,kings
kinne,kin
kinred,kindred
kinreds,kindreds
kinsemen,kinsmen
kinsfolke,kinsfolk
kinsfolkes,kinsfolks
Kirkes,Kirks
kiss'd,kissed
kisse,kiss
kissyng,kissing
kitchin,kitchen
knaue,knave
knauerie,knavery
knauery,knavery
knaues,knaves
knawledge,knowledge
kneele,kneel
kneeles,kneels
kneelyng,kneeling
knele,kneel
kneling,kneeling
knels,knells
knelyng,kneeling
knewe,knew
knighte,knight
knitte,knit
kniues,knives
knock'd,knocked
knocke,knock
knockes,knocks
knockt,knocked
knovve,know
knovveth,knoweth
knovvledge,knowledge
know̄,known
knowe,know
knoweledge,knowledge
knowen,known
knowest,knows
knoweth,knows
knowinge,knowing
knowledg,knowledge
-knowledg,knowledge
knowlege,knowledge
knowne,known
knowst,knowest
know'st,knowest
knowyng,knowing
knowynge,knowing
knw,knew
knyght,knight
Korban,Corban
kyll,kill
kylleth,killeth
kyn,kin
kynd,kind
kynde,kind
kyndes,kinds
kyndnes,kindness
kyndnesse,kindness
kyng,king
kyngdom,kingdom
kyngdome,kingdom
kyngdomes,kingdoms
kynge,king
kyngedome,kingdom
kynges,kings
kyngis,king's
kyngs,kings
kysse,kiss
laban,Laban
Labans,Laban's
labor'd,labored
labore,labor
laborsous,laborious
laboures,labors
labourest,laborest
laboureth,labors
labourious,laborious
labouryng,laboring
labovr,labor
lacedemonians,Lacedaemonians
lacraments,sacraments
ladie,lady
Ladiship,Ladyship
Ladiships,Ladyship's
Ladye,Lady
Ladyes,Ladies
Laeprosie,Leprosy
Laick,Laic
Laicks,Laics
laide,laid
laie,lay
laied,laid
laieng,laying
laiest,lay
laieth,lays
laine,lain
Laitie,Laity
Lambheth,Lambeth
lamech,Lamech
lamen,lament
lanch,launch
lanched,launched
lancheth,launcheth
lande,land
landes,lands
lanke,lank
lanthorne,lantern
laodicea,Laodicea
lapp,lap
lapp'd,lapped
lappe,lap
laps'd,lapsed
lapst,lapsed
lapt,lapped
larg,large
largenes,largeness
largenesse,largeness
largly,largely
Larke,Lark
lasciuious,lascivious
lasciuiousnes,lasciviousness
lasciuiousnesse,lasciviousness
lasciviousnesse,lasciviousness
lasly,lastly
laste,last
lastes,lasts
latelie,lately
Laterane,Lateran
Lattine,Latin
lattise,lattice
lattre,latter
lattter,latter
Latymer,Latimer
latyne,Latin
laudible,laudable
lauer,laver
laugh'd,laughed
laughe,laugh
laughes,laughs
laught,laughed
lauishly,lavishly
launced,lanced
launcing,lancing
laurent,Laurent
lavved,lawed
lavves,laws
lawdable,laudable
lawe*,law
lawefully,lawfully
lawers,lawyers
lawfullnesse,lawfulness
lawfulnes,lawfulness
lawfulnesse,lawfulness
lawfuly,lawfully
lawgiuer,lawgiver
Lawier,Lawyer
lawiers,lawyers
lawlesse,lawless
Lawrel,Laurel
laxe,lax
layd,laid
layde,laid
laye,lay
layes,lays
layeth,lays
layinge,laying
layler,Jailor
layn,lain
Lazarns,Lazarus
lazarus,Lazarus
lazie,lazy
lazines,laziness
leade,lead
leadeth,leads
leadyng,leading
leage,league
leah,Leah
Leahs,Leah's
leake,leak
leane,lean
leanenesse,leanness
leanes,leans
leannesse,leanness
leape,leap
leapes,leaps
Leaprosie,Leprosy
leaprous,leprous
learn'd,learned
learne,learn
learnes,learns
learninge,learning
learnit,learned
learnyng,learning
leasurely,leisurely
leau,leave
leaud,lewd
leaudnesse,lewdness
leaue,leave
leauened,leavened
leaueneth,leaveneth
leauens,leavens
leaues,leaves
leauest,leavest
leaueth,leaves
leauing,leaving
leauings,leavings
leauyng,leaving
leauynge,leaving
leav,leave
leaveing,leaving
leaven'd,leavened
leavie,levy
leavs,leaves
lecherie,lechery
lectione,lection
lectiones,lections
LECTVRE,LECTURE
ledd,led
ledde,led
leest,least
leeue,leave
leeving,leaving
lefte,left
Legacie,Legacy
legall,legal
legg,leg
legge,leg
legges,legs
leggs,legs
Leige,Liege
leight,light
Leivtenant,Lieutenant
lende,lend
lenght,length
lengthe,length
lengthned,lengthened
lengthning,lengthening
lenitie,lenity
leo,Leo
leprosie,leprosy
lerne,learn
lerning,learning
lesse,less
lessned,lessened
lessoneth,lesseneth
lesuites,Jesuits
lesus,Jesus
Letanies,Litanies
Letany,Litany
Lethargicall,Lethargical
Lethargicke,Lethargic
lett,let
lette,let
lettes,lets
letteth,lets
Lettice,Lettuce
lettre,letter
letts,lets
leud,lewd
leude,lewd
leudnesse,lewdness
leue,leave
leuell,level
leuelled,levelled
leuen,leaven
leuer,liefer
Leui,Levi
Leuiathan,Leviathan
Leuie,Levi
leuied,levied
Leuit,Levite
Leuite,Levite
leuites,Levites
leuiticus,Leviticus
leuitie,levity
Leuits,Levites
leuity,levity
level'd,leveled
levell,level
levened,leavened
leviatham,Leviathan
levie,levy
Levit,Levite
levit.,Leviticus
levite,Levite
levites,Levites
Leviticall,Levitical
levitie,levity
Levits,Levites
levyed,levied
lewdnes,lewdness
lewdnesse,lewdness
Lewes,Louis
leysure,leisure
lfft,left
liablenesse,liableness
libanon,Lebanon
libcrtie,liberty
libell,libel
libells,libels
liberallie,liberally
liberte,liberty
Libertinisme,Libertinism
libertye,liberty
libertyes,liberties
librarie,library
licencious,licentious
licenciousnesse,licentiousness
Licentiousnesse,Licentiousness
lick'd,licked
licke,lick
lickt,licked
licorish,licorice
lieng,lying
lieth,lies
Lieuetenant,Lieutenant
Lieuetenaunt,Lieutenant
liew,lieu
lifes,life's
liffe,life
lifte,lift
liftinge,lifting
lighte,light
lightenings,lightnings
lightes,lights
lightlie,lightly
lightned,lightened
lightneth,lighteneth
lightsom,lightsome
lightsomenesse,lightsomeness
lightsomnesse,lightsomeness
lik'd,liked
likeing,liking
likelie,likely
likelihoode,likelihood
likelyest,likeliest
likelyhoode,likelihood
likenes,likness
likenesse,likeness
liketh,likes
likewayes,likeways
likeweise,likewise
likewyse,likewise
liklihood,likelihood
likly,likely
Lilie,Lily
Lillie,Lily
Lilly,Lily
Lillyes,Lillies
limbe,limb
limbes,limbs
limho,limbo
limite,limit
limitted,limited
limme,limb
lims,limbs
lincked,linked
Lincolnes,Lincolns
lin'd,lined
lingred,lingered
lingring,lingering
link'd,linked
linke,link
linkes,links
linkt,linked
linnen,linen
Lionesse,Lioness
liquour,liquor
liquours,liquors
lispes,lisps
liste,list
listlesnesse,listlessness
listlisnesse,listlessness
listned,listened
listning,listening
literall,literal
Litergie,Liturgy
litigantes,litigants
litteral,literal
litterall,literal
litterally,literally
litterature,literature
littlenesse,littleness
liturgie,liturgy
liu'd,lived
liue,live
liued,lived
liuelesse,liveliness
liuelie,lively
liuelihood,livelihood
liuelinesse,liveliness
liuelye,lively
liuer,liver
liuerie,livery
liuers,livers
Liuery,Livery
liues,lives
liuest,livest
liuinge,living
liuings,livings
liuyng,living
liuynge,living
liuynges,livings
liuyngs,livings
liv'd,lived
liveing,living
liveless,lifeless
livelesse,lifeless
Livelie,Lively
livelinesse,liveliness
livelyhood,livelihood
livelynesse,liveliness
liverie,livery
livest,live
liveth,lives
Livie,Livy
loade,load
loaden,loaded
loafe,loaf
loane,loan
loathnesse,loathsomeness
loaths,loathes
loathsomenes,loathsomeness
loathsomenesse,loathsomeness
loathsomness,loathsomeness
loathsomnesse,loathsomeness
locke,lock
lockes,locks
lockt,locked
Locustes,Locusts
lodge'd,lodged
loftie,lofty
loftinesse,loftiness
logges,logs
Logicall,Logical
Logique,Logic
loines,loins
loked,looked
loketh,looketh
lokyng,looking
lokynge,looking
Lollardes,Lollards
lombard,Lombard
Lombardes,Lombards
lombards,Lombards
lome,loam
Londiners,Londoners
london,London
Londons,London's
LONDOUN,LONDON
long'd,longed
long'st,longest
long-suffering,longsuffering
longue,long
longueings,longings
longues,longs
longuings,longings
looce,loose
look'd,looked
looke,look
lookes,looks
looketh,looks
lookingglass,looking glass
lookit,looked
lookt,looked
look't,looked
lookyng,looking
loosenes,looseness
loosenesse,looseness
loosly,loosely
loosned,loosened
Loosness,Looseness
loosnesse,looseness
loosneth,looseneth
lopp'd,lopped
lopt,lopped
lorde,lord
lordes,lords
lordlinesse,lordliness
Lords,Lord's
Lordshippe,Lordship
Lorrain,Lorraine
losed,loosed
loste,lost
Lotery,Lottery
lothes,loathes
lothesome,loathsome
lothness,loathness
lothnesse,loathness
lothsome,loathsome
Lott,Lot
lotte,lot
lottes,lots
Lotts,Lots
Louane,Leuven
lou'd,loved
loude,loud
Loudoun,London
loue,love
loued,loved
louer,lover
louers,lovers
loues,loves
louest,lovest
loueth,loves
louing,loving
louinge,loving
louyng,loving
louynge,loving
louyngly,lovingly
lov'd,loved
lovedst,loved
lovelinesse,loveliness
love-pouder,love-powder
lowd,loud
lowder,louder
lowdest,loudest
lowdly,loudly
lowe,low
lowlie,lowly
lowlinesse,lowliness
lowring,lowering
loyall,loyal
loyaltie,loyalty
loynes,loins
loyns,loins
loyter,loiter
Lubeck,Lübeck
luc.,Luke
Lucerna,Lucerne
lucianus,Lucianus
lucifer,Lucifer
lucke,luck
luckie,lucky
ludah,Judah
luk.,Luke
luke,Luke
lukewarme,lukewarm
lukewarmenesse,lukewarmness
lumbard,Lombard
lumpe,lump
lumpes,lumps
lunatick,lunatic
lunaticke,lunatic
lurke,lurk
lurkes,lurks
luste,lust
lustes,lusts
lustfull,lustful
lustfulnesse,lustfulness
lustie,lusty
lutheran,Lutheran
Lutheranes,Lutherans
Lutheranisme,Lutheranism
lutherans,Lutherans
Lutherians,Lutherans
luxurie,luxury
luxuriousnesse,luxuriousness
LVKE,LUKE
lybelled,libeled
lybertie,liberty
Lybia,Libya
lydia,Lydia
Lydias,Lydia's
lyed,lied
lyen,lain
lyeng,lying
lyenge,lying
lyer,liar
lyers,liars
lyest,liest
lyeth,lies
lyfe,life
lyfe*,life
lyft,lift
lyfte,lift
lyght,light
lyghtly,lightly
lyinge,lying
lyked,liked
lykenesse,likeness
lyketh,liketh
lykewise,likewise
lyking,liking
lymbe,limb
lymited,limited
lyne,line
lynes,lines
lyon,lion
Lyonesse,Lioness
lyons,lions
lyppes,lips
Lyran,Lyranus
lyst,liest
lytell,little
lytle,little
lyttle,little
Lyturgie,Liturgy
Lyturgies,Liturgies
lyued,lived
lyuely,lively
lyuing,living
lyuinge,living
lyuyng,living
lyuynges,livings
lyve,live
macchabees,Maccabees
macedonians,Macedonians
Machabees,Maccabees
Machabeus,Maccabeus
madd,mad
madnes,madness
madnesse,madness
mad'st,madest
Magdalen,Magdalene
magicall,magical
Magick,Magic
magicke,magic
Magisteriall,Magisterial
magistracie,magistracy
Magistraticall,Magistratical
Magitian,Magician
magnamity,magnanimity
magnanimitie,magnanimity
Magnetique,Magnetic
magnificall,magnifical
magnificenlty,magnificently
magnifie,magnify
magnifience,magnificence
magnifye,magnify
magnifyed,magnified
magnyfie,magnify
magnyfies,magnifies
Mahometanes,Muhammadans
Mahometanism,Muhammadanism
Mahometans,Muhammadans
Mahometism,Muhammadanism
Mahometisme,Muhammadism
Mahomets,Muhammad's
Mahumet,Muhammad
Mahumetan,Muhammadan
mai,may
maide,maid
maides,maids
maidseruants,maidservants
maie,may
maiest,mayest
maieste,majesty
maiesticall,majestical
maiesties,majesties
maiestrate,magistrate
maiestye,majesty
Maiestyes,Majesty’s
maime,maim
MAimonides,Maimonides
Maimony,Maimonides
maine,main
mainetaine,maintain
mainetained,maintained
mainetenance,maintenance
maintainance,maintenance
maintain'd,maintained
maintaines,maintains
maintayne,maintain
maintayned,maintained
maintayning,maintaining
mainteine,maintain
mainteiners,maintainers
mainteineth,maintaineth
mainteining,maintaining
maintenaunce,maintenance
mainteyn,maintain
mainteyne,maintain
mainteyned,maintained
mainteyning,maintaining
maior,major
maist,may
maister,master
maisters,masters
majesticall,majestical
majestick,majestic
majestie,majesty
Majesties,Majesty's
Majestrates,Magistrates
mak,make
makest,make
maketh,makes
makethe,maketh
makethnot,maketh not
makis,makes
maks,makes
mak'st,makest
makynge,making
malac,Malachi
malach,Malachi
Malachai,Malachi
malachie,Malachi
Malachy,Malachi
maladie,malady
Maldonat,Maldonado
Maldonate,Maldonado
Malecontent,Malcontent
malefactour,malefactor
malefactours,malefactors
Malefoctor,Malefactor
malepert,malapert
Maliceing,Malicing
maliciousnesse,maliciousness
maligne,malign
malitious,malicious
malitiousnesse,maliciousness
Malmsbury,Malmesbury
manag'd,managed
managment,management
Manassehs,Manasseh's
Manasses,Manasseh
Manasseth,Manasseh
manchilde,manchild
manded,commanded
mandement,commandment
mandements,commandments
maner,manner
maners,manners
mangod,man god
manhode,manhood
manhoode,manhood
manich,Manichaeism
Manicheis,Manichees
maniches,Manichaeans
manicled,manacled
manie,many
manier,manner
manifes,manifest
manifeste,manifest
manifestissime,manifestism
manifestlie,manifestly
manifestlye,manifestly
manifolde,manifold
manifould,manifold
‎mankinde,mankind
mankine,mankind
manlius,Manlius
mannage,manage
Mannaged,Managed
mannagement,management
Mannah,Manna
manne,man
manner'd,mannered
mannis,man's
Mannor,Manor
Mannour,Manor
mannys,man's
Manoahs,Manoah's
Manour,Manor
manseruant,manservant
manslaier,manslayer
manuall,manual
manumissione,manumission
manye,many
manyfest,manifest
manyfestly,manifestly
manyfestyng,manifesting
manyfolde,manifold
manythings,many things
Mapps,Maps
marchandises,merchandises
marchandize,merchandise
Marchant,Merchant
Marchants,Merchants
marchaundise,merchandise
Marchaunt,Merchant
marchauntes,merchants
march'd,marched
marche,march
mar'd,marred
Margarets,Margaret's
marginall,marginal
margine,margin
mariage,marriage
marie,marry
maried,married
Maries,Mary's
marieth,marrieth
mark'd,marked
marke,mark
‎markes,marks
markt,marked
marow,marrow
Marquesse,Marquess
Marquiss,Marquis
marr,mar
marr'd,marred
marrie,marry
marrieth,marries
Marriner,Mariner
marriners,mariners
marrs,mars
marryage,marriage
marryeth,marrieth
martiall,martial
Martine,Martin
martir,martyr
martirdome,martyrdom
Martirs,Martyrs
martius,March
Martyr'd,Martyred
Martyrdome,Martyrdom
Martyrdomes,Martyrdoms
Martyre,Martyr
maruaile,marvel
maruailing,marvelling
maruailous,marvelous
maruayle,marvel
marueile,marvel
marueiled,marveled
marueilous,marvelous
marueilouslie,marvelously
marueilously,marvelously
maruel,marvel
maruele,marvel
maruell,marvel
maruelled,marvelled
maruellous,marvelous
maruellously,marvelously
maruelous,marvelous
maruelously,marvelously
marueylous,marvelous
marueylouslye,marvelously
marvail,marvel
marvaile,marvel
marvailed,marveled
marvailous,marvelous
marveil,marvel
marveile,marvel
marveilous,marvelous
marveilously,marvelously
marvell,marvel
Marvellous,Marvelous
marvellously,marvelously
mary,Mary
maryage,marriage
Marye,Mary
maryed,married
marying,marrying
maryners,mariners
masqu'd,masked
masse,mass
massie,massy
Massoreth,Masoreth
Massorites,Masorites
massyest,massiest
masterpeice,masterpiece
mastiffe,mastiff
mastred,mastered
matche,match
Matchlesse,Matchless
Materiale,Material
materialls,materials
Mathematicall,Mathematical
Mathematicks,Mathematics
mathew,Matthew
Mathewe,Matthew
Mathewes,Matthews
matrimoniall,matrimonial
matrimonie,matrimony
matrimonye,matrimony
matrimonyes,matrimonies
matrone,matron
Mattens,Matins
matth,Matt.
matthew,Matthew
Matthewe,Matthew
Matthewes,Matthews
mattier,matter
Mattthew,Matthew
maundementes,commandments
Mauritius,Maurice
Maxime,Maxim
maximes,maxims
mayd,maid
mayde,maid
mayden,maiden
maydens,maidens
maydes,maids
maymed,maimed
mayn,main
mayne,main
maynit,may not
mayntain,maintain
mayntaine,maintain
mayntained,maintained
mayntayne,maintain
mayntayned,maintained
mayntayning,maintaining
mayntein,maintain
maynteine,maintain
mayntenance,maintenance
mayntenaunce,maintenance
maynteyn,maintain
maynteyne,maintain
maynteyned,maintained
may'st,mayest
mayste,mayest
mayster,master
maysters,masters
meagernesse,meagerness
meale,meal
meales,meals
meand,meant
meanely,meanly
meanenesse,meanness
meanes,means
meanesse,meanness
Meanetime,Meantime
meaninge,meaning
meannesse,meanness
meante,meant
meanyng,meaning
meanynge,meaning
meare,mere
measur'd,measured
meate,meats
Meatoffring,Meat offering
mebers,members
mechanicall,mechanical
Mechanick,Mechanic
med'cinal,medicinal
meddowes,meadows
medecine,medicine
mediat,mediate
mediatly,mediately
Mediatore,Mediator
mediatour,mediator
mediatours,mediators
mediatourship,mediatorship
mediatresse,mediatress
medicinable,medicinal
medicinall,medicinal
mediocritie,mediocrity
meditateth,meditates
Meditatitions,Meditations
meditatours,meditators
medled,meddled
medles,meddles
medleth,meddleth
medling,meddling
medly,medley
medow,meadow
Medowes,Meadows
Medows,Meadows
mee,me
meeke,meek
meekenes,meekness
meekenesse,meekness
meekned,meekened
meeknes,meekness
meeknesse,meekness
meening,meaning
meer,mere
meerely,merely
meeting,meeting
meetinges,meetings
meetnesse,meetness
mekenes,meekness
melancholick,melancholic
melancholie,melancholy
melancholike,melancholic
Melanchton,Melanchthon
Melancthons,Melanchthon's
Melancton,Melanchthon
Melchisedech,Melchizedek
Melchisedechs,Melchizedek's
Melchisedecs,Melchizedek’s
melchizedeks,Melchizedek's
melodie,melody
membre,member
membres,members
memoriae,memory
memoriall,memorial
memorye,memory
Menasseh,Manasseh
menber,member
menbers,members
menbres,members
mencion,mention
mencioned,mentioned
mendicantes,mendicants
menne,men
mennes,men's
mennys,men's
menseruants,menservants
ment,meant
Mentall,Mental
mention'd,mentioned
Mentz,Mainz
Mephibosheths,Mephibosheth’s
mercenarie,mercenary
Merchandizes,Merchandises
merciese,mercies
mercieseat,mercy seat
mercifulnesse,mercifulness
mercifvlnes,mercifulness
merciles,merciless
mercilesly,mercilessly
mercinary,mercenary
Mercis,Mercies
mercyes,mercies
mercyful,merciful
mercyfull,merciful
mercys,mercies
mereie,mercy
merey,mercy
meries,mercies
merily,merrily
merite,merit
merites,merits
meritoriousnesse,meritoriousness
meritoriovs,meritorious
Mermaide,Mermaid
merre,mere
merrie,merry
merrit,merit
meruaile,marvel
meruailous,marvelous
meruailously,marvelously
meruayle,marvel
merueile,marvel
merueilous,marvelous
meruell,marvel
meruelous,marvelous
mervaile,marvel
mervailous,marvelous
mery,merry
merye,merry
merytes,merits
mesheck,Meshech
mesias,Messiah
messias,Messiah
messingers,messengers
mesured,measured
mesures,measures
metall,metal
metalls,metals
metanymie,metonymy
Metaphore,Metaphor
metaphoricall,metaphorical
metaphoricallie,metaphorically
Metaphysicall,Metaphysical
Metaphysicks,Metaphysics
methinkes,methinks
methode,method
Metropolitane,Metropolitan
Metropolitanes,Metropolitans
mett,met
mettall,metal
mettals,metals
mette,met
mexico,Mexico
micah,Micah
Micahs,Micah's
Micajah,Micaiah
Micha,Micah
Micheas,Micah
Michol,Michal
middest,midst
middst,midst
midest,midst
midling,middling
Mid-night,Midnight
mid'st,midst
midwiues,midwives
mie,my
mighte,might
mightely,mightily
mightest,might
mightie,mighty
mightilie,mightily
mightinesse,mightiness
might'st,mightest
mightye,mighty
milde,mild
mildely,mildly
mildnes,mildness
Mildnesse,Mildness
milkie,milky
Millain,Milan
Millan,Milan
milstone,millstone
mindednes,mindedness
mindeful,mindful
mindfull,mindful
minerall,mineral
ministerie,ministry
Ministeries,Ministries
ministerii,ministry
ministery,ministry
ministerye,ministry
ministred,ministered
Ministres,Ministers
ministreth,ministereth
ministring,ministering
ministryand,ministery and
mirian,Miriam
Miror,Mirror
mirrhe,myrrh
mirrour,mirror
misapplyed,misapplied
misbeleef,misbelief
misbeleevers,misbelievers
miscariages,miscarriages
miscarie,miscarry
miscaried,miscarried
miscarrie,miscarry
mis-carry,miscarry
miscarryed,miscarried
miscary,miscarry
miscarying,miscarrying
miscellan,miscellany
mischeefe,mischief
mischeefes,mischiefs
mischeif,mischief
mischeife,mischief
mischeifes,mischiefs
mischeivous,mischievous
mischeuous,mischievous
mischiefe,mischief
mischievousnesse,mischievousness
misconster,misconstrue
misdeedes,misdeeds
misdemeanour,misdemeanor
misdemeanours,misdemeanors
miserablenes,miserableness
miserablenesse,miserableness
miserie,misery
miserye,misery
miseryes,miseries
mis-givings,misgivings
mishapen,misshapen
misimployed,misemployed
mising,missing
misiudging,misjudging
misleade,mislead
mis-leading,misleading
mis-led,misled
mislike,dislike
mislyke,mislike
Mispah,Mizpeh
mispend,misspend
mispending,misspending
Missale,Missal
miss'd,missed
missione,mission
missled,misled
misstry,mystery
mistak'n,mistaken
misterie,mystery
misteries,mysteries
misterye,mystery
mistes,mists
mistical,mystical
misticall,mystical
mistically,mystically
mistie,misty
mistooke,mistook
Mistres,Mistress
mistresse,mistress
Mistris,Mistress
Mistriss,Mistress
Mistrisse,Mistress
mistrustfull,mistrustful
mitigetur,mitigator
mix'd,mixed
mixt,mixed
mixtly,mixedly
Mizpeh,Mizpah
moab,Moab
Moabs,Moab's
moare,more
moates,motes
mocke,mock
mockerie,mockery
mockes,mocks
mockest,mock
model'd,modeled
moderatelie,moderately
moderatione,moderation
Moderatour,Moderator
modestlie,modestly
Mohammedans,Muhammadans
moistned,moistened
moistning,moistening
molehils,molehills
mollifi'd,mollified
mollifie,mollify
momentanie,momentary
momentany,momentary
momentarie,momentary
Monarches,Monarchs
Monarchicall,Monarchical
Monarchie,Monarchy
monarke,monarch
monasterie,monastery
monasticall,monastic
Monastick,Monastic
moneies,monies
mones,moans
monethes,months
monethly,monthly
moneths,months
moneye,money
moneyes,monies
'mongst,amongst
monie,money
Monke,Monk
monkes,monks
monntains,mountains
monsterous,monstrous
monstruous,monstrous
Montagu,Montague
montenous,mountainous
monthes,months
monumentall,monumental
monumentes,monuments
mony,money
monye,money
monyes,monies
moone,moon
Moones,Moons
moonkes,monks
Moores,Moors
moorne,mourn
moost,most
mooste,most
mooue,move
mooueable,movable
mooued,moved
moouer,mover
‎mooueth,moves
mooved,moved
mooves,moves
mooveth,moveth
mooving,moving
moralitie,morality
moraliz'd,moralized
Morauia,Moravia
Mordecaies,Mordecai's
Mordecay,Mordecai
Mordecays,Mordecai’s
moreouer,moreover
morgag'd,mortgaged
morgage,mortgage
morgaged,mortgaged
morninge,morning
mornyng,morning
mornynge,morning
Morouer,Moreover
morowe,morrow
Morrals,Morals
morrise,morris
morrowe,morrow
morrowes,morrows
morrw,morrow
morsell,morsel
morsells,morsels
mortale,mortal
mortales,mortals
mortalitie,mortality
mortall,mortal
mortallitie,mortality
mortalls,mortals
mortifye,mortify
mortifyed,mortified
mortor,mortar
Mosaicall,Mosaical
Mosaick,Mosaic
Moseses,Moses’
mosse,moss
mostwhat,mostly
mother'd,mothered
mothes,moths
motiue,motive
mou'd,moved
moue,move
moueables,moveables
moued,moved
Mouer,Mover
moues,moves
moueth,moves
mouing,moving
mouings,movings
mould,mold
moulded,molded
moulder,molder
mouldring,mouldering
Mounsieur,Monsieur
Mountague,Montague
Mountagues,Montague's
mountaines,mountains
mountanous,mountainous
mountayne,mountain
mountaynes,mountains
mountaynous,mountainous
mounte,mount
mountenous,mountainous
mourn'd,mourned
mournefull,mournful
mournes,mourns
mournfull,mournful
Moutain,Mountain
mouth'd,mouthed
mouthes,mouths
mouument,monument
mov'd,moved
MOVRNING,MOURNING
mowne,mown
moyled,moiled
moyst,moist
moysten,moisten
moysten'd,moistened
moystened,moistened
moysteneth,moisteneth
moystned,moistened
moysture,moisture
Mris,Mrs
much,much
mudde,mud
muddie,muddy
multiplieth,multiplies
multiply'd,multiplied
multiplyed,multiplied
multiplyeth,multiplieth
multtiude,multitude
multytude,multitude
mumerical,numerical
Munday,Monday
Mundayes,Mondays
municipall,municipal
murdred,murdered
murdring,murdering
murtherers,murderers
murthereth,murdereth
murtherous,murderous
musicall,musical
Musick,Music
musik,music
musike,music
Musitian,Musician
Musitians,Musicians
Musle,Muscle
mustarde,mustard
muste,must
muster'd,mustered
mustred,mustered
mutabilitie,mutability
muzled,muzzled
my self,myself
my selfe,myself
my sterie,mystery
mychall,Michal
myche,much
mycht,might
myddes,mids
myddest,midst
myght,might
myghte,might
myghtie,mighty
myghty,mighty
myghtye,mighty
myld,mild
myle,mile
myles,miles
mylke,milk
myn,mine
mynd,mind
mynde,mind
mynde*,mind
mynded,minded
myndes,minds
myngled,mingled
mynister,minister
mynisterie,ministry
mynisteries,ministries
mynistred,ministered
mynistring,ministering
myracle,miracle
myracles,miracles
myre,mire
Myriades,Myriads
myrie,miry
Myrrhe,Myrrh
myrrour,mirror
myrth,mirth
myschefe,mischief
myserable,miserable
myseries,miseries
mysery,misery
mysterie,mystery
mysterye,mystery
mysticall,mystical
Myter,Miter
Mythologick,Mythologic
Naamans,Naaman's
Naball,Nabal
Nabals,Nabal's
Naboths,Naboth's
nabuchad,Nebuchadnezzar
nabuchadne,Nebuchadnezzar
nabuchadnezar,Nebuchadnezzar
Nabuchadnezer,Nebuchadnezzar
Nabuchadnezzar,Nebuchadnezzar
Nabuchadnezzer,Nebuchadnezzar
Nabuchodonosor,Nebuchadnezzar
nacion,nation
nacions,nations
naie,nay
nail'd,nailed
naile,nail
nailes,nails
nakednes,nakedness
nakednesse,nakedness
nam,name
nam'd,named
nameing,naming
nameles,nameless
namelesse,nameless
namelie,namely
namelye,namely
nameth,names
namlie,namely
Naomies,Naomi’s
Naphtaly,Naphtali
Naphthali,Naphtali
Napthali,Naphtali
nariuitie,nativity
narow,narrow
Narrhaganset,Narragansett
narrowe,narrow
narrownes,narrowness
nastie,nasty
nathanael,Nathaniel
Nathanaell,Nathanael
nathaniel,Nathaniel
Nathaniell,Nathaniel
Nathaniels,Nathaniel's
Nathans,Nathan's
nathing,nothing
Nationall,National
nationes,nations
natious,nations
natiues,natives
natur,nature
naturale,natural
naturallie,naturally
naturalls,naturals
naturalnesse,naturalness
naturaly,naturally
natur'd,natured
nature'd,natured
natvre,nature
Nauarre,Navarre
Naue,Nave
naughtie,naughty
naughtilie,naughtily
naughtines,naughtiness
naughtinesse,naughtiness
nauigation,navigation
Nauigator,Navigator
Nauy,Navy
Navie,Navy
navill,navel
naye,nay
nayl,nail
nayle,nail
nayled,nailed
nayles,nails
nayling,nailing
nayls,nails
nazaret,Nazareth
nazareth,Nazareth
nazarite,Nazirite
nazarites,Nazirites
Nazianzene,Nazianzen
Nazirites,Nazarites
Naziriteship,Nazariteship
neades,needs
Neale,Neal
neare,near
nearely,nearly
nearenesse,nearness
nearnesse,nearness
nearr,nearer
neast,nest
neate,neat
neather,nether
neatnesse,neatness
nebucadnezer,Nebuchadnezzar
Nebuchadnezars,Nebuchadnezzar's
Nebuchadnezzars,Nebuchadnezzar's
Nebuchadnezzer,Nebuchadnezzar
Nebuchadrezar,Nebuchadnezzar
necessare,necessary
necessarie,necessary
necessarilie,necessarily
necessarly,necessarily
necessarye,necessary
necessaryly,necessarily
necessite,necessity
necessitie,necessity
necke,neck
nede,need
neded,needed
nedefull,needful
nedes,needs
nedeth,needeth
nedy,needy
neece,niece
neeces,nieces
needd,needed
neede,need
‎needeful,needful
needefull,needful
needeles,needless
needelesse,needless
needeth,needs
needleslie,needlessly
needlesly,needlessly
needlesnesse,needlessness
needlesse,needless
needlessely,needlessly
needst,needest
Neeghbour,Neighbor
neer,near
ne'er,never
neerely,nearly
neerenes,nearness
neerenesse,nearness
neerer,nearer
neerest,nearest
neerly,nearly
neerness,nearness
Neernesse,Nearness
Negatiuely,Negatively
neghbour,neighbor
neglecte,neglect
neglectes,neglects
neglectest,neglect
neglecteth,neglects
neglectfull,neglectful
neglygence,negligence
Nehemia,Nehemiah
Nehemiahs,Nehemiah's
Nehemias,Nehemiah's
neigbours,neighbors
neighbour,neighbor
neighboure,neighbor
neighboures,neighbors
neighbourly,neighborly
neighours,neighbors
neir,near
neithet,neither
nephewes,nephews
Nephtali,Naphtali
Nephthali,Naphtali
ne'r,never
ne're,never
nerer,nearer
Neros,Nero's
nerue,nerve
nestes,nests
netled,nettled
nett,net
nette,net
Netts,Nets
neuerthe,nevertheless
neuerthelesse,nevertheless
neustad,Neustadt
neutrall,neutral
neverheard,never heard
nevertake,never take
nevertheles,nevertheless
Neverthelesse,Nevertheless
Nevil,Nevill
new testament,New Testament
new testamet,New Testament
newe,new
newefangled,newfangled
newes,news
newfanglednesse,newfangledness
newlie,newly
newnes,newness
newter,neuter
newters,neuters
nexte,new
neyboure,neighbor
neyghbour,neighbor
neyghboure,neighbor
neyghbours,neighbors
neyther,neither
nibling,nibbling
Nicea,Nicaea
Nicen,Nicene
nicenesse,niceness
Nichodemus,Nicodemus
nicke,nick
nie,nigh
Nigardise,Niggardice
nigardly,niggardly
niggardize,niggardice
nilling,nilling
Nimblenesse,Nimbleness
nineteene,nineteen
nineth,ninth
Ninethly,Ninthly
ninetie,ninety
Nineuites,Ninevites
nineve,Nineveh
ninevites,Ninevites
Niniue,Nineveh
Niniueh,Nineveh
Niniuehs,Nineveh's
Niniuie,Nineveh
Niniuite,Ninevite
Niniuites,Ninevites
Ninive,Nineveh
Ninivites,Ninevites
ninteenth,nineteenth
Nintly,Ninthly
ninty,ninety
nixt,next
nnex,annex
no thing,nothing
no where,nowhere
Noach,Noah
Noahs,Noah's
nobilitie,nobility
Nobilitye,Nobility
Noblemens,Noblemen’s
noblenesse,nobleness
nobread,no bread
nocturnall,nocturnal
noe,no
noisom,noisome
noisomenesse,noisomeness
noisomness,noisomeness
noman,no man
nomber,number
nombers,numbers
nombred,numbered
nominall,nominal
nominatiue,nominative
nomore,no more
noneber,number
nonebre,number
nonsence,nonsense
noone,noon
Norfolke,Norfolk
norish,nourish
norished,nourished
Northerne,Northern
Northren,Northern
Northwind,North wind
Northwinde,North wind
Norwey,Norway
Norwiche,Norwich
Norwitch,Norwich
noryet,nor yet
nosegaye,nosegay
nostrels,nostrils
nostrills,nostrils
notablie,notably
notarie,notary
noteth,notes
nothinge,nothing
nothingnesse,nothingness
nothyng,nothing
nothynge,nothing
notifie,notify
Notingham,Nottingham
notionall,notional
notoriousnesse,notoriousness
not-upon,not upon
notwistanding,notwithstanding
notwithstandinge,notwithstanding
notwithstandyng,notwithstanding
notwithstandynge,notwithstanding
notwythstanding,notwithstanding
notwythstandynge,notwithstanding
Nouatians,Novatians
Nouatus,Novatus
nouel,novel
Nouelist,Novelist
nouell,novel
noueltie,novelty
nouelties,novelties
nouelty,novelty
Nouemb,November
Nouember,November
nought,naught
noughte,nought
nouice,novice
noune,noun
nourishe,nourish
nourisht,nourished
nourture,nurture
novatian,Novatian
novell,novel
novv,now
now adays,nowadays
nowe,now
nowine,no wine
nowne,noun
noyse,noise
noysed,noised
noyses,noises
noysom,noisesome
nue,new
nullifie,nullify
nullitie,nullity
number'd,numbered
numberles,numberless
numberlesse,numberless
numbred,numbered
numbreth,numbereth
numerall,numeral
numericall,numerical
nummed,numbed
numnesse,numbness
Nunne,Nun
Nunnes,Nuns
nuptiall,nuptial
nurishment,nourishment
nurserie,nursery
nurst,nursed
nurtered,nurtured
nurtur'd,nurtured
nutritiue,nutritive
Nutts,Nuts
nygh,nigh
nyghe,nigh
nyght,night
nyghte,night
nyne,nine
nynth,ninth
Oake,Oak
oare,oar
oares,oars
Oates,Oats
oathes,oaths
obay,obey
obayed,obeyed
obaying,obeying
Obediah,Obadiah
obedidience,obedience
obediente,obedient
obedientiall,obediential
obedince,obedience
obedyence,obedience
obeie,obey
obeied,obeyed
obeieng,obeying
obeieth,obeys
obey'd,obeyed
obeye,obey
obeyes,obeys
obiect,object
obiecte,object
obiected,objected
obiectes,objects
obiecteth,objects
obiecting,objecting
obiection,objection
obiectuall,objectual
obje,object
oblacion,oblation
oblatione,oblation
obliege,oblige
oblieged,obliged
oblieging,obliging
obligatorie,obligatory
oblig'd,obliged
obligeing,obliging
obliquitie,obliquity
obliuion,oblivion
obloquie,obloquy
obscur'd,obscured
obscurelie,obscurely
obscuritie,obscurity
obseruable,observable
obseruances,observances
obseruant,observant
obseruation,observation
obseruations,observations
obserucd,observed
obserue,observe
obserued*,observed
obserues,observes
obserueth,observeth
obseruing,observing
obseruyng,observing
observ,observe
observ'd,observed
observeable,observable
observe'd,observed
obstackles,obstacles
obstinacie,obstinacy
obstinatly,obstinately
obtaind,obtained
obtain'd,obtained
obtaine,obtain
obtainement,attainment
obtaines,obtains
obtaineth,obtains
obtayne,obtain
obtayned,obtained
obtayning,obtaining
obteine,obtain
obteined,obtained
obteineth,obtains
obteining,obtaining
obteyn,obtain
obteyne,obtain
obteyned,obtained
obteyning,obtaining
obuious,obvious
occasionall,occasional
occasion'd,occasioned
occasione,occasion
occasyon,occasion
occation,occasion
Occham,Occam
Occumenical,Ecumenical
occupationes,occupations
occupie,occupy
occupye,occupy
occupyed,occupied
occurrents,occurrence
occurres,occurs
octauius,Octavius
odly,oddly
odore,odor
oeconomical,economical
Oeconomy,Economy
Oecumenick,Ecumenic
o'er,over
offences,offenses
offendere,offender
offendeth,offends
offendor,offender
offendour,offender
offendours,offenders
offerd,offered
offer'd,offered
offereth,offers
offeringe,offering
offeringes,offerings
offeryng,offering
offerynge,offering
offerynges,offerings
offeusive,offensive
officiall,official
Officialls,Officials
officiousnesse,officiousness
offre,offer
offred,offered
offreth,offereth
offring,offering
offringes,offerings
offrings,offerings
off-spring,offspring
offyce,office
offycers,officers
offyces,offices
ofspring,offspring
ofte,often
oftending,offending
oftentation,ostentation
oftentymes,oftentimes
ofthe,of the
oftimes,ofttimes
oftner,oftener
ofttimes,oftimes
oft-times,ofttimes
oght,ought
oile,oil
Oister,Oyster
Oistershell,Oystershell
old testament,Old Testament
old testamet,Old Testament
olde,old
Oldecastell,Oldcastle
oldnesse,oldness
oliue,olive
Oliues,Olives
Oliuet,Olivet
Olympiade,Olympiad
Olympick,Olympic
omitt,omit
omitte,omit
ommit,omit
omnipotencie,omnipotency
omnipotens,omnipotence
omnipotente,omnipotent
omnipresency,omnipresence
omnisciency,omniscience
oneles,unless
onelie,only
onely,only
onenesse,oneness
onles,unless
onlesse,unless
onley,only
onli,only
onlye,only
onother,another
onr,one
on't,on it
onyon,onion
onyons,onions
oothes,oaths
open'd,opened
openynge,opening
operatiue,operative
opinon,opinion
oportunitie,opportunity
oportunities,opportunities
oportunity,opportunity
oppertunities,opportunities
oppertunity,opportunity
oppos'd,opposed
opposde,opposed
oppress'd,oppressed
oppresse,oppress
oppresseth,oppresses
oppressour,oppressor
oppressours,oppressors
oppsite,opposite
oppugne,oppugn
optick,optic
opticks,optics
opulencie,opulency
opynion,opinion
Orall,Oral
Oratorie,Oratory
oratour,orator
Oratours,Orators
orchardes,orchards
Orchyard,Orchard
ordaind,ordained
ordain'd,ordained
ordaine,ordain
ordaines,ordains
ordayne,ordain
‎ordayned,ordained
ordayning,ordaining
ordein,ordain
ordeine,ordain
ordened,ordained
ordeyn,ordain
ordeyned,ordained
ordeyning,ordaining
ordicances,ordinances
ordidinances,ordinances
ordinacion,ordination
ordinarie,ordinary
ordinarilie,ordinarily
ordinarly,ordinarily
ordinarye,ordinary
ordinatione,ordination
Ordinatour,Ordinator
ordinaunce,ordinance
ordinaunces,ordinances
ordour,order
ordre,order
ordred,ordered
ordynaunce,ordinance
o're,over
o'recome,overcome
orels,or else
organes,organs
organicall,organical
organiz'd,organized
Orientall,Oriental
origen,Origen
Origene,Origen
Origenes,Origen's
origens,Origen's
originale,original
originali,originally
originall,original
originalls,originals
origine,origin
Orignall,Original
Orleance,Orleans
ornamentes,ornaments
Orphane,Orphan
Orphanes,Orphans
orthodoxall,orthodox
orthodoxe,orthodox
Orthopnick,Orthopnic
osanna,Hosanna
Osiand,Osiander
oth',of the
o'th',of the
othe,oath
othermen,other men
othervvise,otherwise
otherwaies,otherways
otherwayes,other ways
otherweise,otherwise
otherwhere,elsewhere
Othoniel,Othniel
oths,oaths
ouer,over
ouerburdened,overburdened
ouerburthened,overburdened
ouerbusying,overbusying
ouercharge,overcharge
ouercharged,overcharged
ouercharging,overcharging
ouercom,overcome
ouercome,overcome
ouercometh,overcometh
ouercommeth,overcomes
ouercomming,overcoming
ouercreepe,overcreep
ouerfilled,overfilled
ouerflow,overflow
ouerflowe,overflow
ouerflowed,overflowed
ouerfloweth,overfloweth
ouerflowing,overflowing
ouerflowne,overflown
ouerladen,overladen
ouerlay,overlay
ouerlong,overlong
ouerlooke,overlook
ouerlooked,overlooked
ouerly,overly
ouermatch,overmatch
ouermatched,overmatched
ouermuch,overmuch
ouerpasse,overpass
ouerpassed,overpassed
ouerpast,overpast
ouerplus,surplus
ouerreacheth,overreacheth
ouerrule,overrule
ouerruled,overruled
ouerruleth,overruleth
ouerruling,overruling
ouerrunne,overrun
ouersee,oversee
ouerseeing,overseeing
ouerseene,overseen
Ouerseers,Overseers
ouershadowed,overshadowed
ouershoote,overshoot
ouershort,overshort
ouersight,oversight
ouersights,oversights
ouerskip,overskip
ouerslipped,overslipped
ouersowes,oversows
ouersparing,oversparing
ouerspread,overspread
ouertake,overtake
ouertaken,overtaken
ouertaketh,overtaketh
ouerthrew,overthrew
ouerthrow,overthrow
ouerthrowe,overthrow
‎ouerthrowen,overthrown
ouerthrowes,overthrows
ouerthrowing,overthrowing
ouerthrown,overthrown
ouerthrowne,overthrown
ouerthwart,overthwart
ouertooke,overtook
ouerturne,overturn
ouerturned,overturned
ouerturnes,overturns
ouerturneth,overturneth
ouerturue,overture
ouerweaned,overweaned
ouerwhelme,overwhelm
ouerwhelming,overwhelming
oughtest,ought
ougly,ugly
Ouid,Ovid
ould,old
oun,own
oune,own
ouning,owning
our selves,ourselves
oure,our
oures,ours
ourselues,ourselves
out lawed,outlawed
out side,outside
out-cast,outcast
out-casts,outcasts
outcryes,outcries
oute,out
outragious,outrageous
outragiously,outrageously
out-side,outside
outstript,outstripped
outted,outed
outter,outer
outvvard,outward
outwarde,outward
outwrastle,outwrestle
overcom,overcome
overcommeth,overcometh
overcomming,overcoming
overflowne,overflown
overgrowne,overgrown
over-hastinesse,overhastiness
over-look,overlook
overlooke,overlook
over-looked,overlooked
overpowerd,overpowered
overpowred,overpowered
overpowring,overpowering
over-ruleth,overruleth
overseene,overseen
over-seeth,overseeth
overshoote,overshoot
overthrowe,overthrow
overthrowes,overthrows
overthrowest,overthrow
overthrowne,overthrown
overtooke,overtook
overtopt,overtopped
overturn'd,overturned
overturnes,overturns
overwhelm'd,overwhelmed
overwhelme,overwhelm
ovr,our
ov'r,over
ovrs,ours
OVT,OUT
ovught,ought
ovvn,own
oward,onward
Owens,Owen's
owghte,ought
Owle,Owl
owles,owls
ownd,owned
own'd,owned
owne,owe
ownes,owns
owneselues,ownselves
owr,our
ows,owes
owte,out
owtwarde,outward
oxe,ox
Oxon,Oxford
oyl,oil
Oyle,Oil
oyles,oils
oyntment,ointment
oyntments,ointments
Oza,Uzza
pacient,patient
packe,pack
packt,packed
Paedobaptisme,Paedobaptism
Pagane,Pagan
Paganes,Pagans
paganisme,paganism
paide,paid
paie,pay
paied,paid
paies,pays
paieth,payeth
paimaister,paymaster
paiment,payment
paiments,payments
pain'd,pained
paineful,painful
painfull,painful
paire,pair
paires,pairs
palats,palates
palce,place
Palegianisme,Pelagianism
palenesse,paleness
Palestina,Palestine
Pallace,Palace
Pallaces,Palaces
pallat,palate
pallate,palate
palme,palm
palmes,palms
palpablenesse,palpableness
palsey,palsy
palsie,palsy
pamper'd,pampered
Panaces,Panaceas
pandare,pander
pandaring,pandering
Panegyricks,Panegyrics
panick,panic
pannick,panic
Papacye,Papacy
papall,papal
Papisme,Papism
Papiste,Papist
Papisticall,Papistical
Papistrie,Papistry
pappes,paps
papystes,papists
papystycall,papistical
parabolicall,parabolical
Paradice,Paradise
Paradoxall,Paradoxical
paraduenture,peradventure
Paraeus,Pareus
paralel,parallel
paralelled,paralleled
Paralels,Parallels
paralleld,paralleled
parallel'd,paralleled
parallell,parallel
parallelled,paralleled
parallelogramme,parallelogram
paralyticke,paralytic
parcell,parcel
parcells,parcels
parcht,parched
pardon'd,pardoned
pardone,pardon
parentes,parents
parishe,parish
parishionall,parishional
Parishoners,Parishioners
paritie,parity
Parlament,Parliament
Parlaments,Parliaments
parlee,parley
Parliamēt,Parliament
parlour,parlor
Parlours,Parlors
Parochiall,Parochial
paroxismes,paroxisms
Paroxysme,Paroxysm
Parsimonie,Parsimony
partaining,pertaining
parte,part
partely,partly
partes,parts
partialitie,partiality
partiall,partial
partiallity,partiality
particalar,particular
particulare,particular
particulariz'd,particularized
particulary,particularly
particuler,particular
particulerly,particularly
particulers,particulars
partie,party
parttakers,partakers
partye,party
Pascall,Paschal
paschall,Paschal
paschasius,Paschasius
Pasport,Passport
passd,passed
passe,pass
passeover,Passover
Passeovers,Passovers
passeth,passes
passionat,passionate
passiones,passions
passionlesse,pssionless
passiue,passive
passiuely,passively
passouer,Passover
passth,passeth
passyon,passion
pastour,pastor
pastours,pastors
patcht,patched
patern,pattern
paterns,patterns
pathe,path
pathes,paths
patheticall,pathetical
Pathmos,Patmos
Patiēce,Patience
patientlie,patiently
patiet,patient
Patriarchae,Patriarchy
Patriarchall,Patriarchal
Patriarche,Patriarch
Patriarches,Patriarchs
Patriarcks,Patriarchs
Patriark,Patriarch
patriarke,patriarch
patriarkes,patriarchs
Patriarks,Patriarchs
Patricke,Patrick
Patrik,Patrick
Patrike,Patrick
Pattents,Patents
patternes,patterns
paucitie,paucity
paue,pave
paued,paved
pauements,pavements
paul’s,Paul's
Paule,Paul
Paull,Paul
paul's,Paul's
paultry,paltry
paulus,Paul
pauperes,paupers
PAVLE,PAUL
PAVLS,PAUL'S
pawes,paws
pawne,pawn
pawnes,pawns
pawse,pause
payd,paid
pay'd,paid
payde,paid
paye,pay
payed,paid
payne,pain
paynefull,painful
paynes,pains
paynfull,painful
paynt,paint
paynted,painted
payre,pair
peacable,peaceable
peaceablenesse,peaceableness
peaceablie,peaceably
peacefull,peaceful
peacelesse,peaceless
Peacocke,Peacock
pearce,pierce
pearceth,pierceth
pearcing,piercing
pearish,perish
pearle,pearl
pearles,pearls
pearse,pierce
pebles,pebbles
pece,piece
peces,pieces
pecke,peck
peckes,pecks
pectorall,pectoral
peculiarlie,peculiarly
peculier,peculiar
pedagog,pedagogue
pedagogie,pedagogy
pedantick,pedantic
pedegree,pedigree
pedler,peddler
Pedobaptisme,Paedobaptism
peece,piece
peeced,pieced
peecemeale,piecemeal
peeces,pieces
peepe,peep
Peeres,Peers
peerlesse,peerless
peesequution,persecution
peeuish,peevish
peeuishnes,peevishness
peeuishnesse,peevishness
peevishnesse,peevishness
peice,piece
peices,pieces
peirce,pierce
peirceth,pierceth
peircing,piercing
pelagians,Pelagians
pelfe,pelf
Pellican,Pelican
Pembrooke,Pembroke
penaltie,penalty
penaunce,penance
pencild,penciled
penie,penny
penitencie,penitency
penitentiall,penitential
Pen-man,Penman
penn,pen
pennance,penance
pennary,penury
pennaunce,penance
penn'd,penned
Penne,Pen
pennes,pens
pennie,penny
penniworth,pennyworth
pensiue,pensive
pensivenesse,pensiveness
penticost,Pentecost
penurie,penury
peny,penny
peopl,people
peppercorne,peppercorn
perceaue,perceive
perceaued,perceived
perceauing,perceiving
perceave,perceive
perceaved,perceived
perceaving,perceiving
perceiu'd,perceived
perceiue,perceived
perceiues,perceives
perceiuest,perceivest
perceiueth,perceiveth
perceiuyng,perceiving
perceiv,perceive
perceiveth,perceives
perceyue,perceive
perceyued,perceived
perceyuing,perceiving
perchaunce,perchance
perdicion,perdition
peremptorie,peremptory
peremptorinesse,peremptoriousness
peremtorily,peremptorily
perfecte,perfect
perfectione,perfection
perfectlie,perfectly
perfectnes,perfectness
perfectnesse,perfectness
perfecty,perfectly
perfidiousnesse,perfidiousness
perfit,perfect
perfite,perfect
perfitly,perfectly
perfome,perform
performes,performs
perfourmed,performed
perfourmeth,performeth
perfyght,perfect
perfyte,perfect
Pergamus,Pergamos
perhappes,perhaps
perill,peril
perilles,perils
perillous,perilous
periloas,perilous
peripateticall,peripatetical
Peripatetick,Peripatetic
Peripateticks,Peripatetics
perish'd,perished
perishe,perish
periured,perjured
periurie,perjury
periuries,perjuries
periurous,perjurous
periury,perjury
perjur'd,perjured
perkins,Perkins
permissiuely,permissively
permitt,permit
permitte,permit
permitteth,permits
pernicions,pernicious
perogatives,prerogatives
perpetuitie,perpetuity
perplex'd,perplexed
perplexe,perplex
perplexednesse,perplexedness
perplext,perplexed
perrish,perish
persect,perfect
persecucion,persecution
persecuter,persecutor
persecutour,persecutor
persecutours,persecutors
persequuted,persecuted
persequuting,persecuting
persequuting ,persecuting
persequution,persecution
perseuer,persevere
perseueraunce,perseverance
perseuere,persevere
perseuered,persevered
perseuering,persevering
persever,persevere
persidious,perfidious
persih,perish
personall,personal
persone,person
personne,person
personnes,persons
perspectiue,perspective
persued,pursued
persuing,pursuing
persvvade,persuade
persvvaded,persuaded
perswa,persuade
perswad,persuade
perswaders,persuaders
‎perswades,persuades
perswadest,persuadest
perswadeth,persuades
perswading,persuading
perswasions,persuasions
Perswasiue,Persuasive
perswasively,persuasively
Perswasives,Persuasives
pertaines,pertains
pertainyng,pertaining
pertake,partake
pertaker,partaker
pertakers,partakers
pertayn,pertain
pertayne,pertain
pertayned,pertained
pertayneth,pertaineth
pertayning,pertaining
perteine,pertain
perteined,pertained
perteineth,pertaineth
perteining,pertaining
perteyn,pertain
perteyne,pertain
perteyned,pertained
perteyneth,pertaineth
perteyning,pertaining
perticular,particular
perticularly,particularly
perticulars,particulars
perticulerly,particularly
pertinacie,pertinancy
pertubation,perturbation
perturbe,perturb
peruers,perverse
peruerse,perverse
peruersion,perversion
peruersitie,perversity
peruersly,perversly
peruersnes,perverseness
peruersnesse,perverseness
peruert,pervert
peruerte,pervert
peruerted,perverted
peruerteth,perverteth
peruerting,perverting
perusall,perusal
perversenesse,perverseness
perversly,perversely
perversnes,perverseness
perversness,perverseness
perversnesse,perverseness
peryll,peril
perysh,perish
peryshed,perished
pester'd,pestered
pestred,pestered
peticion,petition
peticions,petitions
petie,petty
petitiones,petitions
petracrh,Petrarch
petson,person
pettie,petty
pety,petty
peyne,pain
Phaenicia,Phoenicia
Phaenicians,Phoenicians
Phaenix,Phoenix
Phaenomena,Phenomena
Phanatick,Fanatic
Phanaticks,Fanatics
phancy,fancy
phansie,fancy
phansied,fancied
phansies,fancies
phansy,fancy
phantasie,fantasy
Phantasmes,Phantasms
phantasticall,fantastical
phantastick,fantastic
pharao,Pharaoh
Pharaoes,Pharaoh's
pharaos,Pharaoh's
Pharisaicall,Pharisaical
Pharisaisme,Pharisaism
pharise,Pharisee
Phariseis,Pharisees
pharises,Pharisees
Pharisey,Pharisee
Pharisie,Pharisee
pharisies,Pharisees
Pharoah,Pharaoh
Pharoahs,Pharaoh's
Pharoh,Pharaoh
Phenician,Phoenician
Phenicians,Phoenicians
phil,Phil.
philadelphia,Philadelphia
Philargyrie,Philargyry
Philemons,Philemon's
philippians,Philippians
Philistians,Philistines
Philistimes,Philistines
Philistims,Philistines
Philistin,Philistine
Philistins,Philistines
Phillippians,Philippians
philosophicall,philosophical
Philosophick,Philosophic
philosophie,philosophy
Philosphers,Philosophers
phineas,Phineas
Phinehes,Phinehas
phisicall,physical
Phisician,Physician
Phisicians,Physicians
phisick,physic
phisicke,physic
Phisitian,Pysician
Phisitians,Physicians
Phisition,Physician
Phisitions,Physicians
phlegmatick,phlegmatic
Phlegmaticke,Phlegmatic
phlegme,phlegm
Photius,Photios
phraze,phrase
Phrensie,Frensy
phrenzie,frenzy
Phrenzy,Frenzy
Phy,Fie
Phylistines,Philistines
Phylosopher,Philosopher
Phylosophers,Philosophers
Phylosophie,Philosophy
Phylosophy,Philosophy
Physick,Physic
Physicke,Physic
Physike,Physic
physitian,phycisian
physitians,physicians
Physition,Physician
physyke,physic
pibble,pebble
pick'd,picked
picke,pick
picklocke,picklock
pickt,picked
pictur'd,pictured
Pidgeons,Pigeons
pilate,Pilate
Pilates,Pilate's
Pilats,Pilate's
Pilgrime,Pilgrim
pillers,pillars
pillowes,pillows
pinacle,pinnacle
Pinacles,Pinnacles
pinch'd,pinched
pinne,pin
pinnes,pins
Pirats,Pirates
Pistoll,Pistol
pitch'd,pitched
pitcht,pitched
pithie,pithy
pitie,pity
pitieth,pities
pitte,pit
pittie,pity
pittied,pitied
pitties,pities
pittieth,pitieth
pittiful,pitiful
pittifully,pitifully
pitty,pity
pittyed,pitied
pittyeth,pitieth
pittying,pitying
pityed,pitied
pius,pious
pixe,pyx
plaged,plagued
plaie,play
plaied,played
plaieng,playing
plaier,player
plaiers,player
plaies,plays
plaieth,plays
plainclie,plainly
plaine,plain
plainelie,plainly
plainely,plainly
plainelye,plainly
plainenes,plainness
plainenesse,plainness
plaines,plains
plainess,plainness
Plainesse,Plainness
plainlye,plainly
plaintiffe,plaintiff
plaistered,plastered
plaisters,plasters
planely,plainly
planke,plank
plantes,plants
planteth,plants
platforme,platform
platformes,platforms
Platoes,Plato's
Platonick,Platonic
Platonicks,Platonics
playd,played
play'd,played
playe,play
playes,plays
playn,plain
playne,plain
playnely,plainly
playnlie,plainly
playnly,plainly
playnlye,plainly
playster,plaster
pleade,plead
pleasantnesse,pleasantness
pleasaunt,pleasant
pleasaunte,pleasant
pleas'd,pleased
pleasinhg,pleasing
pleasur,pleasure
pledg,pledge
plenteouslie,plenteously
plentifull,plentiful
plentye,plenty
plesaunt,pleasant
plesure,pleasure
Pleurisie,Pleurisy
pleuriticke,pleuritic
Plimouth,Plymouth
plini,Pliny
Plinie,Pliny
Plinies,Pliny's
plottes,plots
plotts,plots
plowe,plow
plucke,pluck
pluckes,plucks
pluckt,plucked
plundred,plundered
plundring,plundering
plung'd,plunged
pluralitie,pluralities
plurisie,pleurisy
plutarch,Plutarch
Plutarchs,Plutarch’s
Plutark,Plutarch
plyable,pliable
plyablenesse,pliableness
plyant,pliant
Plymmouth,Plymouth
poaring,pouring
poasted,posted
poastes,posts
pocion,potion
Poedobaptisme,Paedobaptism
Poeme,Poem
poenal,penal
poeple,people
Poetes,Poets
Poeticall,Poetical
Poetick,Poetic
Poictou,Poitou
poinct,point
poincte,point
poison'd,poisoned
poisonfull,poisonful
poisonousnesse,poisonousness
poize,poise
polanus,Polanus
polemicall,polemical
Policarpus,Polycarpus
policys,policies
poligamie,polygamy
Poligamy,Polygamy
polish'd,polished
polisht,polished
politicke,politic
politickly,politically
politicks,politics
politie,polity
politike,politic
Politiques,Politics
pollicie,policy
pollicy,policy
pollished,polished
polliticke,politic
poluted,polluted
polygamie,polygamy
polypragmaticall,polypragmatical
Polytheisme,Polytheism
polytike,politic
pomaunder,pomander
pomegranats,pomegranates
Pomgranates,Pomegranates
Pompe,Pomp
pondere,ponder
ponderyng,pondering
pondred,pondered
pondrous,ponderous
Pontificall,Pontifical
poole,pool
poore,poor
poorely,poorly
Poores,Poor's
poorlost,poor lost
poorst,poorest
poorth,poureth
poperie,popery
Popiniay,Popinjay
popis,pope's
popysh,popish
porrige,porridge
portcullice,portcullis
portes,ports
portione,portion
Portugall,Portugal
Posie,Posy
positiue,positive
positiuely,positively
possesse,possess
Possessiuely,Possessively
possessour,possessor
possessours,possessors
possest,possessed
possibilitie,possibility
possiblie,possibly
possiby,possibly
possitively,positively
possyble,possible
poste,post
posteriour,posterior
posteritie,posterity
posteritye,posterity
posterne,postern
postes,posts
postetities,posterities
potacion,potation
potentiall,potential
Potiphars,Potiphar's
Potiphers,Potipher's
potsheard,potsherd
potsheards,potsherds
potte,pot
pottes,pots
pouertie,poverty
pouerties,poverties
pouerty,poverty
pouertye,poverty
Poultrey,Poultry
poundes,pounds
pour'd,poured
poures,pours
pourpose,purpose
pourtrait,portrait
pourtraiture,portraiture
povertie,poverty
powdred,powdered
powerfulnesse,powerfulness
powerlesse,powerless
powr,pour
pow'r,power
powre,power
powred,powered
powres,pours
powreth,powers
powring,pouring
Pow'rs,Powers
poynte,point
poynted,pointed
poyntes,points
poynting,pointing
poynts,points
poyse,poise
poysed,poised
poyseth,poiseth
poysing,poising
poysonable,poisonable
poysond,poisoned
poysoned,poisoned
poysoneth,poisoneth
poysonful,poisonful
poysonfulness,poisonfulness
poysoning,poisoning
poysonous,poisonous
poysons,poisons
prace,price
practice'd,practiced
practis,practice
practis'd,practiced
practise,practice
practiser,practitioner
practisers,practicers
practises,practices
practising,practicing
practize,practice
practized,practiced
practyse,practice
praecept,precept
praecepts,precepts
Praecursor,Precursor
praed,prayed
praedestinated,predestinated
Praedestination,Predestination
praedicate,predicate
praeexistent,preexistent
praeface,preface
praejudice,prejudice
Praelates,Prelates
Praelats,Prelates
praemium,premium
praeoccupation,preoccupation
praescience,prescience
praescribed,prescribed
praesent,present
praesently,presently
praestigious,prestigious
praesumption,presumption
praetensions,pretensions
praeuailed,prevailed
praevious,previous
pragmaticall,pragmatical
pragmatick,pragmatic
praie,pray
praied,prayed
praieng,praying
praier,prayer
praiers,prayers
praies,prays
praiest,prayest
prais,praise
praise'd,praised
praiseth,praises
praisworthy,praiseworthy
praiyng,praying
prankes,pranks
Prankincense,Frankincense
prataker,partaker
pratling,prattling
prauitie,pravity
prauity,pravity
praver,prayer
pravers,prayers
pravitie,pravity
pray'd,prayed
praye,pray
prayeng,praying
prayerlesnesse,prayerlessness
Prayerwhich,Prayer which
prayes,prays
prayeth,prays
prayinge,praying
Pray'r,Prayer
praysed,praised
prayses,praises
prayseth,praiseth
praysing,praising
preach'd,preached
preache,preach
preachinge,preaching
preachinges,preachings
preachit,preached
preacht,preached
preach't,preached
preachyng,preaching
preachynge,preaching
prease,press
precedencie,precedency
preceed,precede
precepte,precept
preceptes,precepts
preched,preached
preching,preaching
preciouse,precious
preciousnesse,preciousness
preciselie,precisely
precisenes,preciseness
precisenesse,preciseness
precyouse,precious
predecessour,predecessor
predecessours,predecessors
predestina,predestination
predestinat,predestination
Predestinatours,Predestinators
preest,priest
Preestes,Priests
prefer'd,preferred
prefering,preferring
preferr,prefer
preferrs,prefers
prefixt,prefixed
preheminences,preeminences
Preist,Priest
Preisthood,Priesthood
Preistis,Priests
preiudicate,prejudicate
preiudice,prejudice
preiudiced,prejudiced
preiudiciall,prejudicial
prejudicall,prejudicial
prejudic'd,prejudiced
prejudiciall,prejudicial
prelacie,prelacy
Prelaticall,Prelatical
Prelatick,Prelatic
Prelats,Prelates
premis'd,premised
premisses,premises
preordaine,preordain
Prepaeration,Preparation
preparatiue,preparative
prepar'd,prepared
preparednesse,preparedness
prepossest,prepossessed
prerogatiue,prerogative
prerogatiues,prerogatives
Presbiteriall,Presbyterial
Presbiters,Presbyters
Presbyteriall,Presbyterial
presbyterie,presbytery
Presbytries,Presbyteries
Presbytry,Presbytery
prescribeth,prescribes
presentatiue,presentative
presentes,presents
presentlie,presently
preseruacion,preservation
preseruation,preservation
preseruatiue,preservative
preseruatiues,preservatives
preserue,preserve
preserued,preserved
preseruer,preserver
preseruing,preserving
preserv,preserve
Presidēt,President
press'd,pressed
presse,press
preste,priest
presthode,priesthood
presum'd,presumed
presumptuousnesse,presumptuousness
presvme,presume
pretence,pretense
pretende,pretend
pretented,pretended
pretentions,pretensions
prethee,prithee
pretie,pretty
pretious,precious
pretiousness,preciousness
pretiousnesse,preciousness
prettie,pretty
prety,pretty
preuail,prevail
preuailed,prevailed
preuailes,prevails
preuaileth,prevaileth
preuailing,prevailing
preuails,prevails
preualent,prevalent
preuarication,prevarication
preuayled,prevailed
preuayles,prevails
preuayleth,prevaileth
preuayling,prevailing
preuent,prevent
preuented,prevented
preuenteth,preventeth
preuentings,preventings
preuention,prevention
preuentions,preventions
preuents,prevents
prevaild,prevailed
prevail'd,prevailed
prevailes,prevails
prevalencie,prevalency
prevayl,prevail
prevayle,prevail
prevayled,prevailed
prevayleth,prevaileth
prevayling,prevailing
preyes,preys
prick'd,pricked
pricke,prick
prickes,pricks
prickt,pricked
Prides,Pride's
prie,pry
prieiledges,privileges
Priestes,Priests
priesthod,priesthood
priesthode,priesthood
priesthoode,priesthood
primacie,primacy
primarie,primary
primatiue,primative
primitiue,primitive
Princedome,Princedom
principalitie,principality
principall,principle
principallie,principally
Principallities,Principalities
principaly,principally
Prinoipalities,Principalities
Prins,Prynne's
printe,print
prioritie,priority
Priour,Prior
prise,prize
Prisoncomforts,Prison comforts
prisones,prisons
prisonners,prisoners
pristes,priests
priuat,private
priuate,private
priuately,privately
priuation,privation
priuations,privations
priuatiue,privative
priuatly,privately
priuely,privately
priuiledged,privileged
priuiledges,privileges
priuileges,privileges
priuilie,privily
priuily,privily
priuitie,privity
priuy,privy
priuye,privy
privatiue,privative
priveledge,privilege
Priveledges,Privileges
priviledg,privilege
privitie,privity
priz'd,prized
probabile,probable
probabilitie,probability
problematicall,problematical
probleme,problem
proceadeth,proceedeth
procecute,prosecute
‎procedeth,proceeds
proceding,proceeding
procedings,proceedings
procedyng,proceeding
procedynges,proceedings
proceede,proceed
proceedes,proceeds
proceedeth,proceeds
proceedinges,proceedings
proceedyngs,proceedings
proces,process
processe,process
proclaim'd,proclaimed
proclaime,proclaim
proclaimes,proclaims
proclamed,proclaimed
proclaming,proclaiming
proclayme,proclaim
proclaymed,proclaimed
proclaymeth,proclaimeth
proclayming,proclaiming
procliuitie,proclivity
Proconsull,Proconsul
Proctours,Proctors
procur'd,procured
procureing,procuring
Prodegie,Prodigy
Prodigalitie,Prodigality
Prodigall,Prodigal
prodigallity,prodigality
prodigie,prodigy
produc'd,produced
Proeme,Proem
profan'd,profaned
profanenes,profaneness
profanenesse,profaneness
profaness,profaneness
profanesse,profaneness
profe,proof
profered,proffered
profering,proffering
proferred,proffered
profes,profess
professd,professed
profess'd,professed
professeth,professes
professione,profession
Professours,Professors
professs,professes
professth,professeth
proffit,profit
proffitable,profitable
proficiciency,proficiency
proficiencie,proficiency
profitablenes,profitableness
profitablenesse,profitableness
profitablie,profitably
profite,profit
profites,profits
profiteth,profits
profitt,profit
profounde,profound
profunditie,profundity
profusenesse,profuseness
profytable,profitable
profyte,profit
progenie,progeny
progenitours,progenitors
Progigal,Prodigal
prognostick,prognostic
Prognosticks,Prognostics
Progres,Progress
progresse,progress
prohibet,prohibit
prohibite,prohibit
proiect,project
proiects,projects
prolifick,prolific
prolixitie,prolixity
promes,promise
promesse,promise
promis'd,promised
promise'd,promised
promisse,promise
promissed,promised
promisses,promises
promissorie,promissory
promptnesse,promptness
promsed,promised
promt,prompt
promulged,promulgated
promyse,promise
promysed,promised
promyseth,promiseth
pronenesse,proneness
pronesse,proneness
pronounceth,pronounces
Pronoune,Pronoun
pronuntiation,pronunciation
proofes,proofs
prooue,prove
prooued,prove
prooues,proves
prooueth,proves
proouing,proving
proove,prove
prooved,proved
prooveth,proveth
prooving,proving
propared,prepared
propension,propension
properlie,properly
propertie,property
propertyes,properties
prophane,profane
prophaned,profaned
prophanely,profanely
prophanenes,profaneness
prophaneness,profaneness
prophaners,profaners
prophaness,profaneness
prophanesse,profaneness
prophanest,profanest
prophaneth,profaneth
prophaning,profaning
prophanity,profanity
Prophannenesse,Profaneness
Prophanness,Profaneness
prophannesse,profaneness
Prophecie,Prophecy
prophecied,prophesied
prophecye,prophecy
prophecyed,prophesied
prophecyeth,prophesieth
prophecying,prophesying
Propher,Prophet
prophesie,prophesy
prophesieng,prophesying
prophesyed,prophesied
prophesyeth,prophesieth
Prophete,Prophet
prophetesse,prophetess
prophetick,prophetic
Prophetss,Prophets
Prophetts,Prophets
propiciatory,propitiatory
propitiatorie,propitiatory
propitiatour,propitiator
proportionall,proportional
proportion'd,proportioned
proposall,proposal
proposalls,proposals
propositione,proposition
propounde,propound
proppes,props
propre,proper
proprieters,proprietors
proprietie,propriety
proptiety,propriety
Prosclytes,Proselytes
Proselite,Proselyte
prosessed,professed
prosession,profession
prospectiue,prospective
prosper'd,prospered
prospere,prosper
protectour,protector
Protestantes,Protestants
Prou,Prov
prouander,provender
proudlie,proudly
proue,prove
prouerbe,proverb
prouerbiall,proverbial
prouerbially,proverbially
prouerbs,Proverbs
proues,proves
proufe,proof
proufes,proofs
prouided,provided
prouidence,providence
prouident,provident
prouidently,providently
prouides,provides
prouideth,provides
prouiding,providing
prouince,province
prouinces,provinces
prouincial,provincial
prouinciall,provincial
prouing,proving
prouision,provision
prouisions,provisions
prouiso,proviso
prouocation,provocation
prouocations,provocations
‎prouoke,provoke
prouoked,provoked
prouokers,provokers
prouokes,provokes
prouoking,provoking
prouokings,provokings
Prouost,Provost
prouyde,provide
prouyded,provided
prov,prove
proverb'd,proverbed
proverbe,proverb
Proverbes,Proverbs
proverbiall,proverbial
Provest,Provost
providens,providence
providentiall,providential
Provinciall,Provincial
provocked,provoked
provocking,provoking
provok,provoke
provok'd,provoked
provoke'd,provoked
provokeit,provoked
provokit,provoked
provokt,provoked
provok't,provoked
prowd,proud
prowde,proud
prowesse,prowess
Proxie,Proxy
prudencie,prudency
prudentiall,prudential
prun'd,pruned
prviate,private
pryce,price
pryde,pride
prye,pry
Pryn,Prynne
Prynce,Prince
prynces,princes
Prynn,Prynne
Prynnes,Prynne's
pryuate,private
ps.,Psalm
psa.,Psalm
psalme,Psalm
psalmes,Psalms
Psalmis,Psalms
Psalmographe,Psalmograph
Ptolemei,Ptolemy
ptolemy,Ptolemy
Ptolome,Ptolemy
Ptolomee,Ptolemy
Ptolomie,Ptolemy
Ptolomy,Ptolemy
Publicane,Publican
Publicanes,Publican's
publickely,publicly
publickness,publicness
publicknesse,publicness
publict,public
publik,public
publikelie,publicly
publikely,publicly
publiklie,publicly
publikly,publicly
publique,public
publiquelie,publicly
publiquely,publicly
publish'd,published
publishe,publish
publisheth,publishes
publisht,published
publyke,public
publyshed,published
pubpubliquely,publicly
puer,pure
puff'd,puffed
puffes,puffs
pufft,puffed
puft,puffed
pul,pull
puld,pulled
pull'd,pulled
pulles,pulls
pully,pulley
pulpe,pulp
puls,pulls
punctuall,punctual
Punick,Punic
punish'd,punished
punishe,punish
punishemente,punishment
punishementes,punishments
punishements,punishments
punishmens,punishments
punishmente,punishment
punishmentes,punishments
punisht,punished
punnishment,punishment
punyshed,punished
punyshement,punishment
pupill,pupil
purblinde,purblind
purchace,purchase
purchaced,purchased
purchasd,purchased
purchas'd,purchased
purchast,purchased
purelie,purely
purenes,pureness
purenesse,pureness
purgatorie,purgatory
purgatorye,purgatory
purg'd,purged
purgeth,purges
purhase,purchase
purifiengs,purifyings
‎purifieth,purifies
purifiyng,purifying
purifyed,purified
purifyeth,purifieth
Puritane,Puritan
Puritanes,Puritans
Puritanicall,Puritanical
Puritanisme,Puritanism
puritie,purity
purloyned,purloined
purloyning,purloining
purpos,purpose
purpose'd,purposed
purposelie,purposely
purposly,purposely
Pursevant,Pursuivant
pursiue,pursive
pursu'd,pursued
pursuite,pursuit
pursuites,pursuits
pursute,pursuit
purueyor,purveyor
purueyors,purveyors
pusht,pushed
pussell,puzzle
putrefie,putrefy
putrifie,putrefy
putrified,putrefied
putrify,putrefy
putte,put
putteth,puts
puttyng,putting
puttynge,putting
puzle,puzzle
puzled,puzzled
puzling,puzzling
pvnished,punished
pvnishment,punishment
pvre,pure
pvrgeth,purges
pvrpose,purpose
Pylate,Pilate
pylgrymage,pilgrimage
pynes,pines
Pyramides,Pyramids
Pyrate,Pirate
Pyrates,Pirates
Pyrats,Pirates
pythagoras,Pythagoras
Pythagorising,Pythagorizing
qestion,question
qnietly,quietly
quaerie,query
quaestion,question
quaestioned,questioned
Quailes,Quails
quails,quail
qualifi'd,qualified
qualifie,qualify
qualify'd,qualified
qualifyed,qualified
qualitie,quality
qualityes,qualities
quallified,qualified
quallities,qualities
quallity,quality
qualmes,qualms
quantitie,quantity
quarel,quarrel
quarell,quarrel
quarelling,quarreling
quarels,quarrels
quarrel'd,quarrelled
quarrells,quarrels
quarrelsom,quarrelsome
Quarrey,Quarry
quarter'd,quartered
quayle,quail
queasie,queasy
queene,queen
quencht,quenched
Quene,Queen
Quenes,Queens
Querees,Queries
Querie,Query
questionles,questionless
questionlesse,questionless
questistion,question
questyon,question
Quhen,When
Quhose,Whose
Quhow,How
quicke,quick
quickely,quickly
quicken'd,quickened
quicklie,quickly
quickner,quickener
quickners,quickeners
quicknes,quickness
quickning,quickening
quicksighted,quick-sighted
Quier,Choir
quietlie,quietly
quietnes,quietness
quietnesse,quietness
Quire,Choir
quirinalis,Quirinalis
qustion,question
quyte,quite
QVESTION,QUESTION
Rabbine,Rabbi
Rabbines,Rabbin's
Rabbinicall,Rabbinical
Rabby,Rabbi
Rabshekah,Rabshakeh
Rachell,Rachel
Rachels,Rachel's
rack'd,racked
racke,rack
rackes,racks
rackt,racked
radicall,radical
rageing,raging
ragge,rag
raggs,rags
ragyng,raging
ragynge,raging
rahab,Rahab
Rahabs,Rahab's
rahel,Rachel
Rahels,Rachel's
raies,rays
raigne,reign
raigned,reigned
raignes,reigns
raigneth,reigns
raigning,reigning
raigning ,reigning
railes,rails
railyng,railing
Rainbowe,Rainbow
rain'd,rained
raine,rain
Rainebow,Rainbow
Rainebowe,Rainbow
rainie,rainy
Rainoldes,Rainolds
rais'd,raised
rama,Rama
Ramme,Ram
rammes,rams
ranck,rank
rancke,rank
ranckles,rankles
rancks,ranks
rancour,rancor
rankes,ranks
ranne,ran
ransackt,ransacked
ransaking,ransacking
ransome,ransom
rapt,wrapped
rapte,rapt
rarenesse,rareness
rarifie,rarify
raritie,rarity
rascall,rascal
rased,razed
raseth,razes
rashe,rash
rashely,rashly
rashlie,rashly
rashnes,rashness
rashnesse,rashness
rasor,razor
rathar,rather
ratifyed,ratified
rationalis,rationals
rationall,rational
ratione,ration
rationes,rations
ratleth,rattleth
ratling,rattling
raue,rave
Rauen,Raven
rauening,ravening
rauens,ravens
rauenyng,ravening
rauine,ravine
rauing,raving
rauings,ravings
rauish,ravish
rauished,ravished
rauisher,ravisher
rauishing,ravishing
raunsome,ransom
ravish'd,ravished
ravisht,ravished
rawe,raw
rayes,rays
raygned,reigned
rayle,rail
rayled,railed
rayler,railer
raylers,railers
rayling,railing
raylings,railings
rayned,rained
raynes,reins
rayning,raining
Raynold,Reynold
Raynolds,Reynolds
raysed,raised
rayther,rather
reach'd,reached
reache,reach
reacheth,reaches
reacht,reached
reade,read
readest,read
readie,ready
readilie,readily
readinesse,readiness
readinge,reading
readye,ready
readyer,readier
readyng,reading
reaking,reeking
reallie,really
reallity,reality
reallize,realize
reallized,realized
Realmes,Realms
reape,reap
reapes,reaps
reapt,reaped
reap̄tance,repentance
reap̄taunce,repentance
rear'd,reared
reare,rear
reas,reason
reasonablenesse,reasonableness
reasone,reason
reasones,reasons
reasoneth,reasons
reasonlesse,reasonless
reasonyng,reasoning
rebecca,Rebecca
Rebeccah,Rebekah
Rebeckah,Rebekah
Rebekahs,Rebekah's
Rebekkah,Rebekah
rebel'd,rebelled
rebell,rebel
rebelles,rebels
rebelliousnesse,rebeliousness
rebells,rebels
rebuk'd,rebuked
recal,recall
recals,recalls
receaued,received
receauer,receiver
receauers,receivers
receaues,receives
receaueth,receiveth
receav,receive
receave,receive
receaved,received
receaving,receiving
receit,receipt
receite,receipt
receiu,receive
receiue,receive
receiued,received
receiuedst,receivedst
receiuers,receivers
receiues,receives
receiuest,receivest
receiueth,receives
receiuyng,receiving
receiv,receive
receivd,received
receive'd,received
receiveth,receives
Receivors,Receivers
recerved,reserved
receued,received
receyue,receive
receyued,received
receyueth,receiveth
receyuing,receiving
receyve,receive
rechabites,received
recieve,receive
reciprocaly,reciprocally
recitall,recital
recke,reck
recken,reckon
reckened,reckoned
reckeneth,reckoneth
reckening,reckoning
reckes,recks
reckned,reckoned
reckning,reckoning
reckon'd,reckoned
reckoneth,reckons
reclaime,reclaim
reclaymed,reclaimed
recoile,recoil
recompence,recompense
recompenced,recompensed
recompences,recompenses
recompencing,recompensing
reconcilation,reconciliation
reconcileable,reconcilable
reconciliationis,reconciliations
reconcyled,reconciled
‎recorde,record
recordes,records
recouer,recover
recouerable,recoverable
recouered,recovered
recouerie,recovery
recouering,recovering
recouers,recovers
recouery,recovery
recoverie,recovery
recoyling,recoiling
recreat,recreate
re-creat,recreate
rectifie,rectify
Rectour,Rector
recurre,recur
Recusancie,Recusancy
redde,red
redeem'd,redeemed
redeeme,redeem
redeemes,redeems
redeme,redeem
redemed,redeemed
redemer,redeemer
redinesse,readiness
rednesse,redness
redoundeth,redounds
redres,redress
redresse,redress
redrest,redressed
reduc'd,reduced
redy,ready
reedes,reeds
reedifie,re-edify
reele,reel
reeles,reels
refer'd,referred
referenee,reference
referres,refers
referreth,refers
referrs,refers
referuation,reservation
reffuse,refuse
reflexe,reflex
refore,therefore
reform'd,reformed
reformes,reforms
refourmed,reformed
refraine,refrain
refreined,refrained
refresh'd,refreshed
refreshe,refresh
refresht,refreshed
refreyn,refrain
refts,rifts
refus'd,refused
refyned,refined
regaine,regain
Regall,Regal
regarde,regard
regardes,regards
regardfull,regardful
regardlesness,regardlessness
regardyng,regarding
regenerat,regenerate
Regioun,Region
registred,registered
registring,registering
regresse,regress
rehearsall,rehearsal
rehearseth,rehearses
rehersall,rehearsal
reherse,rehearse
rehersed,rehearsed
reherseth,rehearseth
reiect,reject
reiecte,reject
reiected,rejected
reiecteth,rejecteth
reiections,rejections
reiects,rejects
reign'd,reigned
reignes,reigns
reigneth,reigns
reine,rein
reioice,rejoice
reioiceth,rejoiceth
reioicing,rejoicing
Reioinder,Rejoinder
reioise,rejoice
reioised,rejoiced
reioising,rejoicing
reiourned,rejourned
reioyce,rejoice
reioyced,rejoiced
reioycest,rejoicest
reioyceth,rejoices
reioycing,rejoicing
reioycings,rejoicings
reioyne,rejoin
reioyse,rejoice
reioysed,rejoiced
reioyseth,rejoiceth
reioysing,rejoicing
rejoiceth,rejoices
rejoyced,rejoiced
rejoyceing,rejoicing
Rejoycers,Rejoicers
rejoyces,rejoices
rejoycest,rejoicest
rejoyceth,rejoiceth
rejoycing,rejoicing
rejoycingly,rejoicingly
rejoycings,rejoicings
rejoyn,rejoin
Rejoynd,Rejoined
Rejoynder,Rejoinder
rejoyned,rejoined
rekabites,Rechabites
reken,reckon
relaps,relapse
Relationes,Relations
relatiue,relative
relatiues,relatives
releas'd,released
releefe,relief
releeued,relieved
releeues,relieves
releeuing,relieving
releeve,relieve
releeved,relieved
releeving,relieving
releif,relief
releiue,relieve
releiued,relieved
releived,relieved
releiving,relieving
relentlesse,relentless
relickes,relics
relicks,relics
relie,rely
reliefe,relief
relieue,relieve
relieued,relieved
reliev'd,relieved
religeon,religion
Religigion,Religion
Religione,Religion
religiouslie,religiously
religiousnesse,religiousness
religiovs,religious
religon,religion
relikes,relics
reliks,relics
relinguished,relinquished
reliques,relics
reliue,relieve
rellishable,relishable
rellished,relished
reluctancie,reluctancy
reluctation,reluctance
relye,rely
relyed,relied
relyes,relies
relygion,religion
relygyon,religion
remain'd,remained
remaine,remain
remaines,remains
remainth,remaineth
remainyng,remaining
remarke,remark
remarkeable,remarkable
remayn,remain
remayne,remain
remayned,remained
remaynes,remains
remayneth,remaineth
remayning,remaining
remayns,remains
remaynyng,remaining
remedie,remedy
remedilesly,remedilessly
remedilesse,remediless
remedye,remedy
remedyed,remedied
rememberance,remembrance
remembereth,remembers
remembre,remember
remembredst,rememberedst
remembrest,remembers
remembreth,remembereth
remembring,remembering
remembryng,remembering
reminde,remind
remisly,remissly
remisness,remissness
remisnesse,remissness
remissely,remissly
remissenesse,remissness
remissione,remission
Remitte,Remit
remnantes,remnants
remnaunt,remnant
remoouall,removal
remooue,remove
remooued,removed
remooues,removes
remooueth,removeth
remoove,remove
remooved,removed
remooving,removing
remorcelesse,remorseless
remorseles,remorseless
remorselesse,remorseless
remotenesse,remoteness
remouall,removal
remoueall,removal
remoued,removed
remoues,removes
remoueth,removeth
remouing,removing
removall,removal
removalls,removals
removeall,removal
remptation,temptation
rende,rend
render'd,rendered
rendeuous,rendezvous
rendre,render
rendred,rendered
rendreth,rends
rendring,rendering
rendrings,renderings
renevv,renew
renevving,renewing
renewall,renewal
renew'd,renewed
renewe,renew
renewes,renews
renonuce,renounce
renouation,renovation
renoume,renown
renoumed,renowned
renounc'd,renounced
renowme,renown
renowmed,renowned
renownced,renounced
renowncing,renouncing
renown'd,renowned
renowne,renown
renownes,renowns
renue,renew
renued,renewed
renueth,reneweth
renuing,renewing
renuntiation,renunciation
repaird,repaired
repair'd,repaired
repaires,repairs
repairth,repaireth
repayd,repaid
repayed,repaid
repayr,repair
repayre,repair
repeale,repeal
repel'd,repelled
repell,repel
repentaunt,repentant
repentence,repentance
repenteth,repents
repentlesse,repentless
repete,repeat
repeted,repeated
repitition,repetition
repleate,replete
replenish'd,replenished
replenisht,replenished
repli'd,replied
replie,reply
reply'd,replied
replye,reply
Replyer,Replier
Replyers,Repliers
replyes,replies
replyest,repliest
replyeth,replieth
reportes,reports
reporteth,reports
representantis,representants
representatiue,representative
represente,represent
representes,represents
represse,repress
repriue,reprive
reproach'd,reproached
reproacht,reproached
‎reprobat,reprobation
reprobats,reprobates
reproch,reproach
reproche,reproach
reproched,reproached
reproches,reproaches
reprocheth,reproacheth
reprochful,reproachful
reprochfull,reproachful
reprochfully,reproachfully
reprofes,reproofs
reproofe,reproof
reproofes,reproofs
reprooue,reprove
reprooued,reproved
reprooueth,reproves
reproouing,reproving
reproove,reprove
reprooved,reproved
reprooving,reproving
reproue,reprove
reproued,reproved
reprouing,reproving
reprov'd,reproved
Republick,Republic
Republicke,Republic
Republicks,Republics
Republike,Republic
Republikes,Republics
Republique,Republic
repugnancie,repugnancy
repugnaunt,repugnant
repugne,repugn
repulsione,repulsion
reqired,required
requeste,request
requier,require
requir'd,required
requiryng,requiring
requisit,requisite
requitall,requital
requyre,require
requyres,requires
requyreth,requireth
Rereward,Rearward
resemblaunce,resemblance
resembleth,resembles
reseruation,reservation
reserue,reserve
reserued,reserved
reserues,reserves
reseruing,reserving
reserv'd,reserved
resign'd,resigned
resignes,resigns
resine,resign
resistable,resistible
resistaunce,resistance
resiste,resist
resistere,resistor
resistest,resist
resk,risk
reskuing,rescuing
resmbled,resembled
resolue,resolve
resolued,resolved
resoluedly,resolvedly
resolues,resolves
resolueth,resolveth
resoluing,resolving
resolutenesse,resoluteness
resolv'd,resolved
resolvednesse,resolvedness
reson,reason
resonable,reasonable
resorte,resort
respecte,respect
respectes,respects
respectfull,respectful
respectiue,respective
respectiuely,respectively
respondancy,respondency
respondencie,respondency
Respons,Response
reste,rest
resteth,rests
restles,wrestles
restlesly,restlessly
restlesness,restlessness
Restlesnesse,Restlessness
restoratiue,restorative
restor'd,restored
restoryng,restoring
restrain'd,restrained
restraine,restrain
restrainments,restraints
restrayn,restrain
restrayne,restrain
restrayned,restrained
restrayning,restraining
restreine,restrain
restreined,restrained
restreyn,restrain
restreyne,restrain
restreyned,restrained
restreyning,restraining
resurection,resurrection
resurreccion,resurrection
resurrectione,resurrection
retain'd,retained
retaines,retains
retayne,retain
retayned,retained
retayning,retaining
retchlesse,reckless
retein,retain
reteine,retain
reteined,retained
reteineth,retains
reteining,retaining
retentiue,retentive
reteyn,retain
reteyne,retain
reteyned,retained
reteyning,retaining
retir'd,retired
retirednesse,retiredness
retourned,returned
retractiue,retractive
retreate,retreat
returnd,returned
return'd,returned
returnes,returns
returneth,returns
retyre,retire
retyring,retiring
Reubens,Reuben's
Reue,Reve
reueale,reveal
reuealed,revealed
reueales,reveals
reuealing,revealing
reueile,reveal
reueiled,revealed
reueiling,reviling
Reuel,Revel
Reuelat,Revelation
reuelation,revelation
reuelations,revelations
reuele,reveal
reueled,revealed
reueleth,reveals
reuels,revels
reuenewes,renews
reuenge,revenge
reuenged,revenged
reuengefull,revengeful
reuengement,revengement
reuenger,revenger
reuenges,revenges
reuenue,revenue
reuenues,revenues
reuerberated,reverberated
reuerence,reverence
reuerences,reverences
reuerencing,reverencing
reuerende,reverend
reuerent,reverent
reuerently,reverently
reuersed,reversed
reuersion,reversion
reuersions,reversions
reuiew,review
reuile,revile
reuiled,reviled
reuiles,reviles
reuiling,reviling
reuilings,revilings
reuiue,revive
reuiued,revived
reuiueth,reviveth
reuiuing,reviving
reuocation,revocation
reuoke,revoke
reuoked,revoked
reuoking,revoking
reuolt,revolt
reuolted,revolted
Reuolting,Revolting
Reuolution,Revolution
reveale,reveal
reveales,reveals
reveiled,reviled
Revelatione,Revelation
revell,revel
revelled,reveled
Revellings,Revelings
revenew,revenue
revenewes,revenues
reveng,revenge
revenge'd,revenged
revers'd,reversed
revil'd,reviled
reviued,revived
reviv'd,revived
revolue,revolve
revulsiue,revulsive
revvard,reward
revvards,rewards
rewarde,reward
rewardes,rewards
reygne,reign
reygneth,reigneth
reyned,rained
reynes,reins
reyns,reins
Rhemes,Reims
Rhetoricall,Rhetorical
Rhetorick,Rhetoric
Rhetoricke,Rhetoric
Rhetorike,Rhetoric
rhetorikes,rhetorics
Rhetorique,Rhetoric
Rheume,Rheum
rheumes,rheums
rhey,they
rhou,thou
rhumatick,rheumatic
rhume,rheum
ribbes,ribs
richely,richly
ridde,rid
ridles,riddles
Ridly,Ridley
righteonsnes,righteousness
righteonsnesse,righteousness
righteouse,righteous
righteousenesse,righteousness
righteousnes,righteousness
righteousnesse,righteousness
righteovs,righteous
righteovsnes,righteousness
rightes,rights
rightfull,rightful
rightlie,rightly
rightlye,rightly
rightnesse,rightness
rightousnes,righteousness
rightuous,righteous
rightuouse,righteous
rightuousnes,righteousness
Rigidnesse,Rigidness
rigore,rigor
rigteousness,righteousness
rinde,rind
riotor,rioter
riotors,rioters
riotour,rioter
riotours,rioters
ripenes,ripeness
ripenesse,ripeness
rippe,rip
ript,ripped
riseing,rising
ritches,riches
riuality,rivality
riualls,rivals
riuer,river
rivall,rival
Rivetus,Rivet
rivolets,rivulets
roabes,robes
roabs,robes
roade,road
roades,roads
roares,roars
robb'd,robbed
robbe,rob
Robberie,Robbery
robbes,robs
robbeth,robs
Robbinsons,Robinson's
robd,robbed
Robinsons,Robinson's
Rochel,Rochelle
rocke,rock
rockie,rocky
rodde,rod
roddes,rods
roial,royal
roiall,royal
roling,rolling
roll'd,rolled
Rolles,Rolls
Romains,Romans
romane,Roman
Romanes,Romans
Romanistes,Romanists
Romantick,Romantic
Romayne,Roman
Romaynes,Romans
rome*,Rome
romes,Rome
Romishe,Romish
romulus,Romulus
Romysh,Romish
Romyshe,Romish
ronne,run
Roode,Rood
roofe,roof
roofes,roofs
roome,room
roomes,rooms
roote,root
rootes,roots
roperty,property
rore,roar
rores,roars
roring,roaring
Rosse,Ross
rosteth,roasteth
rosting,roasting
rottennes,rottenness
rottennesse,rottenness
rouers,rovers
roughnes,roughness
roughnesse,roughness
rouing,roving
roul,roll
roule,roll
rouled,rolled
roume,room
rounde,round
roundnesse,roundness
rouze,rouse
rouzing,rousing
rowe,row
rowes,rouse
rowl,roll
rowle,roll
rowled,rolled
rowles,roles
rowling,rolling
rowme,room
rowmes,rooms
rowse,rouse
rowsed,roused
rowseth,rouseth
rowsing,rousing
rowzing,rousing
Royallists,Royalists
Royaltie,Royalty
rubb'd,rubbed
rubbe,rub
rubbes,rubs
rub'd,rubbed
Ruben,Reuben
Rubrick,Rubric
Rubricke,Rubric
ruddie,ruddy
rudenes,rudeness
rudenesse,rudeness
ruffinus,Ruffinus
rufull,rueful
ruin'd,ruined
ruine,ruin
rumpe,rump
run-away,runaway
runing,running
runn,run
runnagate,runagate
runnagates,runagates
runne,run
runnes,runs
runneth,runs
runns,runs
runth,runneth
rurall,rural
rushe,rush
rusticall,rustical
rusticke,rustic
rustie,rusty
ruthfull,ruthful
Rutterford,Rutherford
Rycharde,Richard
ryche,rich
ryde,ride
ryght,right
ryghte,right
ryghteous,righteous
ryghteously,righteously
ryghteousnes,righteousness
ryghtly,rightly
ryghtuousnesse,righteousness
ryng,ring
rynges,rings
ryot,riot
ryoting,rioting
ryotous,riotous
ryotting,rioting
ryse,rise
rysen,risen
ryseth,riseth
rytes,rites
ryuer,river
ryuers,rivers
Sabaoths,Sabbaths
Sabath,Sabbath
sabbath,Sabbath
Sabbathday,Sabbath day
sabbathes,Sabbaths
Sabbaticall,Sabbatical
Sabbatisme,Sabbatism
Sabboths,Sabbaths
Sabeans,Sabaeans
sabellian,Sabellian
sabelliens,Sabellians
Saboath,Sabbath
Saboaths,Sabbaths
saboth,sabbath
Saboths,Sabbaths
Sacament,Sacrament
Sacerdotall,Sacerdotal
sackcloath,sackcloth
sackecloth,sackcloth
Sacramente,Sacrament
Sacramentes,Sacraments
Sacramēt,Sacrament
sacramētes,sacraments
Sacramēts,Sacraments
sacrific'd,sacrificed
sacrifico,sacrifice
sacrifise,sacrifice
sacrifize,sacrifice
sacrifyce,sacrifice
sacrifyces,sacrifices
sacrifycing,sacrificing
Sacriledge,Sacrilege
sacriledges,sacrileges
sacryfyce,sacrifice
sadd,sad
sadde,sad
Sadduces,Sadducees
sadest,saddest
sadled,saddled
sadned,saddened
sadnes,sadness
sadnesse,sadness
sadning,saddening
Saducees,Sadducees
safeconduct,safe conduct
safed,saved
safegarde,safeguard
safelie,safely
saftie,safety
sagacitie,sagacity
saide,said
saie,say
saied,said
saieng,saying
saiengs,sayings
saieth,says
saife,safe
sail'd,sailed
saile,sails
Sainct,Saint
Saincte,Saint
sainctes,saints
saing,saying
saintes,saints
saist,says
sait,saith
saith,says
saith),says
saithful,faithful
saiynge,saying
Salamon,Solomon
Salisburie,Salisbury
Sallary,Salary
salling,falling
Salmanasser,Shalmaneser
Salmaneser,Shalmaneser
Salomen,Solomon
salomon,Solomon
salomons,Solomon's
saltishnesse,saltishness
saltnesse,saltness
saluacion,salvation
saluacyon,salvation
saluation,salvation
saluations,salvations
salue,salve
salues,salves
salvatian,salvation
salvatition,salvation
salvian,Salvian
sam,Samuel
samaria,Samaria
Samariah,Samaria
Samariran,Samaritan
samaritane,Samaritan
Samaritanes,Samaritans
Sampsons,Samson's
samson,Samson
samsons,Samson's
SAMVEL,SAMUEL
Sanballats,Sanballat’s
sanctied,sanctified
sanctiffed,sanctified
sanctifi'd,sanctified
sanctifie,sanctify
sanctify'd,sanctified
sanctifyed,sanctified
Sanctifyer,Sanctifier
sanctisication,sanctification
sanctitie,sanctity
sanctuarie,sanctuary
sanctyfye,sanctify
sande,sand
sandie,sandy
sandinesse,sandiness
Sanedrim,Sanhedrin
Sanedrin,Sanhedrin
sanitie,sanity
sanke,sank
Sanneherib,Sennacherib
Santandrews,Saint Andrews
santuary,sanctuary
Saphir,Sapphire
Saphira,Sapphira
Saphire,Sapphire
Saphires,Sapphires
Saphirs,Sapphires
Saphyra,Sapphira
Saphyres,Sapphires
saplesse,sapless
sappe,sap
sapphira,Sapphira
sara,Sara
Sarahs,Sarah's
sardian,Sardian
Sardica,Serdica
sardis,Sardis
sarre,far
sast,fast
satan,Satan
satanicall,satanical
Satans,Satan's
sate,sat
Saterday,Saturday
sath,saith
Sathā,Satan
sathan,Satan
Sathans,Satan's
satifie,satisfy
satisction,satisfaction
satisfactione,satisfaction
Satisfactorie,Satisfactory
satisfection,satisfaction
satisfi'd,satisfied
satisfie,satisfy
satisfiyng,satisfying
satisfuction,satisfaction
satisfy'd,satisfied
satisfye,satisfy
satisfyed,satisfied
satisfyeth,satisfieth
Sattin,Satin
sattins,satins
Saturne,Saturn
Satyrist,Satirist
sauage,savage
Sauages,Savages
saucie,saucy
sauctifie,sanctify
saued,saved
sauegard,safeguard
sauegarde,safeguard
sauer,saver
saues,saves
saueth,saves
sauing,saving
sauinge,saving
Sauionr,Savior
Sauior,Savior
sauiour,savior
sauioure,savior
sauiours,saviors
saul,Saul
saule,Saul
saules,Saul's
saull,soul
Sauls,Saul's
sauor,savor
sauorie,savory
sauoure,savor
sauoured,savored
sauourie,savory
sauouring,savoring
sauourly,savorly
sauours,savors
sauoury,savory
Sauoy,Savoy
sauyng,saving
sauynge,saving
sauyor,savior
sauyour,savior
sauyoure,savior
savagenesse,savageness
savd,said
sav'd,saved
saveing,saving
Saviour,Savior
saviours,saviors
SAVIOVR,SAVIOR
savor'd,savored
savour,savor
savourest,savorest
savourie,savory
sawe,saw
sawest,saw
Saxones,Saxons
Saxonie,Saxony
sayd,said
say'd,said
sayed,said
sayeng,saying
sayenges,sayings
sayeth,saith
sayethe,saith
saȳg,saying
sayinge,saying
sayinges,sayings
sayis,says
sayl,sail
sayle,sail
sayled,sailed
Saylers,Sailors
sayles,sails
sayling,sailing
Sayls,Sails
saynct,saint
Sayncte,Saint
Saynctes,Saints
sayng,saying
saynge,saying
saynges,sayings
saynt,saint
saynte,saint
sayntes,saints
saynts,saints
sayth,saith
sayth*,says
saythe,saith
sayto,say to
scabberd,scabbard
scal'd,scaled
scalpe,scalp
Scandales,Scandals
scandaliz'd,scandalized
scandall,scandal
scandalls,scandals
scandelous,scandalous
Scanderbeg,Skanderbeg
scanne,scan
scap'd,scaped
scar'd,scared
scarifie,scarify
scarre,scar
scarres,scars
scarrs,scars
scarsely,scarcely
scarsitie,scarcity
scarsity,scarcity
scarsly,scarcely
scatter'd,scattered
scattred,scattered
Scedule,Schedule
Scepticke,Sceptic
Scepticks,Skeptics
sceptre,scepter
schall,shall
schaw,show
schismaticall,schismatical
Schismatick,Schismatic
Schismaticke,Schismatic
Schismatickes,Schismatics
schismaticks,schismatics
schismatike,schismatic
schismatikes,schismatics
Schismatique,Schismatic
Schismatiques,Schismatics
schismes,schisms
Scholasticall,Scholastical
schole,school
scholemaister,schoolmaster
scholemaster,schoolmaster
Scholemen,Schoolmen
scholer,scholar
scholers,scholars
Schollar,Scholar
schollers,scholars
Schooleman,Schoolman
Schoolemasters,Schoolmasters
schoolemen,schoolmen
scipio,Scipio
scismaticke,schismatic
scismatike,schismatic
scismes,schisms
Scituation,Situation
sclander,slander
sclaunder,slander
sclaunderous,slanderous
scof,scoff
scoffe,scoff
scoffest,scoff
scofs,scoffs
scoft,scoffed
scole,school
scorcht,scorched
scorn'd,scorned
scorne,scorn
scornefull,scornful
scornfull,scornful
scornors,scorners
scornr,scorner
scortched,scorched
scotfree,scot-free
Scotish,Scottish
Scotlande,Scotland
Scottes,Scots
scoure,scour
scourg'd,scourged
scourgethe,scourge the
scowre,scour
scowred,scoured
scowring,scouring
scratcht,scratched
scribling,scribbling
Scripturall,Scriptural
scripturis,scriptures
Scripturs,Scriptures
Scriptute,Scripture
scriptvre,scripture
SCRIPTVRES,SCRIPTURES
Scriture,Scripture
scriuener,scribe
Scriueners,Scriveners
scrole,scroll
scrue,screw
scrupulositie,scrupulousity
scrutinie,scrutiny
scrypture,scripture
scryptures,scriptures
scufle,scuffle
sculkes,skulks
scumme,scum
scurrilitie,scurrility
scuruy,scurvy
sead,seed
seaes,seas
seal'd,sealed
seale,seal
seales,seals
sealng,sealing
Sea-man,Seaman
seame,seam
seamelesse,seamless
seane,seen
searcht,searched
seare,sear
seased,ceased
seasonablenesse,seasonableness
season'd,seasoned
seate,seat
seates,seats
seauens,sevens
seauenteenth,seventeenth
seauenth,seventh
Seauenthly,Seventhly
seauentie,seventy
Seauenty,Seventy
seaven,seven
seaventeen,seventeen
seaventh,seventh
Seaventhly,Seventhly
seaventy,seventy
seaze,seize
seazed,seized
seazing,seizing
Sechem,Shechem
Sechemites,Shechemites
secke,seek
Secōdly,Secondly
secondarie,secondary
Secondlye,Secondly
secrecie,secrecy
secreet,secret
secresie,secrecy
Secretarie,Secretary
secretlie,secretly
secretlye,secretly
Sectarie,Sectary
sectes,sects
Sectionis,Sections
seculer,secular
secundarily,secondarily
secundary,secondary
secur'd,secured
securitie,security
secvritie,security
sede,seed
sedicious,seditious
seduc'd,seduced
seede,seed
seedes,seeds
seeed,seed
seeeth,seeth
seeing,seeing
seeinge,seeing
seeke,seek
seekes,seeks
seeketh,seeks
seekr,seeker
seekth,seeketh
seekyng,seeking
seele,feel
seelie,silly
seem'd,seemed
seemelie,seemly
seemely,seemly
seem'st,seemest
seene,seen
seest,see
seet,seat
seeyng,seeing
Sehon,Sihon
seigning,feigning
seik,seek
seinge,seeing
seiseth,seizeth
seiz'd,seized
seize'd,seized
seketh,seeketh
seking,seeking
sekyng,seeking
seldome,seldom
selfeconfidence,selfconfidence
selfeloue,self-love
selferespects,self-respects
selfes,selves
selfesame,selfsame
selff,self
selffe,self
Selfiness,Selfness
selfis,selfs
selfishnesse,selfishness
selflove,self-love
sellyng,selling
selue,selve
selues,selves
selues*,selves
selus,selves
selvs,selves
sely,seely
semed,seemed
semeth,seemeth
semiah,Semiah
seminall,seminal
seminarie,seminary
seming,seeming
Semipelagians,Semi-Pelagians
Sems,Shem
Senacharib,Sennacherib
Senacherib,Sennacherib
Senacheribs,Sennacherib's
Senat,Senate
Senatours,Senators
sence,sense
senceless,senseless
sencelesse,senseless
sences,senses
sene,seen
Senecaes,Seneca's
Sennacheribs,Sennacherib's
sens,sense
senseles,senseless
senselesly,senselessly
senselesness,senselessness
senselesse,senseless
sensiblenesse,sensibleness
sensiblie,sensibly
sensitiue,sensitive
sensles,senseless
senslesly,senselessly
senslesnes,senselessness
senslesness,senselessness
senslesnesse,senselessness
sensless,senseless
Senslesse,Senseless
sensualitie,sensuality
sensuall,sensual
sent̄ce,sentence
sente,sent
sented,scented
Sentinell,Sentinel
senyors,seniors
seoff,scoff
seperable,separable
seperat,separate
seperated,separated
seperates,separates
seperating,separating
seperation,separation
Seperatists,Separationists
Septemb,September
Septuagints,Septuagint's
sepulchre,sepulcher
Sepulchres,Sepulchers
sequele,sequel
sequell,sequel
sequestred,sequestered
sequestring,sequestering
Seraphick,Seraphic
serch,search
serche,search
serched,searched
serenitie,serenity
seriouslie,seriously
seriousnesse,seriousness
seriovs,serious
sermone,sermon
sermones,sermons
Sermonis,Sermons
serpente,serpent
serten,certain
seruant,servant
seruantes,servants
seruants,servants
seruaunte,servant
seruauntes,servants
seruaunts,servants
serue,serve
serued,served
seruent,servant
serueth,serves
Seruetus,Servetus
seruice,service
‎seruile,servile
seruilely,servilely
seruing,serving
seruis,service
seruitude,servitude
seruyng,serving
seruynge,serving
servantes,servants
serv'd,served
servency,fervency
servent,servant
servently,fervently
servil,servile
setforth,set forth
seth,Seth
Seths,Seth’s
seting,setting
setle,settle
setledly,settledly
setlednesse,settledness
setlement,settlement
setling,settling
sett,set
sette,set
setteth,sets
settinge,setting
setts,sets
settyng,setting
settynge,setting
seuen,seven
seuenfold,sevenfold
seuenteene,seventeen
seuenteenth,seventeenth
seuenth,seventh
Seuenthly,Seventhly
seuentie,seventy
seuenty,seventy
seuera,several
‎seuerall,several
seuerallie,severally
seuerally,severally
seuered,severed
seuerely,severely
seuerity,severity
Sevennes,Cévennes
seventeene,seventeen
seventie,seventy
severalls,severals
sever'd,severed
sev'ral,several
seyd,said
seyng,seeing
seynge,seeing
shaddowe,shaddow
shaddowed,shadowed
shaddowes,shadows
shadie,shady
shadowe,shadow
shadowes,shadows
shalbe,shall be
shalbee,shall be
shallbe,shall be
shallownesse,shallowness
shalte,shalt
sham'd,shamed
shamefac'd,shamefaced
Shamefac'dnesse,Shamefacedness
shamefastnes,shamefastness
shamefastnesse,shamefastness
shamefull,shameful
shamefullie,shamefully
shamefulnesse,shamefulness
shamefuly,shamefully
shameles,shameless
shamelesly,shamelessly
shamelesnesse,shamelessness
shamelesse,shameless
shamfull,shameful
shanke,shank
shankes,shanks
sharpe,sharp
sharpelie,sharply
sharpely,sharply
sharplie,sharply
sharpned,sharpened
sharpnes,sharpness
sharpnesse,sharpness
sharpneth,sharpeneth
sharpning,sharpening
shatter'd,shattered
shattred,shattered
shaued,shaved
shauelings,shavelings
shauen,shaven
shauing,shaving
shead,shed
sheafe,sheaf
sheapheard,shepherd
sheaues,sheaves
Shechinah,Shekhinah
Shecinah,Shekhinah
shedde,shed
sheddes,sheds
sheddyng,shedding
sheding,shedding
shee,she
sheepe,sheep
sheepefold,sheepfold
sheepefolde,sheepfold
sheepeheard,shepherd
sheepheard,shepherd
sheepheardes,shepherds
sheepheards,shepherds
sheepherd,shepherd
sheepherds,shepherds
sheeps,sheep's
sheepwalkes,sheepwalks
sheete,sheet
sheetes,sheets
Sheild,Shield
shekell,shekel
shekles,shekels
shelfe,shelf
shels,shells
sheltred,sheltered
sheltring,sheltering
Shemajah,Shemaiah
Shemei,Shimei
Shems,Shem’s
Shepard,Shepherd
shepe,sheep
shepeheard,shepherd
shepes,sheep’s
Shephard,Shepherd
shepheard,shepherd
shephearde,shepherd
shepheardes,shepherds
shepheards,shepherds
shepherdes,shepherds
Sheriffe,Sheriff
Sheriffes,Sheriffs
shewed,showed
shewen,shown
shewest,showest
shewethe,showeth
Shewing,Showing
shewne,shown
shews,shows
shewyng,showing
shie,shy
shielde,shield
shifte,shift
shiftes,shifts
shiftlesse,shiftless
Shimeies,Shimei's
Shimeis,Shimei's
shin'd,shined
shineing,shining
Ship-men,Shipmen
Shipmony,Ship-money
shippe,ship
shippes,ships
shipwracke,shipwreck
shipwrackt,shipwrecked
Shiriffe,Sheriff
Shiriffes,Sheriffs
shoare,shore
shocke,shock
sholde,should
shooe,shoe
shooes,shoes
shooke,shook
Shoolmen,Schoolmen
Shoomaker,Shoemaker
shoomakers,shoemakers
shoote,shoot
shootes,shoots
shopwindowes,shop windows
shorne,shorn
shorte,short
shortely,shortly
shortlie,shortly
shortlye,shortly
shortnes,shortness
shortnesse,shortness
shortning,shortening
shotte,shot
shoud,should
shou'd,should
shoul,should
shoulde,should
shouldest,should
shouldred,shouldered
shouldst,should
should'st,shouldest
shoute,shout
shovld,should
shovve,show
showe,show
showes,shows
showr,shower
showres,showers
shranke,shrank
shreddes,shreds
shreek,shriek
shrewe,shrew
shrinke,shrink
shriuen,shriven
shronke,shrunk
shrowd,shroud
shrowde,shroud
shrowded,shrouded
shrubbe,shrub
shrubbes,shrubs
shrugge,shrug
shrunke,shrunk
shufles,shuffles
shulde,should
shund,shunned
shun'd,shunned
shunn'd,shunned
shunne,shun
shunnes,shuns
shutt,shut
shutte,shut
shutteth,shuts
shyne,shine
shyning,shining
Sichem,Shechem
Sichemites,Shechemites
Sicilie,Sicily
sicke,sick
sickenes,sickness
sickenesse,sickness
Sickenesses,Sicknesses
sicknes,sickness
sicknesse,sickness
sicknesss,sicknesses
sicles,shekels
siedge,siege
sieled,ceiled
siery,fiery
sighes,sighs
signd,signed
signe,sign
signfy,signify
signifed,signified
significatiue,significative
signifie,signify
signifieng,signifying
signifieth,signifies
signifiyng,signifying
signify'd,signified
signifyed,signified
signifyes,signifies
signifyeth,signifieth
sik,such
siknes,sickness
silenc'd,silenced
silke,silk
Silkes,Silks
sillable,syllable
silld,filled
sillie,silly
sillinesse,silliness
Sillogisme,Syllogism
Siloe,Siloam
silthy,filthy
siluer,silver
Siluester,Sylvester
Simeons,Simeon's
similies,similes
simon,Simon
Simoni,Simony
Simoniacall,Simoniacal
simonides,Simonides
Simonie,Simony
simpathize,sympathize
simpathy,sympathy
Simplenesse,Simpleness
simplenesss,simpleness
simplenessse,simpleness
simplicitie,simplicity
simplie,simply
sina,
Sinagogue,Synagogue
sinai,Sinai
sincerelie,sincerely
sinceritie,sincerity
sincerly,sincerely
Sinck,Sink
sind,sinned
sinde,find
sindest,findest
sinewes,sinews
sinfullnes,sinfulness
sinfullness,sinfulness
sinfullnesse,sinfulness
sinfulnes,sinfulness
sinfulnesse,sinfulness
sing'd,singed
singlenes,singleness
singlenesse,singleness
singulare,singular
singularitie,singularity
singularlie,singularly
singuler,singular
singyng,singing
sining,sinning
sinke,sink
sinkes,sinks
sinn'd,sinned
sinne,sin
sinneful,sinful
sinnefull,sinful
sinnefulnesse,sinfulness
sinnelesse,sinless
sinnes,sins
sinneth,sins
sinnewe,sinew
sinnewes,sinews
sinnful,sinful
Sinode,Synod
Sinoffring,Sin offering
sinr,sinner
sinst,sinnest
sion,Zion
Siria,Syria
sirnamed,surnamed
sirst,first
Sistere,Sister
sith,since
sitly,fitly
sitrring,stirring
sitte,sit
sittes,sits
sitteth,sits
sittinge,sitting
sitts,sits
sittyng,sitting
siue,sieve
sixe,six
sixed,fixed
sixtie,sixty
skales,scales
skall,scall
skanning,scanning
skarlet,scarlet
skarre,scar
skie,sky
skild,skilled
skil'd,skilled
skilful,skillful
skilfullest,skillfullest
skilfully,skillfully
skilfulnesse,skillfulness
skill'd,skilled
skillfull,skillful
skils,skills
skimme,skim
skinne,skin
skinnes,skins
skoffed,scoffed
skoffing,scoffing
skonce,sconce
skore,score
skorne,scorn
skornes,scorns
Skreen,Screen
skrue,skrew
skullerie,skullery
skullian,scullion
skumm,scum
skyes,skies
slacke,slack
slackned,slackened
slacknes,slackness
slackning,slackening
slaine,slain
slame,flame
slandreth,slanders
slandring,slandering
slaue,slave
slauerie,slavery
slauery,slavery
slaues,slaves
slaughter'd,slaughtered
slauish,slavish
slauishly,slavishly
slaunder,slander
slaundered,slandered
slaunderer,slanderer
slaunderers,slanderers
slaundereth,slandereth
slaundering,slandering
slaunderous,slanderous
slaunderously,slanderously
slaunders,slanders
slaverie,slavery
slavishnesse,slavishness
slaye,slay
slayes,slays
slayeth,slays
slayn,slain
slayne,slain
slea,slay
sleape,sleep
sleepe,sleep
sleepes,sleeps
sleepeth,sleeps
sleepinesse,sleepiness
sleeues,sleeves
sleighted,slighted
sleighteth,slighteth
sleing,slaying
slenderlie,slenderly
slenderly,slenderly
slendernesse,slenderness
slepe,sleep
slepeth,sleepeth
slesh,flesh
slewe,slew
slie,sly
slightlie,slightly
slippe,slip
slipperie,slippery
slipperinesse,slipperiness
slippes,slips
slipt,slipped
sloath,sloth
sloathfulness,slothfulness
sloole,stool
slothfull,slothful
slothfulnes,slothfulness
slothfulnesse,slothfulness
sloudgates,floodgates
slouth,sloth
slouthfulnes,slothfulness
slouthfulnesse,slothfulness
slowe,slow
slownes,slowness
slownesse,slowness
sluce,sluice
sluced,sluiced
sluces,sluices
slugge,slug
sluggishnes,sluggishness
Sluggishnesse,Sluggishness
slumbreth,slumbereth
slumbring,slumbering
slying,sling
smacke,smack
smale,small
smallnesse,smallness
smalness,smallness
smalnesse,smallness
smel,smell
smels,smells
smil'd,smiled
Smithes,Smiths
smoak,smoke
smoake,smoke
smoakie,smoky
smoaking,smoking
smoaky,smoky
smoothe,smooth
smoothered,smothered
smoothnesse,smoothness
smooths,smoothes
smothred,smothered
smyte,smite
Smythes,Smiths
Smyths,Smiths
snaile,snail
snapt,snapped
snarle,snarl
snarpest,sharpest
snatch'd,snatched
snatcht,snatched
Snch,Such
snovve,snow
snowe,snow
snuffe,snuff
soakes,soaks
soakt,soaked
soals,soles
soare,soar
soares,soars
sobermen,sober men
sobernes,soberness
sobernesse,soberness
sobrietie,sobriety
soch,such
soche,such
sociablenesse,sociableness
societie,society
Socinianisme,Socinianism
socrates,Socrates
sodain,sudden
sodaine,sudden
sodainely,suddenly
sodainly,suddenly
sodeine,sudden
soder,solder
sodered,soldered
sodom,Sodom
sodome,Sodom
Sodomes,Sodom’s
Sodomie,Sodomy
Sodomiticall,Sodomitical
Sodomitrie,Sodomitry
Sodomits,Sodomites
Sodoms,Sodom's
softe,soft
softned,softened
softnes,softness
softnesse,softness
softneth,softeneth
soght,sought
soile,soil
soiles,soils
soiourne,sojourn
soiourned,sojourned
sojorner,sojourner
sojourn'd,sojourned
sojourne,sojourn
solde,sold
soldiors,soldiers
soldiour,soldier
soldiours,soldiers
soldred,soldered
solem,solemn
solicite,solicit
solicites,solicits
solide,solid
soliditie,solidity
solidnesse,solidness
solitarie,solitary
solitarines,solitariness
solitarinesse,solitariness
sollicit,solicit
sollicitation,solicitation
sollicitations,solicitations
sollicited,solicited
sollicites,solicits
solliciting,soliciting
sollicitings,solicitings
Sollicitor,Solicitor
sollicitors,solicitors
sollicitour,solicitor
sollicitous,solicitous
sollicitously,solicitously
sollicitude,solicitude
sollid,solid
solomon,Solomon
Solomons,Solomon's
soly,solely
Solyman,Suleiman
some one,someone
some thing,something
some times,sometimes
somethinge,something
somethyng,something
somevvhat,somewhat
sommoned,summoned
somteme,sometimes
somtime,sometime
somtimes,sometimes
somtyme,sometime
somtymes,sometimes
somuche,so much
somwhat,somewhat
songes,songs
sonn,son
sonne,son
sonnes,sons
sonns,sonship
soo,so
soorth,forth
sootie,sooty
soperated,seperated
Sophisme,Sophism
sophismes,sophisms
sophisticall,sophistical
sophistrie,sophistry
sorbiddeth,forbiddeth
sorce,source
sorcerie,sorcery
sorie,sorry
soring,soaring
sorow,sorrow
sorowe,sorrow
sorowes,sorrows
sorowful,sorrowful
sorowfull,sorrowful
sorrovv,sorrow
sorrowe,sorrow
sorrowes,sorrows
sorrowfull,sorrowful
sorte,sort
sortes,sorts
sorth,forth
sorye,sorry
sotish,sottish
sottishnesse,sottishness
soueraign,sovereign
soueraigntie,sovereignty
soueraignty,sovereignty
soueraintie,sovereignty
soueraygne,sovereign
souereigne,sovereign
souereigntie,sovereignty
souereintie,sovereignty
soughte,sought
sould,sold
souldiars,soldiers
Souldier,Soldier
Souldiery,Soldiery
souldiors,soldiers
soule,soul
soules,souls
soull,soul
soundnes,soundness
soundnesse,soundness
soure,sour
southerne,southern
southsaier,soothsayer
Southsayer,Soothsayer
Southsayers,Soothsayers
soveraign,sovereign
Soveraignes,Sovereigns
Soveraignity,Sovereignty
soveraignly,sovereignly
Soveraigns,Sovereigns
soveraigntie,sovereignty
soverain,sovereign
Soverainety,Sovereignty
soveraingty,sovereignty
sovereigne,sovereign
SOVLE,SOUL
SOVLES,SOULS
Sov'reign,Sovereign
sovven,sown
sow'd,sowed
sowe,sow
sowen,sown
sowes,sows
sowght,sought
sowles,souls
sownde,sound
sowr,sour
sowrenesse,sourness
sowres,sours
sowrest,sourest
sowreth,soureth
sowring,souring
soyle,soil
soyles,soils
sozimus,Sozimus
sozom,Sozom
spaine,Spain
Spaines,Spain's
Spains,Spain's
spake,spoke
Spaniardes,Spaniards
Spanishe,Spanish
spann,span
spanne,span
Spanyard,Spaniard
Spanyardes,Spaniards
spar'd,spared
spareth,spares
sparke,spark
sparkes,sparks
sparrowes,sparrows
spatious,spacious
spawne,spawn
Spayne,Spain
speach,speech
speache,speech
speaches,speeches
speachlesse,speechless
speake,speak
speakeing,speaking
speakst,speakest
speakth,speaketh
speakyng,speaking
speakynge,speaking
speare,spear
speares,spears
speche,speech
speciallest,specialest
speciallye,specially
specialtie,specialty
specificall,specifical
specifie,specify
spectatours,spectators
speculatiue,speculative
spedely,speedily
spedily,speedily
speeche,speech
speede,speed
speedilie,speedily
speedinesse,speediness
speik,speak
speke,speak
speketh,speaks
spels,spells
spende,spend
spette,spit
sphaeres,spheres
Spheare,Sphere
Spheares,Spheres
sphears,spheres
spie,spy
spight,spite
spightful,spiteful
spightfully,spitefully
spightfulnesse,spitefulness
spilt,spilled
spinne,spin
spiridion,Spyridon
spirite,spirit
spirites,spirits
spirituale,spiritual
spiritualiz'd,spiritualized
spirituallie,spiritually
spirituallized,spiritualized
spiritualls,spirituals
spiritualy,spiritually
spiritural,spiritual
spiritval,spiritual
spiritvall,spiritual
spiriuall,spiritual
spirrit,spirit
spiryte,spirit
spirytuall,spiritual
spitefull,spiteful
spitte,spit
spleene,spleen
splendour,splendor
splene,spleen
spoile,spoil
spoiles,spoils
spoone,spoon
spoonfulls,spoonfuls
sporte,sport
spotlesse,spotless
spott,spot
spotte,spot
spottes,spots
spowse,spouse
spoyl,spoil
spoyle,spoil
spoyled,spoiled
spoylers,spoilers
spoyles,spoils
spoylest,spoilest
spoyleth,spoileth
spoyling,spoiling
spoyls,spoils
sprange,sprang
spreade,spread
spred,spreads
spreding,spreading
sprete,spirit
spretes,spirits
sprinckle,sprinkle
sprinckled,sprinkled
sprinckling,sprinkling
sprituall,spiritual
sproong,sprung
spryng,spring
sprynge,spring
spue,spew
spued,spewed
spunges,sponges
spunne,spun
spur'd,spurred
spurius,spurious
spurne,spurn
spurnes,spurns
spurr,spur
spurre,spurr
spurres,spurs
spye,spy
spyed,spied
spyrite,spirit
spyryte,spirit
spyte,spite
squallid,squalid
squeased,squeezed
Squyer,Squire
Sripture,Scripture
stabb'd,stabbed
stabbe,stab
stab'd,stabbed
stablenesse,stableness
stablishe,stablish
staffe,staff
staie,stay
staied,stayed
staieth,stays
stain'd,stained
staine,stain
staines,stains
staire,stair
staires,stairs
stairre,stair
stalke,stalk
stalles,stalls
stampe,stamp
stampes,stamps
stampt,stamped
stande,stand
standerd,standard
standered,standard
standes,stands
standeth,stands
standinge,standing
standvpon,stand upon
standyng,standing
standynge,standing
stans,stance
Star-gazers,Stargazers
starke,stark
starre,star
starres,stars
starrie,starry
starrs,stars
starue,starve
starued,starved
staruing,starving
starv'd,starved
statelinesse,stateliness
Statetyrannie,State tyrrany
statione,station
statuts,statutes
stayd,stayed
stay'd,stayed
staye,stay
stayednesse,staidness
stayes,stays
stayne,stain
stayned,stained
stayre,stair
‎stayres,stairs
steade,stead
steadie,steady
steale,steal
stealeth,steals
steame,steam
steames,steams
stearne,stearn
sted,stead
steddy,steady
stede,stead
stedfaste,steadfast
stedfastlie,steadfastly
stedfastly,steadfastly
stedfastnes,steadfastness
stedfastnesse,steadfastness
stedy,steady
steede,steed
steel'd,steeled
steele,steel
steepe,steep
steept,steeped
steere,steer
Steeuen,Stephen
Stemme,Stem
stenchfull,stenchful
stepp,step
steppe,step
sterue,starve
sterve,starve
Steuen,Stephen
Steuens,Stevens
stewarde,steward
stewardes,stewards
stewes,stews
sticke,stick
stiffenecked,stiffnecked
stiffenesse,stiffness
stiffnesse,stiffness
stifly,stiffly
stifnecked,stiffnecked
stigmaiticke,stigmatic
stigmaticke,stigmatic
stigmatike,stigmatic
stil,still
Stile,Style
stiled,styled
stileth,styleth
stiling,styling
still'd,stilled
stilness,stillness
stilnesse,stillness
stincke,stink
stincking,stinking
stinke,stink
stintes,stints
stintlesse,stintless
stird,stirred
stir'd,stirred
Stirptures,Scriptures
stirr,stir
stirres,stirs
stirreth,stirs
stirrop,stirrup
stirrs,stirs
stock'd,stocked
stocke,stock
stockes,stocks
Stockholme,Stockholm
stockt,stocked
stode,stood
Stoicisme,Stoicism
Stoicke,Stoic
Stoickes,Stoics
Stoikes,Stoics
Stoiks,Stoics
stollen,stolen
stoln,stolen
stolne,stolen
stomache,stomach
stomack,stomach
stomacke,stomach
stomackes,stomachs
stomacks,stomachs
stomake,stomach
stomakes,stomachs
stonde,stand
stonie,stony
stoninesse,stoniness
stoode,stood
stoole,stool
stooles,stools
Stoope,Stoop
stoopes,stoops
stoopt,stooped
stop'd,stopped
stopp,stop
stopp'd,stopped
stoppe,stop
stoppes,stops
stopps,stops
stor'd,stored
store-house,storehouse
Storke,Stork
Storkes,Storks
storm'd,stormed
stormes,storms
stormie,stormy
storye,story
storyes,stories
stoupe,stoop
stoute,stout
stoutely,stoutly
stoutnes,stoutness
stoutnesse,stoutness
straglers,stragglers
stragling,straggling
straie,stray
straied,strayed
straightned,straightened
straightnes,straitness
straightnesse,straightness
straightwaie,straightway
straightwaies,straightways
strain'd,strained
straine,strain
straines,strains
straite,strait
straitelie,straitly
straitely,straitly
straites,straits
straitned,straitened
straitnesse,straitness
straitning,straitening
straitwaie,straightway
straitway,straightaway
strangenes,strangeness
strangenesse,strangeness
strangly,strangely
strangullion,strangulation
Strasborough,Strasbourg
stratageme,stratagem
strauge,strange
straung,strange
straunge,strange
straunger,stranger
straungers,strangers
Strausburgh,Strasbourg
strawe,straw
strawes,staws
strayght,straight
strayne,strain
strayt,straight
strayte,straight
straytened,straitened
streame,stream
streames,streams
streates,streets
streetes,streets
streict,strict
streight,straight
streighter,straiter
streightly,straitly
streightned,straightened
streights,straits
streightway,straightway
strein,strain
streine,strain
streiten,straighten
streitned,straitened
strengh,strength
strenghened,strengthened
strenght,strength
strength̄,strengthen
strengthe,strength
strengthen'd,strengthened
strengthes,strengths
strengthned,strengthened
strengthneth,strengtheneth
strengthning,strengthening
strengtht,strength
strenthens,strengthens
stresse,stress
stretch'd,stretched
stretche,stretch
stretcht,stretched
stretes,streets
strew'd,strewed
streyght,straight
streyghtwayes,straightways
streyned,strained
strickt,strict
stricktly,strictly
stricte,strict
strictlie,strictly
strictnes,strictness
striken,stricken
strip'd,stripped
stripp'd,stripped
strippe,strip
stript,stripped
striring,stirring
striue,strive
striued,strived
striues,strives
striueth,strives
striuing,striving
striuings,strivings
stroak,stroke
stroaked,stroked
stroakes,strokes
stroaking,stroking
strok,stroke
stroken,stricken
stronge,strong
stronglie,strongly
stronglye,strongly
strooke,struck
stroue,strove
strucke,struck
strugleth,struggleth
strugling,struggling
struglings,strugglings
stryfe,strife
stryke,strike
stryken,stricken
stryue,strive
stubberne,stubborn
stubbernesse,stubbornness
stubbornely,stubbornly
stubbornenesse,stubbornness
stubbornes,stubbornness
stubborness,stubbornness
stubbornnes,stubbornness
stubbornnesse,stubbornness
stubburne,stubborn
stubburnnesse,stubbornness
stubornnes,stubbornness
stubornness,stubbornness
stucke,stuck
studentes,students
studie,study
studye,study
studyed,studied
studyes,studies
studys,studies
stuffe,stuff
stuffes,stuffs
stuft,stuffed
stumpe,stump
stupiditie,stupidity
stupified,stupefied
stupifying,stupefying
stur,stir
sturdie,sturdy
sturre,stir
sturring,stirring
stycke,stick
styl,still
styll,still
stynge,sting
stynkynge,stinking
styrre,stir
subiect,subject
subiecte,subject
subiectes,subjects
subiecteth,subjecteth
subiection,subjection
subiects,subjects
subjoyne,subjoin
subjoyned,subjoined
subjoynes,subjoins
subjoyneth,subjoineth
subjoyns,subjoins
sublimitie,sublimity
submissiue,submissive
submiting,submitting
submitt,submit
submitte,submit
subordinat,subordinate
subordinatly,subordinately
suborne,suborn
Subpaena,Subpoena
Subsidie,Subsidy
subsistance,subsistence
subsisteth,subsists
substancially,substantially
substantiall,substantial
substantiallie,substantially
substantialls,substantials
substantialnesse,substantialness
substantiue,substantive
substantiues,substantives
substauce,substance
substaunce,substance
substaunces,substances
substituit,substitute
substract,subtract
substracting,subtracting
substraction,subtraction
subtill,subtle
subtillest,subtlest
subtilnesse,subtleness
subtiltie,subtlety
subtilties,subtleties
subtlely,subtly
subtyle,subtle
subuert,subvert
subuerted,subverted
succed,succeed
succede,succeed
succeded,succeeded
succeding,succeeding
succeede,succeed
succeedes,succeeds
succesfull,successful
succesfully,successfully
successe,success
successefull,successful
successefully,successfully
successfull,successful
successione,succession
successiuely,successively
Successours,Successors
succor'd,succored
succoreth,succors
succour,succor
succoure,succor
succourlesse,succorless
suche,such
suck'd,sucked
sucke,suck
suckes,sucks
suckit,sucked
suckt,sucked
suddain,sudden
suddaine,sudden
suddainely,suddenly
suddainly,suddenly
suddeinly,suddenly
suddenlie,suddenly
suddennesse,suddenness
Sueden,Sweden
Suedish,Swedish
suerly,surely
suerties,sureties
suerty,surety
Sueton,Suetonius
suetonius,Seutonius
sufferaunce,sufferance
sufferd,suffered
sufferinges,sufferings
sufferyng,suffering
sufferynge,suffering
sufficent,sufficient
sufficeth,suffices
sufficiencie,sufficiency
sufficientlie,sufficiently
suffieient,sufficient
suffise,suffice
suffiseth,suffices
suffize,suffice
Suffolke,Suffolk
Suffraganes,Suffragans
suffred,suffered
suffreth,suffereth
suffring,suffering
suffrings,sufferings
suffycient,sufficient
sugred,sugared
Suidas,Soudas
suitablenesse,suitableness
suiteable,suitable
Suiter,Suitor
suiters,suitors
sullennesse,sullenness
sullinnesse,sulliness
sulphure,sulphur
Sulphureous,Sulphurous
sum'd,summed
summarie,summary
summ'd,summoned
summe,sum
summes,sums
summon'd,summoned
summonely,summonly
summs,sums
sumptuousnesse,sumptuousness
sumtyme,sometime
sumwhat,somewhat
sunck,sunk
Sundaies,Sundays
Sundaye,Sunday
Sundayes,Sundays
Sun-dial,Sundial
sundred,sundered
sundrie,sundry
sundrye,sundry
Sunnes,Suns
supect,suspect
superaboundant,superabundant
supererrogate,supererogate
superficiall,superficial
superfluitie,superfluity
superioritie,superiority
superiour,superior
superiours,superiors
superlatiue,superlative
supernall,supernal
supernaturall,supernatural
supersluous,superfluous
supersticion,superstition
supersticions,superstitions
supersticious,superstitious
Superstious,Superstitious
Superstitian,Superstition
Superstitio,Superstition
superstitiose,superstitious
suported,supported
suppe,sup
supplicacion,supplication
supplie,supply
suppliments,supplements
supply'd,supplied
supplyed,supplied
supplyes,supplies
supplyeth,supplieth
supposall,supposal
suppos'd,supposed
supposeable,supposable
supposeth,supposes
suppress'd,suppressed
suppresse,suppress
supprest,suppressed
supreamest,supremest
supremacie,supremacy
surelie,surly
surelye,surely
surenesse,sureness
suretie,surety
suretiship,suretyship
Surey,Surrey
surfet,surfeit
surfeted,surfeited
surfeting,surfeiting
surfets,surfeits
surfetted,surfeited
surfetting,surfeiting
Surgion,Surgeon
Surgions,Surgeons
surmize,surmise
surmizes,surmises
surpasse,surpass
Surplesse,Surplice
Surplisse,Surplice
Surplisses,Surplices
surprisall,surprisal
surprisals,surprises
surpris'd,surprised
surprizal,surprisal
surprize,surprise
surprized,surprised
surprizeth,surpriseth
surrectione,surrection
surrendred,surrendered
surrendring,surrendering
surther,further
suruey,survey
surueying,surveying
suruiuing,surviving
survay,survey
Surveigh,Survey
Surveyer,Surveyor
surviues,survives
sury,fury
suspecte,suspect
suspectlesse,suspectless
suspence,suspense
suspention,suspension
suspitions,suspicions
suspitious,suspicious
suspitiously,suspiciously
sustain'd,sustained
sustaine,sustain
sustaines,sustains
sustaineth,sustains
sustayne,sustain
sustayned,sustained
sustayning,sustaining
sustein,sustain
susteine,sustain
susteineth,sustains
susteining,sustaining
sustenaunce,sustenance
susteyne,sustain
susteyned,sustained
sutable,suitable
sutableness,suitableness
sutablenesse,suitableness
sutably,suitably
Sutcliffes,Sutcliffe's
sute,suit
suted,suited
suter,suitor
suters,suitors
sutes,suits
suteth,suiteth
suting,suiting
sutor,suitor
sutors,suitors
sutours,suitors
suudrie,sundry
svbiect,subject
svbstance,substance
svch,such
SVMME,SUM
svvallovved,swallowed
svvarms,swarms
svvord,sword
svvords,swords
swadled,swaddled
Swaine,Swain
swallowe,swallow
swallowes,swallows
swalowed,swallowed
swarthinesse,swarthiness
swarue,swerve
swarued,swerved
swarueth,swerveth
swaruing,swerving
swarve,swerve
swarved,swerved
swarving,swerving
swarvings,swervings
swasion,suasion
swasive,suasive
sway'd,swayed
swayes,sways
swearde,sword
sweare,swear
sweares,swears
swearinge,swearing
swearyng,swearing
swearynge,swearing
sweepe,sweep
sweepes,sweeps
sweete,sweet
sweetely,sweetly
sweeten'd,sweetened
sweetenesse,sweetness
sweetned,sweetened
sweetnes,sweetness
sweetnesse,sweetness
sweetneth,sweeteneth
sweetning,sweetening
sweet-smeling,sweet-smelling
swel,swell
swell'd,swelled
swels,swells
sweltring,sweltering
swerde,sword
swere,swear
swerue,swerve
sweruing,swerving
sweruings,swervings
swet,sweet
swete,sweet
Swethland,Sweden
swey,sway
sweyed,swayed
swiftnes,swiftness
swiftnesse,swiftness
swiltub,swill-tub
swiming,swimming
swimm,swim
swimmes,swims
swimms,swims
swines,swine
swolne,swollen
swoone,swoon
swoones,swoons
swoord,sword
swoorde,sword
sworde,sword
swordes,swords
sworne,sworn
swoune,swoon
swounes,swoons
swyne,swine
sycke,sick
sydes,sides
Sydon,Sidon
Syecamore,Sycamore
syght,sight
syghte,sight
sygnes,signs
sylence,silence
Syllogismes,Syllogisms
syluer,silver
Syluester,Sylvester
Syluius,Sylvius
sylvester,Sylvester
symbole,symbol
symboles,symbols
Symbolick,Symbolic
Symboll,Symbol
Symeon,Simeon
symetry,symmetry
Symon,Simon
symonie,simony
sympathie,sympathy
symple,simple
symply,simply
symptome,symptom
symptomes,symptoms
Synagoge,Synagogue
syncere,sincere
syncerely,sincerely
synceritie,sincerity
syncerity,sincerity
Synchronisme,Synchronism
Synechdoche,Synecdoche
Synechdochically,Synecdochically
Synedrim,Sanhedrin
synful,sinful
synfull,sinful
synfully,sinfully
syng,sing
synge,sing
syngle,single
syngular,singular
synguler,singular
syngynge,singing
synne*,sin
synned,sinned
synnefull,sinful
synner,sinner
synners,sinners
synnes,sins
synneth,sins
synns,sins
Synodall,Synodal
Synodicall,Synodical
syns,sins
Syon,Zion
Syrach,Sirach
Syrens,Sirens
syria,Syria
Syriack,Syriac
Syriacke,Syriac
Syriak,Syriac
Syriake,Syriac
systeme,system
syster,sister
syth,sith
sythe,scythe
sythes,scythes
sytteth,sitteth
t',to
tacheth,teacheth
tacitely,tacitly
Taeke,Take
taile,tail
Tailour,Tailor
tak,take
take'n,taken
takinge,taking
taks,takes
takyng,taking
takynge,taking
talke,talk
talkt,talked
talkyng,talking
Talmudick,Talmudic
tant,taunt
tapestrie,tapestry
taried,tarried
tariest,tarriest
tarrie,tarry
tarryed,tarried
tarryeth,tarrieth
tartnesse,tartness
tary,tarry
tarye,tarry
taryed,tarried
tarying,tarrying
taske,task
taskemasters,taskmasters
taskes,tasks
tast,taste
tasteth,tastes
tastfull,tasteful
tastless,tasteless
tasts,tastes
tatling,tattling
Tauern,Tavern
Tauerne,Tavern
Tauernes,Taverns
Tauerns,Taverns
taughte,taught
tauntes,taunts
tautologie,tautology
Taverne,Tavern
Tavernes,Taverns
tawght,taught
tawnting,taunting
tawnts,taunts
Taxe,Tax
taxt,taxed
tayl,tail
tayler,tailor
tayles,tales
Taylors,Tailors
Taylour,Taylor
tbat,that
tbe,the
teachinge,teaching
teachynge,teaching
teadious,tedious
teadiousness,tediousness
teadiousnesse,teadiousness
teare,tear
teares,tears
tearfull,tearful
tearm,term
tearme,term
tearmed,termed
tearmeth,termeth
tearming,terming
tearms,terms
techeth,teaches
tediousnes,tediousness
teeths,teeth
tel,tell
telleth,tells
tellyng,telling
tels,tells
temeritie,temerity
temperaunce,temperance
temperd,tempered
temper'd,tempered
tempestes,tempests
Templers,Templars
temporall,temporal
temporalls,temporals
temporaltie,temporality
temporarie,temporary
temporiser,temporizer
temporisers,temporizers
temptacion,temptation
temptacions,temptations
temptacyon,temptation
tempte,tempt
temptes,tempts
tempteth,tempts
temtation,temptation
temtations,temptations
temted,tempted
tenaunt,tenant
tenaunte,tenant
tence,tense
tende,tend
tendencie,tendency
tender'd,tendered
tendernes,tenderness
tendernesse,tenderness
tendred,tendered
tenementes,tenements
Tenents,Tenants
tenn,ten
Tennants,Tenants
tenne,ten
tennes,ten's
tentation,temptation
tentations,temptations
Tenterhookes,Tenterhooks
tentes,tents
tenthes,tenths
tenuitie,tenuity
Tēples,Temples
Terahs,Terah’s
term'd,termed
terme,term
terrestriall,terrestrial
terriblenesse,terribleness
terrifie,terrify
terrifyed,terrified
Territorie,Territory
terrours,terrors
terryble,terrible
tertul.,Tertullian
Tertulian,Tertullian
tertull.,Tertullian
Tertullians,Tertullian's
Testamentes,Testaments
Testatour,Testator
testement,testament
testifie,testify
testifieth,testifies
testifyed,testified
testimoniall,testimonial
testimonii,testimony
testimonye,testimony
Tewsday,Tuesday
Textes,Texts
thair,their
Thairfoir,Therefore
thales,Thales
Thalmud,Talmud
Thalmudiques,Talmudics
thamar,Tamar
thancke,thank
thanckefull,thankful
thanckes,thanks
thanke,thank
thankeful,thankful
thankefull,thankful
thankefully,thankfully
thankefulness,thankfulness
thankefulnesse,thankfulness
thankesgeuyng,thanksgiving
thankesgiuing,thanksgiving
thankesgiuings,thanksgivings
thankesgiving,thanksgiving
thankfull,thankful
thankfullness,thankfulness
Thankfullnesse,Thankfulness
thankfulnes,thankfulness
thankfuly,thankfully
thanklesse,thankless
thanksgiuing,thanksgiving
thanksgiuings,thanksgivings
Thansgiving,Thanksgiving
thansgivings,thanksgivings
thapostle,the apostle
th'Apostle,the Apostle
th'Apostles,the Apostles
tharchbishop,the archbishop
thare,there
thay,they
theame,theme
theatre,theater
theee,thee
theefe,thief
theefes,thief’s
Theeuerie,Thievery
theeuery,thievery
theeues,thieves
theeuish,thievish
theeveries,thieveries
theeves,thieves
theevish,thievish
thefe,thief
thefte,theft
thei,they
Theif,Thief
theife,thief
theim,them
theire,their
theis,these
theise,these
theit,their
Theives,Thieves
Thelygonum,Theligonum
themperour,the emperor
themselfes,themselves
themselues*,themselves
themsevles,themselves
themsleues,themselves
thend,the end
th'end,the end
thende,the end
thense,thence
thenselves,themselves
theoderet,Theodoret
theodoret,Theodoret
Theogonie,Theogony
Theologiae,Theology
Theologie,Theology
theophilus,Theophilus
theophylact,Theophylact
theoricall,theorical
ther,there
therabout,thereabout
therat,thereat
therby,thereby
theredesigned,there designed
theref,thereof
therefoee,therefore
therefote,therefore
thereoff,thereof
theres,there's
thereuppon,thereupon
therevnto,thereunto
therevpon,thereupon
therevppon,thereupon
therew,through
therewithall,therewithal
therfor,therefore
therfore,therefore
therof,thereof
therof*,thereof
theroff,thereof
theron,thereon
therto,thereto
therunto,thereunto
therupon,thereupon
thervpon,thereupon
therwith,therewith
therwithal,therewithal
thes.,Thessalonians
thess.,Thess.
thessalonians,Thessalonians
thether,thither
theues,thieves
they'l,they'll
they'le,they will
theym,them
theyr,their
they'r,they are
they're,they are
theyrs,theirs
thi,their
thicke,thick
thickned,thickened
thicknes,thickness
thicknesse,thickness
thickneth,thickeneth
thiefe,thief
thighes,thighs
thilke,the like
thinck,think
thincke,think
thincketh,thinketh
thincking,thinking
thinge,thing
thinges,things
thinges*,things
thingis,things
thinke,think
thinke),think
thinkes,thinks
thinkest,think
thinketh,thinks
thinkst,thinkest
think'st,thinkest
thinkyng,thinking
thinne,thin
thinnesse,thinness
thintent,the intent
thirde,third
thirdlie,thirdly
Thirldly,Thirdly
thirste,thirst
thirsteth,thirsts
thirstinesse,thirstiness
Thirteenely,Thirteenthly
thirtie,thirty
tho,though
thô,though
thoe,those
thoffice,the office
thogh,though
thoghe,though
thoghts,thoughts
thoit,thought
th'old,the old
Tholouse,Toulouse
th'one,the one
th'original,the original
thorne,thorn
thornes,thorns
thornie,thorny
thorogh,thorough
thoroughe,thorough
thoroughlie,thoroughly
thoroughout,throughout
thorow,thorough
thorowgh,thorough
thorowly,thoroughly
thorownesse,thoroughness
thorowout,throughout
thother,the other
th'other,the other
thoug,though
thoughe,though
thoughte,thought
thoughtes,thoughts
thoughtfull,thoughtful
thoughtfulnes,thoughtfulness
thoughtfulnesse,thoughtfulness
though'ts,thoughts
thou'lt,thou wilt
thou'rt,thou art
thousande,thousand
thousandes,thousands
thov,thou
thovght,thought
thowgh,though
thowghe,though
thowght,thought
thowghte,thought
thowsand,thousand
thraldom,thralldom
thraldome,thralldom
thre,three
threate,threat
threaten'd,threatened
threateneth,threatens
threateninges,threatenings
threates,threats
threatned,threatened
threatning,threatening
threatninges,threatenings
threatnyngs,threatenings
thred,thread
threds,threads
three fold,threefold
threed,thread
threeds,threads
threefolde,threefold
threefould,threefold
thresholde,threshold
thresht,threshed
threwe,threw
thrid,thread
Thridly,Thirdly
thriftie,thrifty
thriftinesse,thriftiness
thrise,thrice
thriued,thrived
thriues,thrives
thriuing,thriving
thro',through
thrô,through
throane,throne
throate,throat
throates,throats
throgh,through
Thron,Throne
throng'd,thronged
throte,throat
throtes,throats
throughe,through
throughfare,thoroughfare
throughlie,thoroughly
throughlye,thoroughly
throwen,thrown
throwghe,through
throwghowt,throughout
throwne,thrown
thrugh,through
thruste,thrust
thrusteth,trusts
thumbe,thumb
Thumim,Thummim
thundred,thundered
thundreth,thundereth
thundring,thundering
thundrings,thunderings
Thursdayes,Thursdays
Thvs,Thus
Thyatyra,Thyatira
thym,them
thyncke,think
thyne,thine
thyng,thing
thyng*,thing
thynge,thing
thynges*,things
thyngs,things
thynk,think
thynke,think
thynketh,thinketh
thyrd,third
Thyrdly,Thirdly
thyrst,thirst
thyrtye,thirty
thys,this
‎thyther,thither
tidinges,tidings
'til,until
'till,until
till'd,tilled
tim,time
tim.,Tim.
timeing,timing
timerous,timorous
timorousnesse,timourousness
Timothe,Timothy
Timothee,Timothy
Timothees,Timothy's
Timotheus,Timothy
timothie,Timothy
timourousness,timorousness
timous,timeous
timously,timeously
tinctur'd,tinctured
Tindall,Tyndale
Tindals,Tyndale
tinfoyls,tinfoils
tinne,tin
tipes,types
tipetoe,tiptoe
tipled,tippled
tipling,tippling
tipt,tipped
tiranny,tyranny
tirant,tyrant
Tis,It is
t'is,it is
tith,tithe
titie,title
to day,today
Tobie,Toby
togegether,together
togither,together
togyther,together
toilesome,toilsome
tois,'twas
tolde,told
toledo,Toledo
toll'd,tolled
tollerable,tolerable
tollerably,tolerably
tollerate,tolerate
tollerated,tolerated
tollerating,tolerating
Tombe,Tomb
tombes,tombs
Tompson,Thompson
tong,tongue
tonge,tongue
tonges,tongues
toogither,together
tooke,took
took'st,tookest
toole,tool
tooles,tools
toombs,tombs
toongs,tongues
toothlesse,toothless
tophet,Tophet
Topick,Topic
Topicks,Topics
toppe,top
topsie turuie,topsy-turvy
tormentour,tormentor
tormentours,tormentors
torne,torn
tortur'd,tortured
toss'd,tossed
to't,to it
totterd,tottered
touch'd,touched
touchinge,touching
touchit,touched
toucht,touched
touchyng,touching
touchynge,touching
toun,town
toung,tongue
tounge,tongue
toungs,tongues
tourned,turned
toutcht,touched
tovver,tower
towarde,toward
towardes,towards
towardlinesse,towardliness
towardnes,towardness
towardnesse,towardness
towas,'twas
towcheth,toucheth
towching,touching
towchinge,touching
towell,towel
towit,to wit
townes,towns
Townesmen,Townsmen
towre,tower
towres,towers
towring,towering
toye,toy
toyes,toys
toyl,toil
toyl'd,toiled
toyle,toil
toyles,toils
toylesome,toilsome
toyls,toils
toylsome,toilsome
toyong,tongue
trac'd,traced
tracke,track
tracte,tract
tradicions,traditions
Tradiditions,Traditions
traditionall,traditional
traditione,tradition
traditiones,traditions
traduc'd,traduced
tradycyons,traditions
trafficke,traffic
traffique,traffic
Traffiquers,Traffickers
traffiquing,trafficking
trafick,traffic
traficke,traffic
tragedie,tragedy
tragedye,tragedy
tragicall,tragical
Tragick,Tragic
Traian,Trajan
traileth,trails
train'd,trained
traine,train
traines,trains
traineth,trains
traiterously,traitorously
traitours,traitors
tralation,translation
trangressions,transgressions
tranquilitie,tranquility
transcendant,transcendent
transcendencie,transcendency
Transcendents,Transcendants
transcrib'd,transcribed
transfer'd,transferred
transferr'd,transferred
transform'd,transformed
transforme,transform
transformes,transforms
transgessions,transgressions
transgress'd,transgressed
transgresse,transgress
transgressers,transgressors
transgresseth,transgresses
transgressione,transgression
transgressour,transgressor
transgressours,transgressors
transgrest,transgressed
Transilvania,Transylvania
Translaters,Translators
translatour,translator
translatours,translators
transparant,transparent
transsubstantiated,transubstantiated
Transsubstantiation,Transubstantiation
trappes,traps
trauail,travail
trauaile,travel
trauailer,traveler
trauailes,travails
trauaileth,travaileth
trauailing,travailing
trauailings,travailings
trauayle,travail
traueled,traveled
traueler,traveler
traueling,traveling
trauell,travel
traueller,traveler
Trauellers,Travelers
trauellest,travelest
trauelleth,travaileth
trauelling,traveling
trauells,travels
trauels,travels
trauerse,traverse
trauersed,traversed
trauersing,traversing
traunce,trance
travaile,travail
traveld,traveled
travel'd,traveled
travell,travel
Traveller,Traveler
Travellers,Travelers
Travellor,Traveler
Travellors,Travelers
Travellour,Traveler
travells,travels
trayn,train
trayned,trained
traynes,trains
trayning,training
trayterous,traiterous
trayterously,traitorously
Traytor,Traitor
traytors,traitors
traytour,traitor
Traytours,Traitors
tre,tree
treacherie,treachery
treade,tread
treades,treads
Treasorer,Treasurer
treasurie,treasury
TREASVRIE,TREASURY
treate,treat
treates,treats
treateth,treats
treatie,treaty
treatinges,treatings
treatyse,treatise
trebble,treble
trecherie,treachery
trecherous,treacherous
trecherously,treacherously
trechery,treachery
tred,tread
tremblyng,trembling
Tremelius,Tremellius
trent,Trent
trespas,trespass
trespases,trespasses
trespasse,trespass
Trespasseoffring,Trespass offering
tresure,treasure
tresures,treasures
treuth,truth
trew,true
trewant,truant
trewe,true
trewth,truth
triall,trial
trialls,trials
Tribulatiō,Tribulation
tribunall,tribunal
tributarie,tributary
tricke,trick
trickes,tricks
trickt,tricked
tri'd,tried
tride,tried
trie,try
triffling,trifling
triflyng,trifling
trim'd,trimmed
trimme,trim
trimmes,trims
Trimnesse,Trimness
trinitie,trinity
Triplicitie,Triplicity
triuiall,trivial
triumphall,triumphal
triumph'd,triumphed
triumphes,triumphs
triumpheth,triumphs
triumpht,triumphed
triviall,trivial
troble,trouble
trobled,troubled
trobles,troubles
troblesome,troublesome
troden,trodden
troie,Troy
troope,troop
troopes,troops
Trophee,Trophy
Trophees,Trophies
tropicall,tropical
Tropick,Tropic
Tropicks,Tropics
troubls,troubles
troughes,troughs
troup,troop
troups,troops
trouth,truth
trowe,trow
tru,true
truelie,truly
truelye,truly
trueth,truth
truethe,truth
truethes,truths
trueths,truths
trulie,truly
trulye,truly
Trumpat,Trumpet
trumperie,trumpery
Trumpetter,Trumpeter
trumpetters,trumpeters
trunke,trunk
trusse,truss
truste,trust
trustinesse,trustiness
truthe,truth
trve,true
TRVLY,TRULY
TRVTH,TRUTH
trw,true
trwe,true
trwth,truth
trwthe,truth
tryal,trial
Tryalls,Trials
tryals,trials
try'd,tried
trye,try
tryed,tried
Tryers,Triers
tryes,tries
tryeth,trieth
trypho,Trypho
tryumph,triumph
tryumphant,triumphant
tryumphed,triumphed
tryumphing,triumphing
tryumphs,triumphs
Tsion,Zion
ttue,true
tubbe,tub
Tullie,Tully
Tullies,Tullius
Tumbrell,Tumbrel
tumulte,tumult
tumultes,tumults
tunn'd,tunned
tunne,tun
tunnell,tunnel
turbulencie,turbulency
Turcisme,Turkism
turke,Turk
turkes,Turks
Turkie,Turkey
Turky,Turkey
turmoile,turmoil
turmoyl,turmoil
turmoyle,turmoil
turmoyled,turmoiled
turn'd,turned
turnyng,turning
tutelar,tutelary
Tutour,Tutor
tvvice,twice
tvvo,two
twaine,twain
twayne,twain
twelfe,twelfth
twelue,twelve
twentie,twenty
twentith,twentieth
twentyeth,twentieth
twi-light,twilight
twinnes,twins
'twixt,betwixt
two-fold,twofold
twofolde,twofold
two-folde,twofold
twofould,twofold
twoo,two
twosold,twofold
twylight,twilight
twyse,twice
Tyber,Tiber
Tyberius,Tiberius
tydinges,tidings
tydings,tidings
tydynges,tiding
tye,tie
Tyes,Ties
tyeth,tieth
Tyger,Tiger
tyll,till
tymber,timber
Tymbrel,Timbrel
tyme,time
tyme*,time
Tyndal,Tyndale
Tyndall,Tyndale
typicall,typical
typifie,typify
typifyed,typified
tyran,tyrant
tyranized,tyrannized
tyrannes,tyrants
tyrannie,tyranny
tyrannise,tyrannize
tyrannising,tyrannizing
tyrannye,tyranny
tyrans,tyrants
tyrantes,tyrants
tyrany,tyranny
tyraunt,tyrant
tyrauntes,tyrants
tyre,Tyre
tyred,tired
Tyresias,Tiresias
tyrrany,tyranny
Tyth,Tithe
Tyths,Tithes
tytles,titles
tyttle,title
Uerily,Verily
Uers,Verse
Uerse,Verse
uery,very
uglie,ugly
uglinesse,ugliness
Uicare,Vicar
Uictor,Victor
Uienna,Vienna
Uineyard,Vineyard
Uirgin,Virgin
Uirgine,Virgin
ultimatly,ultimately
'um,them
unaable,unable
unadvisednesse,unadvisedness
unaptnesse,unaptness
unavoydable,unavoidable
unavoydably,unavoidably
unbecomming,unbecoming
Unbeleef,Unbelief
unbeleefe,unbelief
unbeleever,unbeliever
unbeleevers,unbelievers
unbeleeving,unbelieving
unbeleif,unbelief
unbeleife,unbelief
unbeleivers,unbelievers
unbeleiving,unbelieving
unbeliefe,unbelief
unblemish'd,unblemished
unbloudy,unbloody
unbosome,unbosom
unbyassed,unbiased
uncapablenesse,incapableness
uncertaine,uncertain
uncertaineness,uncertainness
uncertainenesse,uncertainness
uncertaineties,uncertainties
uncertainnesse,uncertainness
uncertaintie,uncertainty
uncessantly,incessantly
unchageableness,unchangeableness
Unchangable,Unchangeable
unchangably,unchangeably
Unchangeablenesse,Unchangeableness
uncharitablenesse,uncharitableness
uncharitablesse,uncharitableness
unchast,unchaste
uncleanenes,uncleanness
uncleanenesse,uncleanness
uncleaness,uncleanness
uncleanesses,uncleanness
uncleannes,uncleanness
uncleannesse,uncleanness
uncomelinesse,uncomeliness
uncomfortablenesse,uncomfortableness
uncomly,uncomely
unconceivable,inconceivable
unconceivably,inconceivably
unconceiveable,inconceivable
unconceiveably,inconceivably
unconstant,inconstant
uncontrolable,uncontrollable
uncontroulable,uncontrollable
uncontrouled,uncontrolled
unconvertednesse,unconvertedness
undanted,undaunted
undenyable,undeniable
undenyably,undeniably
under foot,underfoot
understanstanding,understanding
undertooke,undertook
undiscern'd,undiscerned
undivideable,indivisible
undoe,undo
unduely,unduly
undutifull,undutiful
undutifulnesse,undutifulness
uneasie,uneasy
uneaven,uneven
uneffectual,ineffectual
uneffectuall,ineffectual
unequall,unequal
unevennesse,unevenness
unexperienced,inexperienced
unexperiencedness,inexperience
unexpressible,inexpressible
unexpressibly,inexpressibly
unfadomable,unfathomable
unfaigned,unfeigned
unfaignedly,unfeignedly
unfained,unfeigned
unfainedly,unfeignedly
unfaithfull,unfaithful
unfaithfulnesse,unfaithfulness
unfeined,unfeigned
unfeinedly,unfeignedly
unfeyned,unfeigned
unfitnes,unfitness
unfitnesse,unfitness
unfitt,unfit
unfoulded,unfolded
unfoulding,unfolding
unfruitfull,unfruitful
unfruitfullnesse,unfruitfulness
unfruitfulnesse,unfruitfulness
ungodlines,ungodliness
ungodlinesse,ungodliness
ungodlyness,ungodliness
ungratefull,ungrateful
ungratious,ungracious
unhandsomly,unhandsomely
unhappie,unhappy
unhappinesse,unhappiness
unhealthfull,unhealthful
unholinesse,unholiness
unholyness,unholiness
uniforme,uniform
uniformely,uniformly
uniformitie,uniformity
uniones,unions
Unitie,Unity
uniuersall,universal
Uniuersitie,University
Uniuersities,Universities
uniuersity,university
uniust,unjust
uniustly,unjustly
universalitie,universality
Universitie,University
Unkinde,Unkind
unkindenesse,unkindness
unkindnes,unkindness
unkindnesse,unkindness
Unkle,Uncle
unknowne,unknown
unlawfull,unlawful
unlawfullnesse,unlawfulness
unlawfulnes,unlawfulness
unleardnesse,unlearnedness
unlevened,unleavened
unlikelyhood,unlikelihood
unlikenesse,unlikeness
unlimitted,unlimited
unlimmitted,unlimited
unlivelinesse,unliveliness
unlocke,unlock
unlockt,unlocked
unlosse,unless
unman'd,unmanned
unmeasurably,immeasurably
Unmercifulnes,Unmercifulness
unmercifulnesse,unmercifulness
unmindfull,unmindful
unmixt,unmixed
unmooveable,unmovable
unmortallseed,unmortal seed
unmoveable,immovable
unmoveably,immovably
unnaturall,unnatural
unnaturalnesse,unnaturalness
unnecessarie,unnecessary
unparalell'd,unparalleled
unparalleld,unparalleled
unparallel'd,unparalleled
unparallell'd,unparalleled
unpartiall,impartial
unpartially,impartially
unperceivablenesse,unperceivableness
unperfect,imperfect
unpreparednes,unpreparedness
unpreparednesse,unpreparedness
unprofitablenesse,unprofitableness
unproperly,improperly
unpunish'd,unpunished
unquietnesse,unquietness
unreasonablenesse,unreasonableness
unreconcilable,irreconcilable
unreconcileable,irreconcilable
unreconcileably,irreconcilably
unregenerat,unregenerate
unremoveable,unremovable
unrenued,unrenewed
unrepentants,unrepentant
unreproveable,unreprovable
unrighteousnes,unrighteousness
unrighteousnesse,unrighteousness
unrulinesse,unruliness
unsafenesse,unsafeness
unsatiable,insatiable
unsatified,unsatisfied
unsatisfyingnesse,unsatisfyingness
unsauorie,unsavory
unsavorinesse,unsavoriness
unsavourinesse,unsavoriness
unsayeth,unsaith
unseale,unseal
unsearchablenesse,unsearchableness
unsearcheable,unsearchable
unseasonablenesse,unseasonableness
unseene,unseen
unseparable,inseparable
unseparably,inseparably
unseperable,inseparable
unserchable,unsearchable
unserviceablenesse,unserviceableness
unsetled,unsettled
Unsetledness,Unsettledness
unsetlednesse,unsettledness
unsetling,unsettling
unsettlednesse,unsettledness
unskilfulnes,unskillfullness
unskillfull,unskillful
unsolding,unfolding
unsoundnesse,unsoundness
unspeakeable,unspeakable
unstain'd,unstained
Unstedfast,Unsteadfast
unstedfastness,unsteadfastness
unsubduednesse,unsubduedness
unsufficient,insufficient
unsurpation,usurpation
unsutable,unsuitable
unsutablenesse,unsuitableness
unsuteable,unsuitable
unthankefull,unthankful
Unthankefullnesse,Unthankfulness
Unthankefulness,Unthankfulness
unthankefulnesse,unthankfulness
unthankfull,unthankful
Unthankfullnesse,Unthankfulness
unthankfulnefs,unthankfulness
unthankfulnesse,unthankfulness
unthriftinesse,unthriftiness
untimelinesse,untimeliness
untolerable,intolerable
untouch'd,untouched
untoucht,untouched
untowardnesse,untowardness
untractable,intractable
untruely,untruly
untruthes,untruths
unty,untie
untye,untie
untyed,untied
unusefull,unuseful
unusuall,unusual
unvailed,unveiled
unvaluable,invaluable
unvariable,invariable
unvorthy,unworthy
unwasht,unwashed
unweildy,unwieldy
unwelcom,unwelcome
unweldiness,unwieldiness
unwholsom,unwholesome
unwholsome,unwholesome
unwillingnes,unwillingness
unwillng,unwilling
unworthie,unworthy
unworthinesse,unworthiness
unworthyness,unworthiness
up-braides,upbraids
uponit,upon it
upon't,upon it
uppon,upon
uprightnes,uprightness
uprightnesse,uprightness
uprore,uproar
Uriahs,Uriah’s
us'd,used
usefullnesse,usefulness
usefulnesse,usefulness
useing,using
uselesness,uselessness
uselesnesse,uselessness
uselesse,useless
userers,usurers
usher'd,ushered
usualy,usually
Usurie,Usury
usurp'd,usurped
usurpes,usurps
usurpt,usurped
utilitie,utility
utter'd,uttered
UUhat,What
Uzz,Uz
Uzza,Uzzah
vacancie,vacancy
vail,veil
vailes,veils
vaine,vain
vaineglorie,vainglory
vaineglorious,vainglorious
vainely,vainly
vaines,veins
valentinian,Valentinian
valew,value
Valeys,Valleys
valiantlie,valiantly
valiantnes,valiantness
valiantnesse,valiantness
valiauntly,valiantly
validitie,validity
valleies,valleys
valleis,valleys
valleyes,valleys
vallie,valley
Vallies,Valleys
vally,valley
vallyes,valleys
valour,valor
valourous,valorous
Vandales,Vandals
vanish'd,vanished
vanishe,vanish
vanisht,vanished
vanitie,vanity
vanitye,vanity
Vann,Van
vanquish'd,vanquished
vapour,vapor
variablenesse,variableness
variaunce,variance
varie,vary
varience,variance
varyed,varied
vassall,vassal
vassallage,vassalage
vaste,vast
Vasthi,Vashti
Vastnes,Vastness
vastnesse,vastness
vawnting,vaunting
vayle,veil
vayles,veils
vayn,vain
vayne,vain
vaynglory,vainglory
vaynly,vainly
Vbiquitaries,Ubiquitaries
vegetatiue,vegetative
vehememt,vehement
vehemencie,vehemency
vehementlie,vehemently
veil'd,veiled
veiles,veils
veines,veins
veiwed,viewed
veluet,velvet
venall,venal
venemous,venomous
venereall,venereal
vengance,vengeance
vengeaunce,vengeance
vengence,vengeance
venim,venom
venime,venom
venimous,venomous
venome,venom
ventositie,ventosity
ventur'd,ventured
venus,Venus
ver,verge
verball,verbal
verbe,verb
verbes,verbs
verdite,verdict
verefied,verified
verelie,verily
verely,verily
verelye,verily
verf,verse
verie,very
verifie,verify
verifyed,verified
verilie,verily
veritie,verity
vermine,vermin
vers,verse
verse'd,versed
versione,version
vertew,virtue
verticall,vertical
vertual,virtual
vertuall,virtual
vertually,virtually
vertuous,virtuous
vertuouse,virtuous
vertuously,virtuously
verye,very
veryly,verily
veryte,verity
vessell,vessel
vessells,vessels
veste,vest
Vestiments,Vestments
vety,very
vew,view
vexatien,vexation
vexe,vex
veyle,veil
veyled,veiled
veyne,vein
veynes,veins
vfe,use
vglie,ugly
vglinesse,ugliness
vgly,ugly
viall,vial
vialls,vials
vicare,vicar
Vicaridge,Vicarage
Viceroyes,Viceroys
viciousnesse,viciousness
victore,victor
victorie,victory
victorye,victory
victour,victor
victours,victors
victuales,victuals
victuall,victual
victualls,victuals
vievv,view
view'd,viewed
viewe,view
viewes,views
vigilancie,vigilancy
vigourous,vigorous
viij,viii
vij,vii
vilany,villainy
vilde,vile
vilefie,villify
vilenes,vileness
vilenesse,vileness
vilifie,vilify
villaine,villain
villaines,villains
villanie,villainy
villanies,villainies
villanously,villainously
villeine,villain
villenous,villainous
villifie,villify
vindicat,vindicate
vineger,vinegar
vineyardes,vineyards
vineyeard,vineyard
Vinyard,Vineyard
violentlie,violently
Violl,Vial
virgil,Virgil
Virgill,Virgil
Virgils,Virgil's
virginitie,virginity
virgyn,virgin
visibile,visible
visiblenesse,visibleness
visiblie,visibly
visione,vision
visionis,visions
visites,visits
visour,visor
vitall,vital
vitalls,vitals
vitiositie,vitiosity
vitious,vicious
vitiously,viciously
vitiousnesse,viciousness
viuid,vivid
viuiditie,vividity
viuification,vivification
vizar,visor
vizour,visor
vj,vi
vlcer,ulcer
vlcerate,ulcerate
vlcerous,ulcerous
vlcers,ulcers
vleers,ulcers
vlinbergius,Ulinbergius
Vlisses,Ulysses
vlpianus,ulpanius
Vltimate,Ultimate
vlulations,ululations
Vlysses,Ulysses
vmpire,umpire
vnabated,unabated
vnable,unable
vnablenesse,unableness
vnacceptable,unacceptable
vnaccepted,unaccepted
vnaccustomed,unaccustomed
vnacquainted,unacquainted
vnadauisedly,unadvisedly
vnaduised,unadvised
vnaduisedlie,unadvisedly
vnaduisedly,unadvisedly
vnadvisedly,unadvisedly
vnalterable,unalterable
vnanimiter,unanimiter
vnanimitie,unanimity
vnanimously,unanimously
vnanswerable,unanswerable
vnanswered,unanswered
vnapparelled,unapparelled
vnappeased,unappeased
vnaptly,unaptly
vnaptnes,unaptness
vnarmed,unarmed
vnasked,unasked
vnattempted,unattempted
vnauaileable,unavailable
vnauoidable,unavoidable
vnauoydable,unavoidable
vnawares,unawares
vnbaptised,unbaptized
vnbaptized,unbaptized
vnbegotten,unbegotten
vnbeleef,unbelief
vnbeleefe,unbelief
vnbeleeuer,unbeliever
vnbeleeuers,unbelievers
vnbeleeuing,unbelieving
vnbeleevers,unbelievers
vnbeleeving,unbelieving
vnbelefe,unbelief
vnbeleife,unbelief
vnbeleuers,unbelievers
vnbelief,unbelief
vnbeliefe,unbelief
vnbelieuing,unbelieving
vnbeseeming,unbeseeming
vnbidden,unbidden
vnblameable,unblameable
vnblameably,unblameably
vnbloody,unbloody
vnbloudie,unbloody
vnbloudy,unbloody
vnborne,unborn
vnbounded,unbounded
vnbrideled,unbridled
vnbridled,unbridled
vnbroken,unbroken
vnbrotherly,unbrotherly
vnbrushed,unbrushed
vnburden,unburden
vnburdened,unburdened
vnburied,unburied
vnburthened,unburdened
vncalled,uncalled
vncancellable,uncancellable
vncapable,incapable
vncase,uncase
vncased,uncased
vnceased,unceased
vncensured,uncensured
vncertain,uncertain
vncertaine,uncertain
vncertainly,uncertainly
vncertaintie,uncertainty
vncertainty,uncertainty
vncertayne,uncertain
vncerteine,uncertainty
vncerten,uncertain
vncertentie,uncertainty
vncessant,incessant
vncessantly,incessantly
vnchangable,unchangeable
vnchangcable,unchangeable
vnchangeable,unchangeable
vnchangeablenesse,unchangeableness
vnchangeably,unchangeably
vnchanged,unchanged
vncharitable,uncharitable
vncharitablenes,uncharitableness
vncharitably,uncharitably
vnchast,unchaste
vnchaste,unchaste
vnchastitie,unchastity
vnchastity,unchastity
vnchaungeable,unchangeable
Vncheerfullnesse,Uncheerfulness
vnchristened,unchristened
vnchristian,unchristian
vnchristianly,unchristianly
vncircumcised,uncircumcised
vncircumcision,circumcision
vncircumscribed,circumscribed
vnciuill,uncivil
Vnckle,Uncle
vncle,uncle
vnclean,unclean
vncleane,unclean
vncleanenes,uncleanness
vncleanenesse,uncleanness
vncleanesse,uncleanness
vncleannes,uncleanness
Vncleanness,Uncleanness
vncleannesse,uncleanness
vncleannesses,uncleannesses
vnclene,unclean
vnclennes,uncleanness
vnclennesse,uncleanness
vnclensed,uncleansed
vncles,uncles
vnclothed,unclothed
vncomelinesse,uncomeliness
vncomely,uncomely
vncomfortable,uncomfortable
vncomfortablie,uncomfortably
vncomfortably,uncomfortably
vnconceiuable,inconceivable
vnconceiueable,inconceivable
vncondemned,uncondemned
vnconquerable,unconquerable
vnconscionable,unconscionable
vnconscionably,unconscionably
vnconstancie,inconstancy
vnconstancy,inconstancy
vncontrolled,uncontrolled
vnconuenient,inconvenient
vnconuerted,unconverted
Vnconverted,Unconverted
vncorrected,uncorrected
vncorrupt,uncorrupt
vncorrupted,uncorrupted
vncorruptible,incorruptible
vncouered,uncovered
vncouering,uncovering
vncourteous,uncourteous
vncouth,uncouth
vncreated,uncreated
vncredible,incredible
vnction,unction
Vnctions,Unctions
vncurable,incurable
vncurteous,uncourteous
vncut,uncut
vnd,and
vndaunted,undaunted
vndeceiueable,undeceivable
vndecent,indecent
vndecided,undecided
vndefiled,undefiled
vndeniably,undeniably
Vnder,Under
vnderfoote,underfoot
vndergoe,undergo
vndergone,undergone
vnderhand,underhand
Vnderhill,Underhill
vnderline,underline
vnderling,underling
vndermine,undermine
vndermined,undermined
vnderminers,underminers
vndermining,undermining
vnderminings,underminings
vnderneath,underneath
vnderofficers,underofficers
vnderprop,underprop
vnderpropped,underpropped
vnderset,underset
vndersta,understand
vnderstand,understand
vnderstande,understand
vnderstanded,understanded
vnderstandest,understandest
vnderstandeth,understands
vnderstanding,understanding
vnderstandinge,understanding
vnderstandings,understandings
vnderstands,understands
vnderstandyng,understanding
vnderstandynge,understanding
vnderstode,understood
vnderstonde,understand
vnderstood,understood
vnderstoode,understood
vnderstoood,understood
vndertaken,undertaken
vndertakers,undertakers
vndertakes,undertakes
vndertaketh,undertaketh
vndertaking,undertaking
vndertakings,undertakings
vndertook,undertook
vndertooke,undertook
vndeserued,undeserved
vndesired,undesired
vndetermined,undetermined
vndeuided,undivided
vndid,undid
vndigested,undigested
vndigestible,indigestible
vndiscerned,undiscerned
vndiscreetly,undiscreetly
vndo,undo
vndoes,undoes
vndoing,undoing
vndon,undone
vndoo,undo
vndoone,undone
vndoubted,undoubted
vndoubtedlie,undoubtedly
vndoubtedly,undoubtedly
vndoubtedlye,undoubtedly
vndouted,undoubted
vndoutedly,undoubtedly
vndoyng,undoing
vndre,under
vndue,undue
vndutifull,undutiful
vndying,undying
vneasie,uneasy
vneffectuall,ineffectual
vnegested,ingested
vnequal,unequal
vnequall,unequal
vnequally,unequally
vnerring,unerring
vneuen,uneven
vneuident,inevident
vnexcusable,inexcusable
vnexpected,unexpected
vnexperienced,inexperienced
vnexpert,unexpert
vnexpressable,inexpressible
vnexpressed,unexpressed
vnfaigned,unfeigned
vnfained,unfeigned
vnfainedly,unfeignedly
vnfaithefull,unfaithful
vnfaithful,unfaithful
vnfaithfull,unfaithful
vnfaithfullie,unfaithfully
vnfaithfullnes,unfaithfulness
vnfaithfully,unfaithfully
vnfaithfulnes,unfaithfulness
vnfaithfulnesse,unfaithfulness
vnfallible,infallible
vnfallible‎,infallible
vnfallibly,infallibly
vnfastnes,unfastness
vnfayned,unfeigned
vnfaynedly,unfeignedly
vnfaynedlye,unfeignedly
vnfaythful,unfaithful
vnfaythfull,unfaithful
vnfaythfulnes,unfaithfulness
vnfeared,unfeared
vnfeigned,unfeigned
vnfeignedly,unfeignedly
vnfeined,unfeigned
vnfeinedly,unfeignedly
vnfeyned,unfeigned
vnfeynedly,unfeignedly
vnfinished,unfinished
vnfit,unfit
vnfitly,unfitly
vnfitnes,unfitness
vnfitness,unfitness
vnfitnesse,unfitness
vnfitte,unfit
vnfitting,unfitting
vnfold,unfold
vnfolde,unfold
vnfolded,unfolded
vnfoldeth,unfoldeth
vnfolding,unfolding
vnfolds,unfolds
vnformed,unformed
vnfortunate,unfortunate
vnfoulded,unfolded
vnfraughts,unfraughts
vnfruitefull,unfruitful
vnfruitful,unfruitful
vnfruitfull,unfruitful
vnfruitfully,unfruitfully
vnfruitfulnesse,unfruitfulness
vnfrutefull,unfruitful
vnfulfilled,unfulfilled
vnfurnished,unfurnished
vngathered,ungathered
vngentle,ungentle
vngodlie,ungodly
vngodlily,ungodlily
Vngodliness,Ungodliness
vngodlinesse,ungodliness
vngodly,ungodly
vngodlye,ungodly
vngratefully,ungratefully
vngratious,ungracious
vngratitude,ingratitude
vnguarded,unguarded
vnhallow,unhallow
vnhallowed,unhallowed
vnhallowing,unhallowing
vnhandsomnesse,unhandsomeness
vnhappily,unhappily
vnhappines,unhappiness
vnhappinesse,unhappiness
vnhappy,unhappy
vnheard,unheard
vnhelpefull,unhelpful
vnholie,unholy
vnholinesse,unholiness
vnholy,unholy
vnhonest,dishonest
vnhonestlie,dishonestly
vniarring,unjarring
Vnicorn,Unicorn
Vnicornes,Unicorns
vniforme,uniform
vniformitie,uniformity
Vniformity,Uniformity
vninterrupted,uninterrupted
vnion,union
vnions,unions
Vnitarians,Unitarians
vnite,unite
vnited,united
vnites,unites
vniteth,uniteth
vnitie,unity
vnities,vanities
vniting,uniting
Vnity,Unity
vnitye,unity
vniuersalitie,universality
vniuersality,universality
vniuersall,universal
vniuersally,universally
vniuerse,universe
vniuersitie,university
Vniuersities,Universities
vniuersity,university
vniust,unjust
vniuste,unjust
vniustice,injustice
vniustlie,unjustly
vniustly,unjustly
vniustlye,unjustly
Vniversal,Universal
Vniversalitie,Universality
vniversall,universal
Vniversally,Universally
Vniverse,Universe
Vniversitie,University
Vniversities,Universities
vnjust,unjust
vnjustly,unjustly
vnkinde,unkind
vnkindly,unkindly
vnkindnes,unkindness
vnkindnesse,unkindness
vnkindnesses,unkindnesses
vnknowen,unknown
vnknowing,unknowing
vnknown,unknown
vnknowne,unknown
vnkynde,unkind
vnkyndnes,unkindness
vnlaboured,unlabored
vnlavuful,unlawful
vnlawefull,unlawful
vnlawful,unlawful
vnlawfull,unlawful
vnlawfullie,unlawfully
vnlawfullnes,unlawfulness
vnlawfully,unlawfully
vnlawfulnes,unlawfulness
Vnlawfulness,Unlawfulness
vnlawfulnesse,unlawfulness
vnlearned,unlearned
vnlearnedly,unlearnedly
vnleauened,unleavened
vnleavened,unleavened
vnlerned,unlearned
vnles,unless
Vnless,Unless
vnlesse,unless
vnlettered,unlettered
vnleuened,unleavened
vnlike,unlike
vnlikely,unlikely
vnlikenesse,unlikeness
vnlocke,unlock
vnlocked,unlocked
vnlocks,unlocks
vnlockt,unlocked
vnlook'd,unlooked
vnloose,unloose
vnloving,unloving
vnluckie,unlucky
vnlucky,unlucky
vnlyke,unlike
vnlykelye,unlikely
vnmade,unmade
vnmanerly,unmannerly
vnmannerlie,unmannerly
vnmannerly,unmannerly
vnmaried,unmarried
vnmarked,unmarked
vnmarried,unmarried
vnmarryed,unmarried
vnmask,unmask
vnmatchable,unmatchable
vnmeasurable,unmeasurable
vnmeasurably,unmeasurably
vnmeet,unmeet
vnmeete,unmeet
vnmended,unmended
vnmercifully,unmercifully
vnmercifulnes,unmercifulness
Vnmercifulnesse,Unmercifulness
vnmesurable,immeasurable
vnmete,unmeet
vnmindefull,unmindful
vnmindfull,unmindful
vnmixed,unmixed
vnmolested,unmolested
vnmooueable,immovable
vnmortified,unmortified
vnmoueable,unmovable
vnmoueably,immovably
vnnamed,unnamed
vnnatuall,unnatural
vnnatural,unnatural
vnnaturall,unnatural
vnnaturally,unnaturally
vnnaturalnesse,unnaturalness
vnnecessarie,unnecessary
vnnecessarily,unnecessarily
vnnecessary,unnecessary
vnnested,unnested
vnnoted,unnoted
vnoccupied,unoccupied
vnorderly,unorderly
vnordinate,inordinate
vnpaid,unpaid
vnpardonable,unpardonable
vnpardoned,unpardoned
vnpartiall,impartial
vnpatient,impatient
vnpeaceable,unpeaceable
vnpenitent,unpenitent
vnpeople,unpeople
vnperfect,imperfect
vnperfecte,imperfect
vnperfectlie,imperfectly
vnperfectly,imperfectly
vnperformed,unperformed
vnpleasant,unpleasant
vnpleasaunt,unpleasant
vnpolished,unpolished
vnpollished,unpolished
vnpolluted,unpolluted
vnpossible,impossible
vnpreaching,unpreaching
vnprepared,unprepared
vnprobable,improbable
vnprofitable,unprofitable
vnprofitablenes,unprofitableness
vnprofitablenesse,unprofitableness
vnprofitably,unprofitably
vnprofytable,unprofitable
vnproper,improper
vnproperly,improperly
vnprosperous,unprosperous
vnproued,unproved
vnprouided,unprovided
vnpunished,unpunished
vnpunyshed,unpunished
vnpure,impure
vnpurged,unpurged
vnquenchable,unquenchable
vnquencheable,unquenchable
vnquestionable,unquestionable
vnquiet,unquiet
vnquietnes,unquietness
vnquietnesse,unquietness
vnrauelled,unraveled
vnready,unready
vnreasonable,unreasonable
vnreasonablenesse,unreasonableness
vnreasonably,unreasonably
vnrebukeable,unrebukable
vnreconcilable,irreconcilable
vnrecouerable,irrecoverable
vnreformed,unreformed
vnregarded,unregarded
vnregenerat,unregenerate
vnregenerate,unregenerate
vnregenerated,unregenerated
vnregeneration,unregeneration
vnrenewed,unrenewed
vnrepentant,unrepentant
vnrepented,unrepented
vnreproched,unreproached
vnreprooueable,unreproveable
vnreprouable,unreprovable
vnreproueable,unreprovable
vnreproued,unreproved
vnresistable,irresistible
vnresistibly,irresistibly
vnresolued,unresolved
vnrest,unrest
vnresting,unresting
vnreuealed,unrevealed
vnreuenged,unrevenged
vnreuerent,irreverent
vnreuerently,unreverantly
vnreverend,unreverend
vnrewarded,unrewarded
vnrighteouslie,unrighteously
vnrighteously,unrighteously
Vnrighteousness,Unrighteousness
vnrighteousnesse,unrighteousness
vnroosting,unroosting
vnruely,unruly
vnrulie,unruly
vnrulinesse,unruliness
vnruly,unruly
vnsanctified,unsanctified
vnsatiable,insatiable
vnsatiablenesse,insatiableness
vnsatiably,insatiably
vnsatisfied,unsatisfied
vnsatisfying,unsatisfying
vnsauerie,unsavory
vnsauery,unsavory
vnsauorie,unsavory
vnsauory,unsavory
vnsauourie,unsavory
vnsauoury,unsavory
vnsay,unsay
vnsayd,unsaid
vnsealed,unsealed
vnsearchable,unsearchable
vnsearchablenesse,unsearchableness
vnsearcheable,unsearchable
vnseasonable,unseasonable
vnseasonablenes,unseasonableness
vnseasonablenesse,unseasonableness
vnseasonablie,unseasonably
vnseasonably,unseasonably
vnseasonaby,unseasonably
vnseasoned,unseasoned
vnseemelinesse,unseemliness
vnseemlie,unseemly
vnseemly,unseemly
vnseene,unseen
vnsemely,unseemly
vnsene,unseen
vnsensible,insensible
vnsent,unsent
vnseparablie,inseparably
vnseparably,inseparably
vnseparated,inseparated
vnserued,unserved
vnseruiceable,unserviceable
vnsetlednesse,unsettledness
vnsettle,unsettle
vnsettled,unsettled
vnsettlednesse,unsettledness
vnshamefast,unshamefast
vnsheath,unsheath
vnsheathed,unsheathed
vnsheathing,unsheathing
vnshod,unshod
vnsightly,unsightly
vnsincere,insincere
Vnskild,Unskilled
vnskilful,unskillful
vnskilfull,unskillful
vnskilfullnes,unskillfulness
vnskilfully,unskillfully
vnskilfulnes,unskillfulness
vnskilfulnesse,unskillfulness
vnskillfull,unskillful
vnskillfullnes,unskillfulness
vnslaked,unslaked
Vnsociablenes,Unsociableness
vnsociablenesse,unsociableness
Vnsoil'd,Unsoiled
vnsold,unsold
vnsophisticated,unsophisticated
vnsorrowed,unsorrowed
vnsound,unsound
vnsounder,unsounder
vnsoundly,unsoundly
vnsoundnes,unsoundness
vnsowen,unsown
vnspared,unspared
vnspeakable,unspeakable
vnspeakablie,unspeakably
vnspeakably,unspeakably
vnspeakeable,unspeakable
vnspeakeably,unspeakably
vnspekable,unspeakable
vnspent,unspent
vnspoken,unspoken
vnspotted,unspotted
vnstable,unstable
vnstablenesse,unstableness
vnstained,unstained
vnstainednesse,unstainedness
vnstayed,unstaid
vnstayednesse,unstaidness
vnsteddines,unsteadiness
vnsteddy,unsteady
vnstedfast,unsteadfast
vnstedfastnes,unsteadfastness
vnstocked,unstocked
vnsubdued,unsubdued
vnsuccesfull,unsuccessful
vnsuccesfully,unsuccessfully
vnsuccessefull,unsuccessful
vnsued,unsued
vnsufferable,unsufferable
vnsufferabley,insufferably
vnsufferablie,insufferable
vnsufficiencie,insufficiency
vnsufficiency,insufficiency
vnsufficient,insufficient
vnsupportable,unsupportable
vnsurprised,unsurprised
vnsuspected,unsuspected
vnsuspicious,unsuspicious
vnsuspiciousnesse,unsuspiciousness
vnsutable,unsuitable
vnsutablenes,unsuitableness
vnswaied,unswayed
vnswalowed,unswallowed
vnswayed,unswayed
vnswept,unswept
vntameable,untameable
vntamed,untamed
vntamednesse,untamedness
vntaught,untaught
vntaughte,untaught
vntaynted,untainted
vnteachable,unteachable
vntemperate,intemperate
vntemperd,untempered
vntempered,untempered
vntempted,untempted
vnthankeful,unthankful
Vnthankefull,Unthankful
vnthankefullest,unthankfullest
vnthankefullnes,unthankfulness
vnthankefully,unthankfully
vnthankefulnesse,unthankfulness
vnthankful,unthankful
vnthankfullest,unthankfullest
vnthankfullnesse,unthankfulness
vnthankfully,unthankfully
vnthankfulnes,unthankfulness
vnthankfulnnsse,unthankfulness
vnthrift,unthrift
vnthriftie,unthrifty
vnthriftines,unthriftiness
vnthrifty,unthrifty
vnthriuing,unthriving
vntie,untie
Vntil,Until
vntill,until
vntilled,untilled
vntired,untired
vntiyng,untying
vntlll,until
vnto,unto
vntolerable,intolerable
vntollerable,intolerable
vntollerably,intolerably
vntoo,unto
vntouchable,untouchable
vntouched,untouched
vntoucht,untouched
vntoward,untoward
vntowarde,untoward
vntowardly,untowardly
vntowardnes,untowardness
vntowardnesse,untowardness
vntowched,untouched
vntractable,intractable
vntranslated,untranslated
vntreuth,untruth
vntrew,untrue
vntrewe,untrue
vntreweth,untruth
vntrewlie,untruly
vntrewly,untruly
vntrewth,untruth
vntrewthe,untruth
vntried,untried
vntroubled,untroubled
vntru,untrue
vntrue,untrue
vntruelie,untruly
vntruely,untruly
vntrueth,untruth
vntrueths,untruths
vntrulie,untruly
vntrustie,untrusty
vntrustily,untrustily
vntrustines,untrustiness
vntrustinesse,untrustiness
vntrusty,untrusty
vntruth,untruth
vntruthes,untruths
vntruthmaker,untruthmaker
vntruths,untruths
vntrw,untrue
vntrwe,untrue
vntrwely,untruly
vntrwly,untruly
vntrwth,untruth
vntrwthes,untruths
vntryed,untried
vntunable,untunable
vntun'd,untuned
vntuned,untuned
vntwine,untwine
vntwist,untwist
vntwisted,untwisted
vntyed,untied
vntying,untying
vntyl,until
vntyll,until
vnualuable,invaluable
vnuanquished,unanguished
vnueile,unveil
vnueiled,unveiled
vnuerently,irreverently
vnuincible,invincible
vnuiolated,unviolated
vnuisible,invisible
vnuoidable,unavoidable
vnuoluntary,involuntary
vnused,unused
vnusefull,unuseful
vnusually,unusually
vnutterable,unutterable
vnutterablie,unutterably
vnutterably,unutterably
vnvaluable,invaluable
vnvaluably,invaluably
vnvisited,unvisited
vnvsefull,unuseful
vnvsual,unusual
vnvsuall,unusual
vnvtterable,unutterable
vnvuorthely,unworthily
vnvuorthy,unworthy
vnwaked,unwaked
vnwares,unawares
vnwarie,unwary
vnwarily,unwarily
vnwarinesse,unwariness
vnwarrantable,unwarrantable
vnwarranted,unwarranted
vnwashen,unwashen
vnwauering,unwavering
vnwealdy,unwieldy
vnweariable,unweariable
vnweariedly,unweariedly
vnweldie,unwieldy
vnwholesomnesse,unwholesomeness
vnwholsome,unwholesome
vnwillinge,unwilling
vnwillingnes,unwillingness
vnwisdom,unwisdom
vnwitting,unwitting
vnwittingly,unwittingly
vnwittinglye,unwittingly
vnwllingly,unwillingly
vnwomanly,unwomanly
vnwonted,unwonted
vnwoorthie,unworthy
vnwoorthily,unworthily
vnwoorthinesse,unworthiness
vnworth,unworth
vnworthelie,unworthily
vnworthie,unworthy
vnworthiest,unworthiest
vnworthily,unworthily
vnworthines,unworthiness
vnworthiness,unworthiness
vnworthinesse,unworthiness
vnworthy,unworthy
vnworthye,unworthy
vnworthyly,unworthily
vnworthynes,unworthiness
vnwrap,unwrap
vnwriten,unwritten
vnwrought,unwrought
vnyoke,unyoke
Vnyon,Union
vnyuersall,universal
vnzealous,unzealous
vnzealousnesse,unzealousness
vocacion,vocation
vocacyon,vocation
voce,voice
voiage,voyage
voide,void
volluntary,voluntary
Volumn,Volume
Volumns,Volumes
voluntarie,voluntary
voluntarinesse,voluntariness
voluntarye,voluntary
Voluntiers,Volunteers
voluptuousnes,voluptuousness
voluptuousnesse,voluptuousness
vomite,vomit
votaryes,votaries
vouchesafe,vouchsafe
vouchesafed,vouchsafed
vouchesafeth,vouchsafeth
vouchesafing,vouchsafing
vouchsafeing,vouchsafing
‎vouchsafeth,vouchsafes
vouchsaft,vouchsafed
vouchsaf't,vouchsafed
vouchsasing,vouchsafing
vouchsaued,vouchsaved
vouchsaueth,vouchsafeth
vouchsaufe,vouchsafe
vouchsaufing,vouchsafing
vouschsafe,vouchsafe
voutchsafe,vouchsafe
vouthsafe,vouchsafe
voutsafe,vouchsafe
voutsafed,vouchsafed
voutsafes,vouchsafes
vow'd,vowed
vowe,vow
vowes,vows
voweth,vows
voyc'd,voiced
voyce,voice
voyced,voiced
voyces,voices
voycing,voicing
voyd,void
voyde,void
voyded,voided
voydeth,voideth
voyding,voiding
vp,up
vpbraded,upbraided
vpbraid,upbraid
vpbraide,upbraid
vpbraider,upbraider
vpbraideth,upbraideth
vpbraiding,upbraiding
vpbraidings,upbraidings
vpbraids,upbraids
vpbrayd,upbraid
vpbrayde,upbraid
vpbrayded,upbraided
vpbraydeth,upbraideth
vpbraydings,upbraidings
Vphaz,Uphaz
vphelde,upheld
vphold,uphold
vpholde,uphold
vpholded,upholded
vpholden,upholden
vpholder,upholder
vpholders,upholders
vpholdeth,upholdeth
vpholding,upholding
vpholdinge,upholding
vpholds,upholds
vpholdth,upholdeth
vphould,uphold
vphoulden,upholden
vphouldeth,upholdeth
vphoulding,upholding
vplandish,uplandish
vplandishe,uplandish
vpo,upon
vpon,upon
vponall,upon all
vponthese,upon these
vpp,up
vppe,up
vpper,upper
vpperhande,upper hand
vppermost,uppermost
vppholden,upholden
vppon,upon
vpprighte,upright
vppside,upside
vprepared,unprepared
vpright,upright
vprighte,upright
vprightenesse,uprightness
vprightlie,uprightly
vprightly,uprightly
vprightly‎,uprightly
vprightnes,uprightness
Vprightness,Uprightness
vprightnesse,uprightness
vprising,uprising
vproare,uproar
vproares,uproars
vprofitable,unprofitable
vprores,uproars
vpside,upside
vpsidowne,upside down
vpstart,upstart
vpstartes,upstarts
vpstarting,upstarting
vpsyde,upside
vptight,uptight
vpward,upward
vpwarde,upward
vpwardly,upwardly
vpwards,upwards
Vrban,Urban
Vrbane,Urbane
Vrbanus,Urbanus
vrge,urge
vrged,urged
vrgent,urgent
vrgeth,urges
vrging,urging
Vriah,Uriah
Vriahs,Uriah's
vrines,urines
Vrsin,Ursinus
vs,us
vsage,usage
vsages,usages
vse,use
vsed,used
vseful,useful
vsefull,useful
vsefully,usefully
vsefulnes,usefulness
Vsefulness,Usefulness
Vsefulnesse,Usefulness
vseles,useless
Vserers,Usurers
vsest,usest
vseth,uses
Vsher,Usher
vsuallie,usually
vsually,usually
Vsurer,Usurer
vsurers,userers
vsurie,usury
vsuries,usuries
vsurious,usurious
vsurpation,usurpation
vsurpation‎,usurpation
vsurpatione,usurpation
Vsurpations,Usurpations
vsurpe,usurp
vsurped,usurped
vsurper,usurper
Vsurpers,Usurpers
vsurpes,usurps
vsurpeth,usurpeth
vsurping,usurping
vsury,usury
VSVRER,USURER
Vsward,Usward
vsyng,using
Vtensiles,Utensils
Vtensils,Utensils
vther,other
vtilitie,utility
vtility,utility
vtmost,utmost
vtter,utter
vtterance,utterance
vtterances,utterances
vttered,uttered
vtterest,utterest
vttereth,uttereth
vtterinability,utter inability
vttering,uttering
vtterlie,utterly
vtterly,utterly
vtterlye,utterly
vttermost,uttermost
vtters,utters
vtteryng,uttering
vttred,uttered
vuas,was
vuderstanding,understanding
vue,we
vueaknes,weakness
vuealth,wealth
vuealths,wealths
vuearing,wearing
vuere,were
vuhat,what
vuhatsoeuer,whatsoever
vuhen,when
vuherby,whereby
Vuhere,Where
vuhereas,whereas
Vuhereby,Whereby
vuherein,wherein
vuhereof,whereof
vuherin,wherein
vuhether,whether
vuhich,which
vuhite,white
vuhoremonger,whoremonger
vuhy,why
vuickednes,wickedness
vuil,will
vuilling,willing
vuinges,wings
vuinter,winter
vuisdome,wisdom
vuisest,wisest
vuith,with
vuithal,withal
vuithdravu,withdraw
vuithin,within
vuithovut,without
vuithstanding,withstanding
vuitnes,witness
vuitnessed,witnessed
vuitnesses,witnesses
vuittingly,wittingly
vuiues,wives
vuord,word
vuork,work
vuorkes,works
vuorking,working
vuorld,world
vuorldly,worldly
vuorthy,worthy
vuouen,woven
vuould,would
vxor,uxor
vxorious,uxorious
vyall,vial
vyals,vials
vyce,vice
vyces,vices
vyes,vies
vyle,vile
vyne,vine
vyolence,violence
vz,viz
Vzza,Uzzah
Vzzah,Uzzah
Vzziah,Uzziah
waching,watching
Wadesworths,Wadesworth's
wagge,wag
wagges,wags
waie,way
waies,ways
waigh,weigh
waighed,weighed
waigheth,weigheth
waighs,weighs
waight,wait
waightie,weighty
waightier,weightier
waightiest,weightiest
waightines,weightiness
waightinesse,weightiness
waights,weights
waighty,weighty
waile,wail
wailes,wails
waine,wane
wained,waned
waining,waning
wainscote,wainscot
wais,ways
waites,waits
waiward,wayward
wakefull,wakeful
wal,wall
walde-graue,walde-grave
walkd,walked
walk'd,walked
walke,walk
walkes,walks
walketh,walks
walkt,walked
walk't,walkest
walkth,walketh
walkyng,walking
walkynge,walking
Wallaeus,Walaeus
wallowe,wallow
wallowes,wallows
wals,walls
Wanderfull,Wonderful
wandred,wandered
wandrings,wanderings
wante,want
wanteth,wants
wantones,wontonness
wantonnes,wantonness
wantonnesse,wantonness
wantst,wantest
warant,warrant
warde,ward
wardes,wards
warfnre,warfare
warie,wary
warilie,warily
warines,wariness
warinesse,wariness
warld,world
warm'd,warmed
warme,warm
warmes,warms
warn'd,warned
warne,warn
warnes,warns
warnyng,warning
warpe,warp
warr,war
warrantablenesse,warrantableness
warrante,warrant
warrantie,warranty
warraunt,warrant
warre,war
warre*,war
warrefare,warfare
Warrier,Warrior
warriers,warriors
warriour,warrior
warriours,warriors
warrs,wars
Warwicke,Warwick
wash'd,washed
washe,wash
washit,washed
washt,washed
Waspes,Wasps
wast,was
wastefull,wasteful
wastfull,wasteful
wastfully,wastefully
wastfulness,wastefulness
wasts,wastes
watchfull,watchful
Watchfullnesse,Watchfulness
watchfulnes,watchfulness
watchmans,watchman's
watcht,watched
wated,waited
water'd,watered
waterie,watery
waterlesse,waterless
watred,watered
watrie,watery
watring,watering
watry,watery
Watsons,Watson's
Wattes,Watts
waue,wave
wauer,waver
wauereth,wavereth
wauering,wavering
wauerings,waverings
waues,waves
waxe,wax
waxeth,waxes
waye,way
wayed,weighed
wayeth,weigheth
wayght,weight
wayling,wailing
wayt,wait
wayte,wait
wayted,waited
wayters,waiters
wayteth,waiteth
wayting,waiting
waywardnes,waywardness
waywardnesse,waywardness
Wch,Which
wdole,whole
weake,weak
weakelings,weaklings
weakely,weakly
weaken'd,weakened
weakenes,weakness
weakenesse,weakness
weakenesses,weaknesses
weaknes,weakness
weaknesse,weakness
weale,weal
weales,weals
wealthes,wealths
wealthye,wealthy
wean'd,weaned
weane,wean
weanednesse,weanedness
weanes,weans
weare,wear
weares,wears
wearie,weary
wearines,weariness
wearinesse,weariness
wearisom,wearisome
wearisomnesse,wearisomeness
wearyed,wearied
wearynes,weariness
weaue,weave
Weauer,Weaver
Weauers,Weavers
weauing,weaving
wedd,wed
wedloc,wedlock
wedlocke,wedlock
Wednesdayes,Wednesdays
weede,weed
weedes,weeds
weeke,week
weekelie,weekly
weekely,weekly
weekes,weeks
weeklie,weekly
weeld,wield
Weemse,Weems
weepd,weeped
weepe,weep
weepes,weeps
weepyng,weeping
weete,wit
weigh'd,weighed
weighes,weighs
weighte,weight
weightie,weighty
weild,wield
weilded,wielded
weill,well
weise,wise
weke,week
we'l,we'll
welbeing,wellbeing
welbeloued,well-beloved
welbeloveds,well-beloveds
welboloued,well-beloved
welcom,welcome
welcome'd,welcomed
welcomming,welcoming
weldoing,well-doing
wellcome,welcome
welldoing,well-doing
wellfare,welfare
wellpleasing,well pleasing
welneere,well near
welnigh,well nigh
welspring,wellspring
welth,wealth
welthe,wealth
welthes,wealths
welthy,wealthy
weltring,weltering
welwisher,well-wisher
wemen,women
wente,went
weomen,women
wepe,weep
weping,weeping
we're,we are
wereby,whereby
werewith,wherewith
werit,wert
wer't,wert
wery,weary
Wesell,Weasel
Westmerland,Westmorland
Westmoreland,Westmorland
wete,wet
wette,wet
weye,weigh
weyed,weighed
weyghed,weighed
weyght,weight
weyghty,weighty
weyn,wean
whair,where
whairby,whereby
what soever,whatsoever
What-ever,Whatever
whatsoere,whatsoever
whatsoe're,whatsoever
whatsoeuer,whatsoever
whatsoevet,whatsoever
whatsouer,whatsoever
whatsover,whatsoever
whch,which
Wheate,Wheat
Wheatleys,Wheatly's
wheel'd,wheeled
wheeles,wheels
whelpe,whelp
when soever,whensoever
when-ever,whenever
whenne,when
whense,whence
whensoeuer,whensoever
wher,where
wheras,whereas
wherat,whereat
wherby,whereby
Where as,Whereas
whereever,where ever
whereofthey,whereof they
wheresoeuer,whensoever
Whereupō,Whereupon
whereuppon,whereupon
wherevnto,whereunto
wherevpon,whereupon
wherevppon,whereupon
wherewithall,wherewithal
wherewyth,wherewith
Wherfor,Wherefor
wherin,wherein
wherof,whereof
wheroff,whereof
whersoeuer,wheresoerver
whersoever,wheresoever
wherto,whereto
wherunto,whereunto
Wherupō,Whereupon
wherupon,whereupon
Wheruppon,Whereupon
whervpon,whereupon
wherw t,wherewith
wherwith,wherewith
wherwithe,wherewith
wherwyth,wherewith
whetherin,whether in
whethersoever,whithersoever
whichit,which it
whilest,whiles
while'st,whilst
whil'st,whilst
whip'd,whipped
whipit,whipped
whipp'd,whipped
whippe,whip
whippes,whips
whirle,whirl
whirlepoole,whirlpool
whirlewind,whirlwind
whirlewinde,whirlwind
Whitakers,Whitaker's
whitemeat,white meat
whitenes,whiteness
whitenesse,whiteness
whith,with
whithersoeuer,whithersoever
whithout,without
Whitsontide,Whitsuntide
whitte,whit
who ever,whoever
whoe,who
whoes,whose
whol,whole
wholely,wholly
wholesom,wholesome
wholie,wholly
wholle,whole
whollie,wholly
whollye,wholly
wholsom,wholesome
wholsome,wholesome
wholsomest,wholesomest
wholsomly,wholesomely
wholy,wholly
wholye,wholly
whome,whom
whomesoeuer,whomsoever
whomsoeuer,whomsoever
whoordome,whoredom
whooredome,whoredom
whooredomes,whoredoms
whooredoms,whoredoms
whooremonger,whoremonger
whooremoongers,whoremonger
whoores,whores
whordom,whoredom
whordome,whoredom
whordomes,whoredoms
whoredome,whoredom
whoredomes,whoredoms
whoredoms,whoredoms
whoreing,whoring
whormongers,whoremongers
whos,whose
whosoeuer,whosoever
whot,hot
whote,hot
whow,how
whych,which
whyche,which
whye,why
whyle,while
whyles,whiles
whylest,whilst
whyte,white
whyther,whither
wickdnesse,wickedness
wickedlie,wickedly
wickednes,wickedness
wickednesse,wickedness
wickednesss,wickednesses
wickeds,wicked's
Wickleffe,Wycliffe
Wicklief,Wycliffe
Wickliff,Wycliffe
Wickliffe,Wycliffe
Wickliffes,Wycliffe's
Wickliffs,Wycliffe’s
Wicliffe,Wycliffe
widdow,widow
Widdowe,Widow
widdowes,widows
Widdows,Widows
widenesse,wideness
widowe,widow
widowes,widow
wiihout,without
wiil,will
wiith,with
wiked,wicked
wil,will
wilbe,will be
wilbee,will be
wildely,wildly
wildernes,wilderness
wildernesse,wilderness
wildernesss,wildernesses
wildnesse,wildness
wilful,willful
wilfull,willful
wilfullie,willfully
wilfullnesse,wilfulness
wilfully,willfully
wilfulnes,willfulness
wilfulness,willfullness
wilfulnesse,willfulness
wilie,wily
wilines,wiliness
wilinesse,wiliness
will-cry,will cry
will'd,willed
willdernesse,wilderness
willeth,wills
willfull,willful
willfullness,willfulness
willfullnesse,willfulness
willfulnesse,willfulness
willgo,will go
william,Willaim
Willielmus,Wilhelmus
willinge,willing
willinglie,willingly
willinglye,willingly
willingnes,willingness
willingnesse,willingness
willis,will is
Willowes,Willows
willt,wilt
willworship,will-worship
willyng,willing
willyngly,willingly
wilnot,will not
wils,wills
wilst,whilst
wilte,wilt
wilworship,will-worship
winck,wink
wincke,wink
wincked,winked
winde,wind
windednesse,windedness
windes,winds
windie,windy
windinesse,windiness
windores,windows
windowe,window
windowes,windows
windynesse,windiness
Winepresse,Winepress
winge,wing
winges,wings
Wingraue,Wingrave
winke,wink
winkt,winked
winn,win
winnes,wins
winneth,wins
winow,winnow
wipit,wiped
wirh,with
wisards,wizards
wisdome,wisdom
wisdomes,wisdoms
wisedom,wisdom
wisedome,wisdom
wisedomes,wisdoms
wisedoms,wisdoms
wiselie,wisely
Wise-man,Wiseman
wish'd,wished
wishe,wish
witcherie,witchery
with out,without
withall,withal
withcraft,witchcraft
withdrawe,withdraw
withdrawen,withdrawn
withdrawes,withdraws
withdraweth,withdraw
withdrawne,withdrawn
withdrewe,withdrew
withdwrawn,withdrawn
witheld,withheld
wither'd,withered
with-held,withheld
withholde,withhold
withold,withhold
witholding,withholding
witholds,withholds
withoute,without
withouth,without
withovt,without
withowt,without
withowte,without
withred,withered
withstande,withstand
withstandynge,withstanding
withstoode,withstood
witlesly,witlessly
witlesse,witless
witnes,witness
witnessd,witnessed
witnesse,witness
witnesseth,witnesses
witnesss,witnesses
witnessth,witnesseth
witnnesse,witness
witt,wit
witte,wit
Wittenberg,Wittenburg
Wittenberge,Wittenburg
wittes,wits
wittie,witty
wittinesse,wittiness
wittinglie,wittingly
wittnesses,witnesses
Wiues,Wives
wizzard,wizard
Wizzards,Wizards
Wo,Woe
wodden,wooden
woed,wooed
woefull,woeful
woeman,woman
woemen,women
woeth,wooeth
woful,woeful
wofull,woeful
wofully,woefully
wofulnesse,woefulness
woing,wooing
wold,would
wolde,would
woldest,wouldest
woldst,wouldst
wole,whole
wolfe,wolf
Wolfes,Wolves
woll,wool
wollen,woolen
Wolphius,Wolfius
wolues,wolves
woluish,wolvish
womans,woman's
wombe,womb
wombes,wombs
womens,women
wonder'd,wondered
wonderfull,wonderful
wonderfullie,wonderfully
wonderfulnesse,wonderfulness
wonderous,wondrous
wondre,wonder
wondred,wondered
wondrest,wonderest
wondreth,wondereth
wondring,wondering
wond'rous,wondrous
wone,won
wonit,would not
wonkemanship,workmanship
wonne,won
won't,will not
wonte,wont
woo'd,wooed
woodden,wooden
woode,wood
woodes,woods
Woodstocke,Woodstock
wooe,woo
wooes,woos
woolfe,wolf
wooll,wool
Woolues,Wolves
Woolves,Wolves
woonder,wonder
woonderfull,wonderful
woonderfullie,wonderfully
woonderfully,wonderfully
woonderment,wonderment
woonders,wonders
woont,wont
woonted,wonted
woord,word
‎woorde,word
woords,words
wooried,worried
woork,work
woorke,work
woorkeman,workman
woorkemanshipp,workmanship
‎woorkes,works
woorketh,worketh
woorking,working
woorkinge,working
woorkman,workman
woorkmen,workmen
woorks,works
woorld,world
woorlde,world
woorme,worm
woormewood,wormwood
woors,worse
woorse,worse
woorship,worship
woorshipfull,worshipful
woorshipp,worship
woorshippe,worship
woorshipped,worshipped
woorshipping,worshipping
Woorships,Worships
woorshyp,worship
woorsse,worse
woorst,worst
woorth,worth
woorthie,worthy
woorthily,worthily
woorthines,worthiness
woorthinesse,worthiness
woorthy,worthy
woorthye,worthy
Worceter,Worcester
worck,work
worcke,work
worckes,works
worde,word
wordes,words
wordes*,words
wordis,words
wordling,worldling
wordly,worldly
worekmanship,workmanship
worke,work
workedaies,workdays
workeman,workman
workemanship,workmanship
workemen,workmen
workes,works
worketh,works
workinge,working
workt,worked
workyng,working
workynge,working
worlde,world
worldely,wordly
worldelye,worldly
worldes,world
worldings,worldlings
worldlie,worldly
worldlines,worldliness
worldlinesse,worldliness
worldlinges,worldlings
worldlye,worldly
worldlyness,worldliness
worldlynges,worldlings
worldy,worldly
worme,worm
wormes,worms
wormewood,wormwood
worne,worn
wors,worse
worship'd,worshipped
worshipe,worship
worshipeth,worshippeth
worshipfull,worshipful
WORSHIPFVLL,WORSHIPFUL
worshipp,worship
worshippe,worshipper
worshippinge,worshiping
worshippinges,worshippings
worshippings,worshipings
worshippyng,worshiping
worshipt,worshipped
worshyp,worship
worshypfull,worshipful
worshyppe,worship
worshypped,worshipped
worshyppyng,worshiping
worshyppynge,worshipping
worshyppynges,worshippings
worsse,worse
worste,worst
worthe,worth
worthelie,worthily
worthely,worthily
worthi,worthy
worthie,worthy
worthilie,worthily
worthineffe,worthiness
worthines,worthiness
worthinesse,worthiness
worthles,worthless
worthlesness,worthlessness
worthlesnesse,worthlessness
worthlesse,worthless
worthye,worthy
worthyer,worthier
Worthyes,Worthies
worthyly,worthily
worthynes,worthiness
worthyness,worthiness
worthynesse,worthiness
wose,whose
wotte,wot
Wottons,Wotton's
wou'd,would
wouen,woven
wouldest,would
would'st,wouldest
woundded,wounded
wounde,wound
Wounderfull,Wonderful
wounderfully,wonderfully
woundes,wounds
wracke,wrack
wrackes,wracks
wrap'd,wrapped
wraped,wrapped
wrapp'd,wrapped
wrappe,wrap
wrapt,wrapped
wrastle,wrestle
wrastled,wrestled
wrastleth,wrestleth
wrastling,wrestling
wrastlings,wrestlings
wrate,wrote
wrathe,wrath
wrathfull,wrathful
wreake,wreak
wrecke,wreck
wrestlest,wrestle
wrestleth,wrestles
wretche,wretch
wretchednes,wretchedness
wretchlesse,reckless
wrighting,writing
wrinckle,wrinkle
wrinckled,wrinkled
wrinckles,wrinkles
wrincle,wrinkle
writ̄,written
writeing,writing
writen,written
writinge,writing
writinges,writings
writ'n,written
writt,writ
writte,writ
Writters,Writers
writteth,writeth
writtin,written
writting,writing
writtings,writings
writtten,written
writyng,writing
writyngs,writings
wroght,wrought
wroit,wrought
wrongd,wronged
wrong'd,wronged
wronge,wrong
wrongefull,wrongful
wrongefully,wrongfully
wronges,wrongs
wrongfull,wrongful
wrongged,wronged
wronght,wrought
wrot,wrote
wroughte,wrought
wryte,write
wryten,written
wryter,writer
wryters,writers
wrytes,writes
wrythen,written
wryting,writing
wrytinge,writing
wrytinges,writings
wrytings,writings
wrytynge,writing
wrytynges,writings
wtihin,within
wurd,word
wyckedlye,wickedly
wyckedness,wickedness
wyckednesse,wickedness
wydest,widest
wydowe,widow
wydowes,widows
wyfe,wife
wyl,will
wylbe,will be
wylde,wild
wyldernes,wilderness
wyldnes,wildness
wylie,wily
wylinesse,wiliness
wyll,will
wylle,will
wylled,willed
wylleth,willeth
wyllyng,willing
wylt,wilt
wyly,wily
Wynchestre,Winchester
wynde,wind
wyndes,winds
wyndings,windings
wyndowes,windows
wyndy,windy
wyndye,windy
wynges,wings
wynnyng,winning
wynter,winter
wyped,wiped
wypeth,wipeth
wysdom,wisdom
wysdome,wisdom
wyse,wise
wysedome,wisdom
wyselie,wisely
Wysenburge,Weisenberg
wyser,wiser
wysest,wisest
wysh,wish
wyshe,wish
wyshnothing,wishnothing
wyth,with
wythdraw,withdraw
wythdrawe,withdraw
wythe,with
wythin,within
wythout,without
wytnes,witness
wytnesseth,witnesseth
wyts,wits
wytte,wit
wyues,wives
Xaintonge,Saintonge
xiiij,xiv
xiij,xiii
xij,xii
xj,xi
xxxiiij,xxxiv
xxxiij,xxxiii
yce,ice
ydell,idle
ydle,idle
ydolatrie,idolatry
ydolatrye,idolatry
ydols,idols
yeald,yield
yealded,yielded
yeare,year
yearely,yearly
yeares,years
yearne,yearn
yee,ye
yeelded,yielded
yeeldes,yields
yeeldest,yieldest
yeeldeth,yields
yeelding,yielding
yeelds,yields
yeere,year
yeerelie,yearly
yeerely,yearly
yeeres,years
yeerly,yearly
yeers,years
yeild,yield
yeilded,yielded
yeildeth,yieldeth
yeilding,yielding
yeilds,yields
yeir,year
yeld,yield
yelde,yield
yelded,yielded
yeldeth,yieldeth
yelding,yielding
yelverton,Yelverton
yenough,enough
yeomans,yeoman's
yerely,yearly
yeres,years
yerne,yearn
yerned,yearned
yerning,yearning
yf,if
yff,if
yl,ill
yll,ill
ymage,image
ymages,images
ymagine,imagine
ynk,ink
ynough,enough
ynoughe,enough
yoake,yoke
yoaked,yoked
Yoakfellows,Yokefellows
yong,young
yonge,young
yonger,younger
yongest,youngest
yongling,youngling
yongue,younge
yonguer,younger
yonr,your
yoong,young
yoonger,younger
Yorke,York
Yorkeshire,Yorkshire
you'd,you would
you'l,you will
you'll,you will
younge,young
your self,yourself
your selves,yourselves
youres,yours
yourselfe,yourself
yourselfes,yourselves
yourselues,yourselves
youthe,youth
youthfull,youthful
youthfulnesse,youthfulness
yov,you
yovr,your
yowr,your
ypocrites,hypocrites
yre,ire
yrked,irked
yron,iron
yssue,issue
Zabulon,Zebulon
Zaccheus,Zacchaeus
zach.,Zechariah
Zacharie,Zechariah
Zacharies,Zacharias'
Zachary,Zacharias
zacheus,Zacchaeus
Zadock,Zadok
zanchi,Zanchi
Zanchie,Zanchi
Zanchies,Zanchius
Zanchy,Zanchi
zeale,zeal
Zeba,Zebah
Zebedeus,Zebedee
Zecharie,Zechariah
Zechary,Zechariah
Zedechiah,Zedekiah
zedechias,Zedechias
Zeeland,Zealand
Zeland,Zealand
Zelot,Zealot
Zelotes,Zealots
Zelots,Zealots
zelous,zealous
zelously,zealously
Zephanie,Zephaniah
Zephany,Zephaniah
Zerubbabels,Zerubbabel's
Zerviah,Zeruiah
Ziglag,Ziklag
zimri,Zimri
Zions,Zion's
Zippora,Zipporah
Zorobabel,Zerubbabel
Zorobabels,Zerubbabel's
Zuing,Zwingli
Zuingilus,Zwingli
Zuinglianisme,Zwinglianism
Zuinglians,Zwinglians
Zuinglinism,Zwinglianism
Zuinglins,Zwinglians
Zuinglio,Zwingli
Zuinglius,Zwingli
Zuitserland,Switzerland
Zuric,Zürich
Zurick,Zurich
Zuricke,Zurich
Zurik,Zürich
ZVINGLIVS,ZWINGLI'S
zwinglius,Zwingli
Zwitzerland,Switzerland
Ʒe,Ye
Abakuk,Habakkuk
Abbesse,Abbess
abhominate,abominate
abhor'd,abhorred
abhored,abhorred
abominablenesse,abominableness
abominatious,abominations
abortiues,abortives
absteined,abstained
achabs,Ahab's
Achitophell,Ahithophel
acknwoledgement,acknowledgment
Acorne,Acorn
acteth,acts
actione,action
address'd,addressed
adherentes,adherents
adjourne,adjourn
ador'd,adored
aduantagious,advantageous
aduanthge,advantage
aduerse,adverse
affinitie,afinity
aggrauations,aggravations
agreed,agreed
Aharon,Aaron
ake,ache
alleadging,alleging
alleage,allege
alledged,alleged
allege'd,alleged
allways,always
alongs,along
alway,always
alwaye,alway
aman,a man
amongs,amongst
amorhites,Ammorites
Anchrists,Antichrists
answerablenesse,answerableness
antecedunt,antecedent
apellations,appellations
Aples,Apples
Apostats,Apostates
appoynte,appoint
appoynts,appoints
apppeares,appears
aree,are
arminian,Arminian
Arrians,Arians
arriue,arrive
aryseth,ariseth
ascertain'd,ascertained
asketh,asks
assevere,asseverate
atchievements,achievements
attaines,attains
attribut,attribute
aunsweareth,answeres
aunswerable,answerable
Austens,Augustine's
balke,balk
banefull,baneful
Barne,Barn
beaste,beast
beggered,beggared
beg'st,beggest
Benedictins,Benedictines
benefactours,benefactors
benifit,benefit
bequeathes,bequeaths
bestirres,bestirs
bethlem,Bethlehem
beuteous,beauteous
bewailes,bewails
bils,bills
Birdes,Birds
blasphem,blaspheme
blowes,blows
blubber'd,blubbered
boulster,bolster
bountifullnesse,bountifulness
bountifulnesse,bountifulness
box'd,boxed
boyled,boiled
bragges,brags
brethrens,brethren's
brutishnesse,brutishness
bryght,bright
buffettings,buffetings
buie,buy
buriall,burial
Bustuarie,Bustuary
buylde,build
bvt,but
bynd,bind
Cajetane,Cajetan
callest,calls
Callice,Calais
cancel'd,canceled
canne,can
canot,cannot
carnall,carnal
Cathedrall,Cathedral
Catholicks,Catholics
causelesly,causelessly
chastizeth,chastiseth
cheefelie,chiefly
cheine,chain
cherefully,cheerfully
choakt,choked
Christall,Crystal
Christanity,Christianity
Christmasse,Christmas
christs,Christ's
Christyane,Christian
Chryst,Christ
churchis,churches
Churh,Church
Chyrurgion,Surgeon
Cimball,Cymbal
cimenting,cementing
circuite,circuit
Cisternes,Cisterns
ciuitate,civitate
cleannesse,cleanness
clear'd,cleared
cleargie,clergy
clearlie,clearly
cleaues,cleaves
cloath,cloth
Cloe,Chloe
commaunded,commanded
concealement,concealment
conceauing,conceiving
conceaved,conceived
conceite,conceit
concurre,concur
confideration,consideration
confusione,confusion
conncell,council
consequencies,consequences
consideryng,considering
considred,considered
containe,contain
continu,continue
contraried,contradicted
contray,contrary
contynually,continually
conueyed,conveyed
conueying,conveying
conuiction,conviction
conuincing,convincing
conuiuence,connivance
conveighs,conveys
copulatiue,copulative
corinth,Corinth
cosubstantiall,co-substantial
couetouse,covetous
Councellor,Counselor
counsail,counsel
Counsailes,Counsels
counsellers,counselors
counselles,counsels
counselling,counseling
counterfaited,counterfeited
counterfeyt,counterfeit
Countreymen,Countrymen
countrie,country
countriemen,countrymen
Cowe,Cow
coyn,coin
crafte,craft
crasie,crazy
createdst,created
credites,credits
creeple,cripple
croke,croak
cros,cross
cuill,evil
Cynamon,Cinnamon
Cynick,Cynic
cyril,Cyril
Dalilahs,Delilah's
damne,damn
dangerousnesse,dangerousness
dangorous,dangerous
dearely,dearly
deceitfulnes,deceitfulness
deceiueth,deceives
dede,deed
deepnesse,deepness
deere,deer
deligently,diligently
delightes,delights
deliueraunce,deliverance
demandes,demands
demaundeth,demandeth
demoniack,demoniac
dependance,dependence
deputie,deputy
deriued,derived
desending,descending
despairefull,despairful
despice,despise
destroyes,destroys
detesteth,detests
digge,dignity
dilligent,diligent
diminisht,diminished
Diocesses,Dioceses
disclayming,disclaiming
discouereth,discovers
disjoyning,disjoining
disloyall,disloyal
dismaiednesse,dismayedness
dispell,dispel
dispences,dispenses
dispers'd,dispersed
display'd,displayed
dissolues,dissolves
dissolueth,dissolveth
diuorsement,divorcement
divinitie,divinity
doinges,doings
domesticke,domestic
domnipotent,omnipotent
don't,do not
doughter,daughter
drousie,drowsy
drousiness,drowsiness
drowsie,drowsy
drowsines,drowsiness
dryeth,drieth
durt,dirt
dwellynge,dwelling
eagernesse,eagerness
effectes,effects
egs,eggs
elfe,else
Elijahs,Elijah's
Eliu,Elihu
emploied,employed
encompass'd,encompassed
endeuours,endeavours
eno',enough
enoble,ennoble
entercourse,intercourse
entertaines,entertains
entising,enticing
entitie,entity
entituled,entitled
eqval,equal
e'r,ere
erroniously,erroneously
Esops,Aesop’s
especiallye,especially
eternallie,eternally
euerlastynge,everlasting
euerye,every
Eues,Eve’s
exhortes,exhorts
expediencie,expediency
explaine,explain
extasies,ecstasies
falfe,false
faling,falling
falinges,failings
fall̄,fallen
Familisme,Familism
fansieth,fancieth
Fenser,Fencer
fensing,fencing
fethers,feathers
fielde,field
fifteene,fifteen
filles,fills
firie,fiery
flead,flayed
Flockes,Flocks
flowr,flower
folicity,felicity
follovv,follow
fonde,fond
forasmuche,forasmuch
foreknewe,foreknew
foresayde,foresaid
foretel,foretell
forfet,forfeit
forgivennes,forgiveness
formalitÃ¨,formality
forreign,foreign
forthese,for these
fourrhly,fourthly
freende,friend
frigiditie,frigidity
frogge,frog
fuell,fuel
fulfyllynge,fulfilling
Gamaliels,Gamaliel's
Garbes,Garbs
Germanye,Germany
geuen,given
giuings,givings
Glascow,Glasgow
glosse,gloss
Godheade,Godhead
gracefull,graceful
Graecians,Grecians
graecum,Graecum
gratuitie,gratuity
grecian,Grecian
Grecismes,Grecisms
greennesse,greenness
greevances,grievances
Gregories,Gregory's
greuously,grievously
groanes,groans
grose,gross
groundles,groundless
guiltines,guiltiness
halke,hawk
Halowed,Hallowed
Hanibal,Hannibal
harborlesse,harborless
heades,heads
heareth,hears
hearkning,hearkening
Hebraisme,Hebraism
heinousand,heinous and
heire,heir
he'le,he will
heroicke,heroic
hevenly,heavenly
hie,high
himselfe,himself
hitte,hit
Holydayes,Holy days
homelinesse,homeliness
honie,honey
horsmen,horsemen
hudled,huddled
Hudsons,Hudson's
Huguonets,Huguenots
humame,human
Hunnes,Huns
hurtfulnesse,hurtfulness
hushi,Hushai
hyest,highest
hygher,higher
Iacobus,Jacobus
Iael,Jael
Iaphet,Japheth
Iayle,Jail
Idolator,Idolater
Iebusites,Jebusites
iehovah,Jehovah
Ielousie,Jealousy
Iewells,Jewels
immediatlie,immediately
immensitie,immensity
imprinte,imprint
impudencie,impudency
inable,enable
incurrs,incurs
indeed,indeed
inflam'd,inflamed
inforce,enforce
ingaged,engaged
ingagement,engagement
Ingrossers,Engrossers
inioyment,enjoyment
iniuries,injuries
iniuriously,injuriously
iniuste,injust
inrage,enrage
insnare,ensnare
intangle,entangle
intangling,entangling
interiour,interior
intervall,interval
Intestates,Intestate’s
inticements,enticements
intitles,entitles
intreating,entreating
inuiolate,inviolate
invisiblie,invisible
Ioakim,Joakim
iohns,John's
ionathan,Jonathan
ionathans,Jonathan's
iotte,jot
irreconcileable,irreconcilable
irrecouerable,irrecoverable
irreuocable,irrevocable
Ishboseth,Ishbosheth
Israël,Israel
it self,itself
iudgement,judgment
Iudicatory,Judicatory
Iudicial,Judicial
iupiter,Jupiter
Iustine,Justin
Jaylour,Jailor
jealousie,jealousy
Jerusalems,Jerusalem's
journeyes,journeys
joyning,joining
Judaea,Judea
judge'd,judged
justifi'd,justified
JVLY,JULY
keepest,keep
kickt,kicked
kidde,kid
kinde,kind
kindely,kindly
kindeness,kindness
labourers,laborers
lacke,lack
lamentyng,lamenting
lauisning,lavishing
layed,laid
layen,lain
lazinesse,laziness
leades,leads
leafe,leaf
leaft,left
Legendes,Legends
Leitourgie,Liturgy
leiturgie,liturgy
Leiutenant,Lieutenant
lesning,lessening
leuitical,Levitical
leuiticall,Levitical
Leuy,Levi
lightnes,lightness
likelyhode,likelihood
likelyhood,likelihood
limmes,limbs
Lincolne,Lincoln
lippe,lip
loathsom,loathsome
lock'd,locked
lookth,looketh
loseth,loses
lothe,loath
louingly,lovingly
loytering,loitering
lusteth,lusts
lyuynge,living
Macedons,Macedonians
magitians,magicians
Maiestie,Maiesty
Maiestrates,Magistrates
mainely,mainly
makeing,making
malignes,maligns
mannes,man's
Martyres,Martyrs
meete,meet
melancholly,melancholy
melancthon,Melancthon
Melchisedec,Melchizedek
Melchizedec,Melchizedek
mervailed,marveled
mindednesse,mindedness
Ministere,Minister
Minotaure,Minotaur
Minstrell,Minstrel
mischeifs,mischiefs
miserablie,miserably
miseria,misery
mispence,misspense
moane,moan
moanes,moans
mockt,mocked
moming,morning
Monck,Monk
Morners,Mourners
mortfie,mortify
moses,Moses
Mountebanke,Mountebank
moyle,moil
muche,much
mueh,much
multiplie,multiply
mungrell,mongrel
murder'd,murdered
musique,music
myne,mine
mysteryes,mysteries
narowly,narrowly
natiuitie,nativity
Navarr,Navarre
Nazaritesse,Nazaritess
Nebuchadnezar,Nebuchadnezzar
need'st,needest
neuertheles,nevertheless
neyghboures,neighbors
nicholaus,Nicholaus
nighe,nigh
Nineueh,Nineveh
notitle,no title
notorius,notorious
Nouices,Novices
now adaies,nowadays
noysome,noisome
numbre,number
numbring,numbering
nupt,nuptial
obeysance,obeisance
obiectiue,objective
obiects,objects
obtein,obtain
odours,odors
Oeconomicall,Economical
offensiuely,offensively
often̄,often
onelye,only
onne,on
openinge,opening
opprest,oppressed
orderlie,orderly
Ordiuances,Ordinances
otherside,other side
ouerseer,overseer
ouerweening,overweening
ouerwhelmed,overwhelmed
oughte,ought
oulde,old
outgrowne,outgrown
outliue,outlive
overwrastled,overwrestled
Ovids,Ovid's
paciently,patiently
pacifie,pacify
pag,page
paind,pained
Palaestine,Palestine
palbable,palpable
Panegyrick,Panegyric
panges,pangs
Panims,Paynim
paradoxe,paradox
pardoneth,pardons
Parke,Park
passeouer,Passover
passible,passable
paternall,paternal
paterne,pattern
pathetick,pathetic
peraduenture,peradventure
perceiued,perceived
perceive'd,perceived
percieved ,perceived
perfum'd,perfumed
perpetuallie,perpetually
persecuters,persecutors
pertaine,pertain
peruersenesse,perverseness
Physicions,Physicians
piller,pillar
Pilote,Pilot
pitifull,pitiful
pityeth,pitieth
plainnesse,plainness
Plaintif,Plaintiff
pleadge,pledge
plentifullie,plentifully
plentiously,plenteously
pluck'd,plucked
Poictiers,Poitiers
poinctes,points
popishe,popish
popt,popped
postcrity,posterity
posterioritie,posterity
practizing,practicing
prais'd,praised
preachd,preached
preferr'd,preferred
preserueth,preserves
prest,pressed
preuaile,prevail
preuenting,preventing
procedinges,proceedings
profers,proffers
promis,promises
pronounc'd,pronounced
pronunced,pronounced
prophefying,prophesying
prophetes,prophets
propheticall,prophetical
proportionablenesse,proportionableness
prosecuteth,prosecutes
Prouer,Prover
prouerb,proverb
prouerbes,Proverbs
pryson,prison
psal.,Psalm
punishement,punishment
purifie,purify
pursie,pursy
Purslowe,Purslow
queenes,queens
quere,query
Quhare,Where
quickenesse,quickness
quickned,qickened
quickneth,quickeneth
quicknings,quickenings
QVEST,QUEST
Rabshaceh,Rabshakeh
rachel,Rachel
raile,rail
raines,rains
Rainold,Reynold
ramarkably,remarkably
rank'd,ranked
raygne,reign
rayseth,raiseth
reades,reads
readines,readiness
realme,realm
reap̄t,repent
reares,rears
receaveth,receiveth
receits,receipts
redeemption,redemption
redempcion,redemption
redemprion,redemption
rediculous,ridiculous
rejoyc'd,rejoiced
rekened,reckoned
releife,relief
religiouse,religious
relyance,reliance
relyeth,relieth
remembraunce,remembrance
remisse,remiss
remov'd,removed
reprofe,reproof
requireth,requires
restoratiues,restoratives
restrainment,restraint
restrayneth,restraineth
retaine,retain
returnyng,returning
reuenging,revenging
reuerse,reverse
reuiewing,reviewing
reveal'd,revealed
richard,Richard
rolle,roll
rouzed,roused
runnyng,running
rvle,rule
rysing,rising
rytche,rich
sackt,sacked
safetie,safety
salbe,shall be
savian,Savian
sawcy,saucy
sayenge,saying
scantnesse,scantness
scarselie,scarcely
sceptical,skeptical
Sceptick,Sceptic
scrued,screwed
seap'd,seeped
searche,search
secreate,secret
sedicion,sedition
seemlinesse,seemliness
seke,seek
sekynge,seeking
selffulnesse,selffulness
sencible,sensible
sende,send
sendes,sends
sendeth,sends
sendyng,sending
sent̄ces,sentences
seruaunt,servant
seruyce,service
servitvde,servitude
seuerelie,severely
seuerer,severer
seuering,severing
shaddows,shadows
sharpenes,sharpness
sharpenesse,sharpness
shaue,shave
shepherde,shepherd
shew,show
shewinge,showing
shoar,shore
showne,shown
showre,shower
showred,showered
shrinkes,shrinks
shyneth,shineth
sighte,sight
sightes,sights
sign'd,signed
significatione,signification
signifye,signify
sildome,seldom
silled,filled
Simons,Simon's
sinn,sin
sisara,Sisara
skantling,scantling
skuls,skulls
slaie,slay
sleighting,slighting
sleightly,slightly
snowt,snout
sociall,social
sodayne,sudden
sodenly,suddenly
soeuer,soever
sofre,suffer
Solicitour,Solicitor
som,some
somme,some
sondry,sundry
sondrye,sundry
songe,song
sounde,sound
sowre,sour
sowred,soured
Spalato,Split
speakinge,speaking
specifick,specific
speechlesse,speechless
Speedely,Speedily
Sphear,Sphere
spightfull,spiteful
Spiknard,Spikenard
spiritualnesse,spiritualness
spiritualtie,spiritualty
spoil'd,spoiled
spreadeth,spreads
sririte,spirit
Stagge,Stag
stagger'd,staggered
stamp'd,stamped
starues,starves
steales,steals
steer'd,steered
sterne,stern
steynes,stains
stie,sty
stiffe,stiff
stinch,stench
strayning,straining
strenghten,strengthen
strictnesse,strictness
stroake,stroke
stubburn,stubborn
stupifie,stupefy
subiecting,subjecting
subiectiue,subjective
subjoyning,subjoining
substanciall,substantial
subuersion,subversion
succcession,succession
successiue,successive
Successour,Successor
succoureth,succoreth
succours,succors
sufficiente,sufficient
suffryng,suffering
sunne,sun
svfferings,sufferings
swamme,swam
Swanne,Swan
sware,swore
swarme,swarm
swarmes,swarms
sweit,sweet
swimme,swim
Switzers,Swiss
Sympson,Simpson
synce,since
synne,sin
syt,sit
't,it
talkes,talks
teacheth,teaches
teachyng,teaching
techinesse,tetchiness
tendeth,tends
tendreth,tendereth
tendring,tendering
testifyeth,testifies
teverent,reverent
thankefullnesse,thankfulness
thatcht,thatched
Thats,That's
the',the
thervnto,thereunto
thoughtst,thoughtest
threatnyng,threatening
thussufficient,thus sufficient
thynges,things
togeather,together
toies,toys
tolleration,toleration
toucheth,touches
towch,touch
towne,town
toyled,toiled
toyling,toiling
traitour,traitor
Trannslation,Translation
trayters,traitors
treasur'd,treasured
trifeling,trifling
trompets,trumpets
tryall,trial
ty'd,tied
tymes,times
uglines,ugliness
unbelif,unbelief
unchearefulnesse,uncheerfulness
uncheerefulnesse,uncheerfulness
uncleane,unclean
Unctione,Unction
undefil'd,undefiled
universale,universal
unlawfulnesse,unlawfulness
unles,unless
unseemely,unseemly
unskilfull,unskillful
unskilfulness,unskillfullness
unskillfullness,unskillfulness
unsuitablenesse,unsuitableness
unsutableness,unsuitableness
unthankfulnes,unthankfulness
utterlie,utterly
vacuitie,vacuity
vailed,veiled
vaineglory,vain-glory
vapours,vapors
Vdall,Udall
vegeance,vengeance
veiw,view
veniall,venial
Vicaredges,Vicarages
vineyarde,vineyard
virgine,virgin
virgines,virgins
virtuall,virtual
vivifie,vivify
vncertainely,uncertainly
vncertainties,uncertainties
vncleanes,cleanliness
vndeniable,undeniable
vndergo,undergo
vndergoing,undergoing
vnderstod,understood
vndiscreet,indiscreet
vndiscreete,indiscreet
vndiuided,undivided
vndoe,undo
vndone,undone
vnestimable,inestimable
vnfaignedly,unfeignedly
vngrounded,ungrounded
vnhonestly,dishonestly
vnhouse,unhouse
vnhurt,unhurt
Vnicorne,Unicorn
vniformely,uniformly
vniuersal,universal
vnlimited,unlimited
vnmerciful,unmerciful
vnmercifull,unmerciful
vnnoble,unnoble
vnrighteous,unrighteous
vnseperable,inseparable
vnserchable,unsearchable
vnsetled,unsettled
vnsetling,unsettling
vnsociable,unsociable
vnsought,unsought
vnspottednesse,unspottedness
vnsufficiently,insufficiently
vnsupported,unsupported
vnsyncere,insincere
vnthankfulnesse,unthankfulness
vntho,unto
vnthriftinesse,unthriftiness
vntied,untied
Vntimely,Untimely
vntormented,untormented
vntowardlines,untowardliness
vntowardlinesse,untowardliness
vntruthe,untruth
vnturned,unturned
vnusual,unusual
vnusuall,unusual
vnviolated,unviolated
vnweldy,unwieldy
vnwholesome,unwholesome
vnwillinglie,unwillingly
vnwisedome,unwisdom
vnworthely,unworthy
vnworthilie,unworthily
vnworthilye,unworthily
vnworthynesse,unworthiness
voidenesse,voidness
vpbraided,upbraided
Vpbraiders,Upbraiders
vpbrayding,upbraiding
vpholdder,upholder
vprore,uproar
vpshotte,upshot
vsuall,usual
walles,walls
warmnesse,warmness
washeth,washes
watch'd,watched
watche,watch
water-tite,watertight
wearisomnes,wearisomeness
Wednesdaies,Wednesdays
wee,we
whereoff,whereof
wherinto,whereinto
wheron,whereon
whervvith,wherewith
whiche,which
whirlwinde,whirlwind
wickenesse,wickedness
wrongfullly,wrongfully
wryteth,writeth
wurde,word
wyddowe,widow
wylfull,willful
wyping,wiping
wyshed,wished
wyttes,wits
wyttyngly,wittingly
Wyves,Wives
yit,yet
yoakes,yokes
yrksome,irksome
Zuingulius,Zwingli
Zwingl,Zwingli
Abassia,Abyssinia
abouesaid,abovesaid
accordyng,according
acount,account
affayres,affairs
Affricanes,Africans
alleaged,alledged
alledgeth,alleges
almightie,almighty
Almightinesse,Almightiness
alost,aloft
anthonie,Anthony
apeare,appear
apeares,appears
Applicatiō,Application
applyable,appliable
asseuerations,asseverations
assoyling,assoiling
Astronomie,Astronomy
asure,assure
augustines,Augustine's
bandyed,bandied
beggerie,beggary
behovefull,behooveful
bereav'd,bereaved
besore,before
blessyng,blessing
blindes,blinds
bloudshedding,bloodshedding
boly,bodily
bottells,bottles
brew'd,brewed
buffit,buffet
buyes,buys
callinge,calling
cato,Cato
chears,cheers
choysest,choicest
christopher,Christopher
chyrche,church
chyrurgian,chirurgeon
Cittye,City
clense,cleanse
Cleopatras,Cleopatra's
Coelestial,Celestial
colour,color
compriseth,comprises
comprizeth,compriseth
conceaving,conceiving
conclusiue,conclusive
condempne,condemn
contriue,contrive
conuayed,conveyed
crieth,cries
cropt,cropped
darkeness,darkness
deafned,deafened
deceipt,deceit
deiection,dejection
deliveriug,delivering
destructiue,destructive
desyre,desire
devoures,devours
dieng,dying
dignifie,dignify
disgrade,degrade
Dissentions,Dissensions
doyngs,doings
draweth,draws
driues,drives
Drunknesse,Drunkenness
dryes,dries
dryncke,drink
dumbe,dumb
durtily,dirtily
ebrew,Hebrew
edifiyng,edifying
efficiencie,efficiency
Eliahs,Elijah's
emboldned,emboldened
emnitie,enmity
enterprizes,enterprises
erroures,errors
evell,evil
ev'ry,every
exactlie,exactly
exotick,exotic
Faires,Fairs
Feavers,Fevers
feedyng,feeding
felonie,felony
felowship,fellowship
findes,finds
fordidnesse,sordidness
foreknowne,foreknown
forewarde,forward
forewarn'd,forewarned
forewarne,forewarn
forfaite,forfeit
forraigne,foreign
Fortresse,Fortress
fruyte,fruit
fullfill,fulfill
fullye,fully
Fundamentall,Fundamental
Gadarens,Gadarenes
gangreen,gangrene
gloriouse,glorious
grieuance,grievance
guyde,guide
haynousnesse,heinousness
hearkneth,hearkeneth
heerevpon,hereupon
heynous,heinous
highe,high
hindred,hindered
hoast,host
holilie,holily
hononr,honor
honorible,honorable
honoroble,honorable
houres,hours
hungrie,hungry
Iehorams,Jehoram's
iesvs,Jesus
Iewell,Jewel
impedimentes,impediments
imply'd,implied
inables,enables
infinitenesse,infiniteness
inioyeth,enjoyeth
inuocating,invocating
ionadab,Jonadab
Ishai,Jesse
Iulianus,Julianus
Jonathans,Jonathan's
lampe,lamp
largelie,largely
Lievtenant,Lieutenant
lipps,lips
Lyturgy,Liturgy
Maiesty,Majesty
martyrologie,martyrology
maruailed,marvelled
Maryes,Mary's
masterie,mastery
masterlesse,masterless
match'd,matched
matcht,matched
materiall,material
Mathews,Matthews
maturitie,maturity
maydseruant,maidservant
Maymonides,Maimonides
Mechanicks,Mechanics
Mediater,Mediator
medle,meddle
meekely,meekly
Melchizedech,Melchizedek
mindefull,mindful
miscariage,miscarriage
mispent,misspent
moleste,molest
moneth,month
morter,mortar
mortifie,mortify
moueable,movable
muchlesse,much less
multiplicitie,multiplicity
mustring,mustering
navell,navel
nedeful,needful
needie,needy
neigbors,neighbors
nevv,new
nighte,night
noveltie,novelty
occurr,occur
paine,pain
parentall,parental
Parrat,Parrot
pavillion,pavilion
peale,peal
peales,peals
pelagianisme,Pelagianism
Pharifees,Pharisees
Pilat,Pilate
platt,plat
plyed,plied
Polycarpe,Polycarp
preiudicated,prejudicated
preserues,preserves
prestes,priests
Privey,Privy
Privie,Privy
pronenes,proneness
prouide,provide
prsent,present
prudentlie,prudently
quell'd,quelled
ransake,ransack
rayne,rain
rejoyce,rejoice
reneweth,renews
reporte,report
rheumaticke,rheumatic
roare,roar
ryghtuousnes,righteousness
Sacriledg,Sacrilege
samenesse,sameness
search'd,searched
seauen,seven
senselesnesse,senselessness
seueral,several
Sherlocke,Sherlock
shipwracks,shipwrecks
Silkeman,Silkman
sincke,sink
sleeue,sleeve
slumbred,slumbered
sodeinly,suddenly
souldiour,soldier
Souldiours,Soldiers
spyes,spies
stiffely,stiffly
stirrops,stirrups
streighten,straighten
streightens,straightens
styrred,stirred
subtilty,subtlety
subtletie,subtlety
sume,sum
summ,sum
sweard,sword
tabrets,tabarets
tir'd,tired
to morrow,tomorrow
toade,toad
transitorie,transitory
travailers,travelers
trewthe,truth
tully,Tully
turnd,turned
uncivill,uncivil
uncloathed,unclothed
unconcern'd,unconcerned
unlesse,unless
vestrie,vestry
vncertainety,uncertainty
vncommended,uncommended
vngodlines,ungodliness
vntrimmed,untrimmed
vnvalued,unvalued
vnwarrantably,unwarrantably
vnwillingnesse,unwillingness
vnwrytten,unwritten
vre,ure
vsing,using
vtteraunce,utterance
vuicked,wicked
waite,wait
webbe,web
wheresover,wheresoever
willing'y,willingly
winne,win
wip'd,wiped
with-holden,withholden
woofe,woof
woordes,words
woulde,would
wrackt,wracked
wyllyngly,willingly
a grees,agrees
Aaronicall,Aaronical
Abbayes,Abbeys
abels,Abel's
Aben,Ibn
Aberdene,Aberdeen
abhorrs,abhors
abiectnesse,abjectness
Abigails,Abigail's
Abigal,Abigail
abilityes,abilities
abillitie,ability
Abimeleck,Abimelech
abiure,abjure
abiured,abjured
Abiurer,Abjurer
abjur'd,abjured
ablatione,ablation
ablenesse,ableness
abounde,abound
abovethem,above them
abowt,about
Abrabam,Abraham
abraha,Abraham
abraham,Abraham
Abrigement,Abridgement
Abrogatione,Abrogation
absalom,Absalom
Absaloms,Absalom's
Abshalom,Absalom
absolon,Absalom
absoluer,absolver
absolueth,absolves
absolveing,absolving
abstaine,abstain
abstayned,abstained
abstayning,abstaining
absteyne,abstain
absurdety,absurdity
absurdnes,absurdness
abundaunce,abundance
abusiuely,abusively
abversaries,adversaries
Academicke,Academic
acccepted,accepted
acceptaunce,acceptance
Accessarie,Accessory
accessary,accessory
accesse,access
accompanyes,accompanies
accomplish'd,accomplished
Accomptants,Accountants
accompteth,accounteth
accounteth,accounts
Achanisme,Achanism
acknowledge'd,acknowledged
acknowlege,acknowledge
acknowlegeth,acknowledgeth
acoluth,acolyte
acounted,accounted
acquaintaunce,acquaintance
acquantance,acquaintance
acquir'd,acquired
acquisitione,acquisition
acquited,aquitted
acrosse,across
actioun,action
addresse,address
addyng,adding
aded,added
Adiaphorisme,Adiaphorism
adiew,adieu
adioined,adjoined
adiudged,adjudged
adiuncts,adjuncts
adiuvant,adjuvant
adjointh,adjoineth
adjournes,adjourns
adjoyneth,adjoineth
adjudg'd,adjudged
administrante,administrant
admittes,admits
admonish'd,admonished
admonishe,admonish
admonishion,admonition
admonisht,admonished
adoe,ado
adoni,Adoni
adoniah,Adonijah
adonias,Adonias
‎adonibezek,Adonibezek
aduantages,advantages
aduauncement,advancement
aduaunceth,advanceth
aduenge,avenge
Aduentuall,Adventual
aduenture,adventure
aduenturers,adventurers
aduentures,adventures
Aduerbe,Adverb
aduers,adverse
aduersarye,adversary
aduersatiue,adversative
aduersity,adversity
aduertise,advertise
aduertised,advertised
aduice,advice
adulterie,adultery
adulteries,adulteries
adultry,adultery
adversarie,adversary
advertisment,advertisement
advis'd,advised
adviseable,advisable
Aegipt,Egypt
Aegypte,Egypt
aequal,equal
aequall,equal
aequity,equity
aequivocation,equivocation
Aesops,Aesop's
aestimation,estimation
aeternally,eternally
aeternitie,aeternity
Aethiopia,Ethiopia
Aethiopians,Ethiopians
Aethiopick,Ethiopic
affabilitie,affability
affaires,affairs
affirmyng,affirming
afflicters,afflictors
affoard,afford
afinity,affinity
aflicted,afflicted
aforesayd,aforesaid
aforesayde,aforesaid
afrayd,afraid
afrer,after
aftewards,afterwards
agag,Agag
agane,again
aganis,against
aganst,against
agein,again
ageynst,against
agree,agree
agreeable,agreeable
agur,Agur
ahabs,Ahab's
ahimaz,Ahimaz
aholiab,Aholiab
Ahraham,Abraham
aimes,aims
Ainsworths,Ainsworth's
aires,airs
akes,aches
al,all
alacritie,alacrity
alarm'd,alarmed
Alchimists,Alchemists
Alchoran,Quran
Alexandr,Alexander
Alfrede,Alfred
Alfreds,Alfred's
aliants,aliens
alienateth,alienates
alitle,a little
alittle,a little
alknowing,all-knowing
allaid,allayed
Allarm,Alarm
allayes,allays
alleadged,alleged
alleaging,alleging
alledges,alleges
alledging,alleging
alledgyng,alleging
allegorie,allegory
allegoryes,allegories
allmost,almost
alloweth,allows
allsearching,all-searching
allwaies,always
Almesmen,Almsmen
alonelie,alonely
aloofe,aloof
Alpes,Alps
alphabeticall,alphabetical
alreadie,already
alreadye,already
alredye,already
altare,altar
altares,altars
alter'd,altered
alternall,alternal
althowghe,although
altogeather,altogether
alvvayes,always
alwais,always
amasement,amazement
ambrosius,Ambrosius
amendes,amends
ammon,Ammon
Ammorites,Amorites
amplie,amply
amplifie,amplify
amplye,amply
amplyfied,amplified
Amyraldus,Amyraut
Anabaptistes,Anabaptists
Anabaptisticall,Anabaptistical
Anallysis,Analysis
analogicall,analogical
ananias,Ananias
Anarchie,Anarchy
ancientnesse,ancientness
andromacha,Andromacha
anewe,anew
angelifie,angelify
angell,angel
angring,angering
angrye,angry
anguishe,anguish
Angustin,Augustine
anihilation,annihilation
anna,Anna
Annah,Anna
annanias,Ananias
anne,Ann
annihillate,annihilate
Annise,Anise
anniuersary,anniversary
anniversarie,anniversary
annointing,anointing
annointment,annointment
annoynt,annoint
annoynting,anointing
annualls,annuals
annuitie,annuity
annull,annul
anointeth,annointeth
anothers,another's
anothet,another
anough,enough
anoy,annoy
anoynted,anointed
anoynting,anointing
ansatisfied,unsatisfied
anselmus,Anselm
answer'd,answered
anthropopathie,anthropopathy
Antichriste,Antichrist
Antidots,Antidotes
antiently,anciently
antiochus,Antiochus
antiquitie,antiquity
anvill,anvil
anxietie,anxiety
anye,any
aparent,apparent
apoc,Apocalypse
Apocalipse,Apocalypse
apocalyps,apocalypse
Apochryphal,Apocryphal
apocriphal,apocryphal
apologie,apology
apostat,apostate
Apostataes,Apostates
apostels,apostles
apostolicall,apostolical
apoynted,appointed
apparant,apparent
apparante,apparent
apparrel,apparel
appeales,appeals
appear'd,appeared
appearethe,appeareth
appertaine,appertain
appertayne,appertain
appertayning,appertaining
apperteine,appertain
Apple-trees,Apple trees
Appostles,Apostles
apprehensiue,apprehensive
apprentise,apprentice
apprentises,apprentices
Apprentiship,Apprenticeship
approach'd,approached
approacht,approached
approching,approaching
approuall,approval
approued,approved
approueth,approves
apside,upside
aptlye,aptly
aptnes,aptness
arachite,Arachite
aray,array
arbitreinent,arbitrament
Archbishopricks,Archbishoprics
archbyshop,archbishop
archebysshopp,archbishop
Archedeacons,Archdeacons
archiepiscopall,archepiscopal
arested,arrested
Argiues,Argives
argumentes,arguments
ARGVMENT,ARGUMENT
armd,armed
arm'd,armed
armefuls,armfuls
armours,armors
arraied,arrayed
arraigne,arraign
arrowes,arrows
artifically,artificially
artificiall,artificial
artillerie,artillery
Artizan,Artisan
artlesse,artless
ascalon,Ascalon
ascention,ascension
asistance,assistance
ask'd,asked
aske,ask
askes,asks
askt,asked
ask't,asked
askyng,asking
asleepe,asleep
asmuch,as much
asmuche,asmuch
aspe,asp
assaied,assayed
Assassines,Assassins
assaulte,assault
assaylants,assailants
assayled,assailed
asshes,ashes
assiduitie,assiduity
assimulate,assimilate
assimulated,assimilated
assinitie,affinity
Assises,Assizes
assisteth,assists
assone,as soon
assoone,as soon
assoyled,assoiled
assuredlye,assuredly
asswages,assuages
astonish'd,astonished
astrologian,astrologer
Astrologie,Astrology
aswell,as well
atchieve,achieve
Atheistick,Atheistic
at's,at his
attaineable,attainable
attayne,attain
atteine,attain
attemted,attempted
attemts,attempts
attendes,attends
attentiue,attentive
attone,atone
attyre,attire
Auabaptists,Anabaptists
auailable,available
aucthority,authority
auctoritate,authoritate
auctoritye,authority
aud,and
audaciousnesse,audaciousness
audite,audit
Audites,Audits
auditours,auditors
auenger,avenger
auerring,averring
auert,avert
aulters,altars
auncestors,ancestors
aungelles,angels
aungels,angels
aunsweared,answered
aunswere,answer
auntient,ancient
auoideth,avoids
auoiding,avoiding
auoydyng,avoiding
Austen,Agustine
autenticall,authentical
authentical,authentic
authoriz'd,authorized
authoure,author
autorite,authority
autoritie,authority
averr,aver
avoyded,avoided
aw,awe
awak'd,awaked
awakning,awakening
awne,own
axiomes,axioms
ayle,ail
aym,aim
ayres,airs
Baalam,Balaam
baalim,Baalim
Baashah,Baasha
Babylone,Babylon
babylons,Babylon's
backd,backed
backedore,backdoor
backsliden,backslidden
backwardnes,backwardness
badd,bad
Badg,Badge
badnes,badness
badst,badest
bagages,baggage
bagg,bag
bagg'd,bagged
baggs,bags
bahauiour,behavior
Bailiffes,Bailiffs
Baily,Bailey
bak,back
Balaams,Balaam's
Balacks,Balak’s
Balaks,Balak’s
Balam,Balaam
Balams,Balaam's
baldnes,baldness
baldnesse,baldness
Balme,Balm
balmes,balms
Balsome,Balsam
bandes,bands
banisht,banished
banke,bank
banquetting,banqueting
banyshed,banished
baptismes,baptisms
Baptiste,Baptist
baptiz'd,baptized
Barbarisme,Barbarism
basenes,baseness
battaile,battle
battails,battles
Batte,Bat
battel,battle
battelement,battlement
battells,battles
Bayliffes,Bailiffs
bayted,baited
bayting,baiting
bayts,baits
beakes,beaks
beame,beam
-beames,beams
beardlesse,beardless
bearyng,bearing
beastiall,bestial
beate,beat
beatifie,beatify
becase,because
becaus,because
becom,become
beeings,beings
beest,art
befoole,befool
begge,beg
begger,beggar
beggers,beggars
beggerye,beggary
begges,begs
beginninge,beginning
beginnyng,beginning
begot̄,begotten
begyn,begin
Behal,Belial
behalfe,behalf
beholdyng,beholding
behoveful,behooveful
behoves,behooves
behoveth,behooveth
beleeu,believe
beleeuer,believer
beleives,believes
belieuing,believing
believ'd,believed
believeing,believing
bellarm,Bellarmine
bellious,rebellious
bellye,belly
beloued,beloved
Belshazar,Belshazzar
Belshazzars,Belshazzar's
belyeth,belieth
bemoane,bemoan
benefactour,benefactor
Beniamin,Benjamin
Beniamins,Benjamin's
bente,bent
benumbes,benumbs
benummeth,benumbeth
Beraeans,Bereans
berall,befall
berbes,herbs
bereaueth,bereaveth
bereuenged,be revenged
Bernarde,Bernard
besech,beseech
beseech,beseech
beseeche,beseech
beseeme,beseem
besent,be sent
besids,besides
besiedged,besieged
bespottednesse,bespottedness
besprinckle,besprinkle
besyde,beside
Bethanie,Bethany
bethinkes,bethinks
Bethlemites,Bethlehemites
betooke,betook
betraid,betrayed
betray'd,betrayed
betvveene,between
between,between
betweene,between
bewail'd,bewailed
‎bewayle,bewail
bewildrings,bewilderings
bewitch'd,bewitched
bewitcheth,bewitches
bewixt,betwixt
bewraied,bewrayed
bhinde,behind
bidde,bid
biddes,bids
biddeth,bids
biddyng,bidding
bigamie,bigamy
bil,bill
billes,bills
bishoppes,bishops
bitinges,bitings
bitrer,bitter
bitternesse,bitterness
blamelesse,blameless
blancke,blank
blankes,blanks
blaspemous,blasphemous
blaspemy,blasphemy
blaspheme'd,blasphemed
blasphemiae,blasphemy
blasphemyes,blasphemies
blasphening,blaspheming
bleede,bleed
bleedes,bleeds
bless'd,blessed
blissfull,blissful
blisterd,blistered
blockishnes,blockishness
blowne,blown
blurr'd,blurred
blyndenesse,blindness
bodye,body
bodyes,bodies
bodyly,bodily
boldenesse,boldness
boldnesse,boldness
Bonauenture,Bonaventure
bonde,bond
bondes,bonds
bonefire,bonfire
boothe,booth
bootlesse,bootless
borne,born
borowes,borrows
borrow'd,borrowed
bosome,bosom
bottomeless,bottomless
bounde,bound
bounderies,boundaries
bountious,bounteous
BOVND,BOUND
Bownde,Bownd
boyl,boil
boyleth,boileth
braine,brain
brasse,brass
braueries,braveries
braule,brawl
breache,breach
breadengod,breaden-god
breakynge,breaking
breedes,breeds
brethen,brethren
brethern,brethren
Briberie,Bribery
Bridg,Bridge
bridgrome,bridgegroom
briefely,briefly
Britaines,Britain's
Britans,Britons
Brittish,British
Britton,Briton
broacht,broached
broadnesse,broadness
bruse,bruise
brutifie,brutify
Bruxels,Brussels
brybes,bribes
brydle,bridle
buddes,buds
budds,buds
bugges,bugs
buiers,buyers
buisiness,business
bulke,bulk
Bullen,Boleyn
bulwarck'd,bulwarked
burdensom,burdensome
burneth,burns
burnte,burnt
burres,burrs
buryall,burial
Bushnel,Bushnell
Busibody,Busybody
busie,busy
butterflie,butterfly
Buttresse,Buttress
byasse,bias
Byble,Bible
caiaphas,Caiaphas
Caines,Cain's
caitife,caitiff
calefie,calefy
caleth,calleth
calfes,calves
callinges,callings
callumnies,calumnies
callyng,calling
Caluinistes,Calvinists
caluins,Calvin's
calumnie,calumny
Calvine,Calvin
cammand,command
cam'st,camest
cana,Cana
cancell,cancel
Candal,Kandel
Canterburie,Canterbury
capacitie,capacity
Capellus,Cappel
capernaum,Capernaum
Cappe,Cap
cappes,caps
Captaines,Captains
carelesselie,carelessly
carkases,carcases
carkasses,carcasses
carke,cark
castawayes,castaways
categoricall,categorical
Catholique,Catholic
Catholiques,Catholics
causless,causeless
Cavaleers,Cavaliers
cavell,cavil
Cecill,Cecil
celeritie,celerity
certainelie,certainly
Certainely,Certainly
certayn,certain
chaine,chain
chaire,chair
chaires,chairs
chaldie,Chaldee
Chaldy,Chaldee
challenge'd,challenged
challengeth,challenges
Chancellours,Chancellors
chanell,channel
change'd,changed
Chapell,Chapel
chapiter,chapter
charg,charge
chargeablenesse,chargeableness
chargeth,charges
charm'd,charmed
charret,chariot
chast,chaste
chastice,chastise
chastned,chastened
chastneth,chasteneth
Chattells,Chattels
chaunges,changes
cheapnesse,cheapness
chearfullnesse,cheerfulness
chearfulnesse,cheerfulness
checke,check
cheer'd,cheered
cheerefullie,cheerfully
cheerefulnes,cheerfulness
cheeres,cheers
cheerfull,cheerful
cheife,chief
cherishe,cherish
cherisheth,cherishes
cherisht,cherished
chieflye,chiefly
childelesse,childless
childer,children
childishe,childish
childlesse,childless
Chimist,Chemist
Chirch,Church
Chirurgions,Surgeons
Chist,Christ
Chists,Christ's
choak,choke
chosing,choosing
Christen,Christian
Christianes,Christians
christ's,Christ's
chrys,chrys
Chrysm,Chrism
chrysostom,Chrysostom
Chrystall,Crystal
Chryste,Christ
Churche,Church
churchyarde,churchyard
chused,chose
chylde,child
circumsion,circumcision
ciuile,civil
ciuility,civility
Civilitie,Civility
claimes,claims
clambring,clambering
clarifie,clarify
claym,claim
claymed,claimed
clayming,claiming
cleanenesse,cleanness
cleanlinesse,cleanliness
cleannes,cleanness
cleans'd,cleansed
cleanth,cleaneth
clearenesse,clearness
cleaue,cleave
cleaued,cleaved
cleered,cleared
cleerer,clearer
cleering,clearing
clergye,clergy
cloddes,clods
clogge,clog
clowds,clouds
cloysted,cloistered
coard,cord
coards,cords
Cobler,Cobbler
cocke,cock
coeternall,coeternal
coldnesse,coldness
collegues,colleagues
coller,collar
collick,colic
Collonell,Colonel
colloquie,colloquy
comelines,comeliness
comelinesse,comeliness
Comentary,Commentary
comest,come
comestoward,comes toward
comfortablenesse,comfortableness
comfortablie,comfortably
‎comforte,comfort
comfortes,comforts
comfortt,comfort
comicall,comical
Commande,Command
commandemeant,commandment
commandements,commandments
commaund,command
commaundements,commandments
commaunds,commands
commaundyng,commanding
commings,comings
Commissarie,Commissary
commvnion,communion
cōmons,commons
companie,company
comparatiue,comparative
comparats,comparates
compeare,compear
compel'd,compelled
complain'd,complained
complayning,complaing
compleated,completed
compleatness,completeness
compleatnesse,completeness
compleats,completes
complet,complete
complyed,complied
compriz'd,comprised
conceateth,conceiteth
conceipt,conceit
concludeth,concludes
concupisence,concupiscence
conferd,conferred
confess'd,confessed
confesse,confess
confessour,confessor
confest,confessed
confin'd,confined
confirmes,confirms
conforte,comfort
confydence,confidence
confyrmed,confirmed
conioyned,conjoined
coniugats,conjugates
coniunctions,conjunctions
coniurer,conjurer
coniuring,conjuring
conjoyn,conjoin
conjoynes,conjoins
conquer'd,conquered
Conquerour,Conqueror
consanguinitie,consanguinity
consectarie,consequence
consenteth,consents
consequentiall,consequential
consequentlie,consequently
conserue,conserve
consid,consider
considere,consider
consirmed,confirmed
consitruing,construing
constancie,constancy
constrayne,constrain
contayning,containing
conteine,contain
conteyneth,containeth
continencie,continency
continewe,continue
contriveing,contriving
control'd,controlled
controversall,controversial
controversie,controversy
controversiis,controversies
contynuall,continual
contynue,continue
conueniencie,conveniency
conuersed,conversed
conuerted,converted
conuerting,converting
conuerts,converts
conueyances,conveyances
conuict,convict
conuicteth,convicteth
conuocation,convocation
conuocations,convocations
convayed,conveyed
convenant,covenant
conven'd,convened
convinceth,convinces
Cooke,Cook
Cookes,Cooks
cool'd,cooled
coozenage,cozenage
copassion,compassion
Cornhil,Cornhill
corporallie,corporally
correcte,correct
Correctour,Corrector
corrupte,corrupt
Cosbi,Cozbi
cosen,cozen
cosenage,cozenage
costlinesse,costliness
Couentrie,Coventry
couer,cover
couers,covers
Coueteousnesse,Covetousness
coulde,could
couldst,could
could'st,couldest
Councellers,Counselors
Councellors,Counselors
counsaile,counsel
counsailed,counseled
counsayle,counsel
Counseller,Counselor
Counsils,Councils
counteruaile,countervail
countervayle,countervail
countrys,countries
coustome,custom
coutinually,continually
couzen,cozen
covenient,convenient
coyne,coin
coynes,coins
cozen'd,cozened
cozin,cousin
Crab-tree,Crab tree
crack'd,cracked
cracke,crack
crackit,cracked
crasse,crass
craues,craves
crawle,crawl
crazie,crazy
creatour,creator
creatoure,creature
creats,creates
creditour,creditor
creditur,creditor
creepes,creeps
creeples,cripples
cretures,creatures
criminall,criminal
critick,critic
Critickes,Critics
Croftons,Crofton's
crooke,crook
crosness,crossness
crost,crossed
crovvn,crown
crucisied,crucified
cruditie,crudity
crudled,curdled
crueltie,cruelty
crueltye,cruelty
crusht,crushed
cruze,cruse
cry'd,cried
Culpeper,Culpepper
culter,coulter
cùm,come
Cummin,Cumin
cunninglie,cunningly
cunnyng,cunning
cuppes,cups
curb'd,curbed
curbes,curbs
cur'd,cured
currentes,currents
curtaine,curtain
curtaines,curtains
curteous,courteous
curtesie,courtesy
Customarinesse,Customariness
cuting,cutting
cyteth,citeth
cytie,city
dai,day
daie,day
dailie,daily
daintinesse,daintiness
dallie,dally
Damascen,Damascene
damascus,Damascus
dartes,darts
daunce,dance
daunsing,dancing
Davids,David's
david's,David's
dawbe,daub
dawbers,daubers
dayely,daily
dazelleth,dazzleth
dazle,dazzle
dazling,dazzling
deades,deeds
Deanary,Deanery
deawes,dews
debarr,debar
debarre,debar
debir,Debir
deborah,Deborah
decaie,decay
decaieth,decayeth
deceaue,deceive
deceaving,deceiving
deceiuable,deceivable
deceiv,deceive
declaime,declaim
declarynge,declaring
decret,decree
dectee,decree
deeme,deem
deepelie,deeply
defac'd,defaced
defende,defend
deficiencie,deficiency
defil'd,defiled
delightsomenesse,delightsomeness
deliuerer,deliverer
delyuerance,deliverance
demaund,demand
demaunder,demander
demaundes,demands
demeane,demean
demnation,damnation
demonstratiue,demonstrative
deneying,denying
denmarke,Denmark
dennes,dens
denouce,denounce
denyinge,denying
dependancie,dependence
deprauation,depravation
depraued,depraved
depriuing,depriving
deriuation,derivation
desarts,deserts
desciding,deciding
deserueth,deserves
deserv'd,deserved
desiled,defiled
desir'd,desired
despightfull,despiteful
despightfully,despitefully
despis'd,despised
destin'd,destined
destroieth,destroyeth
desyred,desired
detaine,detain
deteine,detain
deterringes,deterrings
deuice,device
deuide,divide
deuiding,dividing
deuillish,devilish
deuine,divine
deuised,devised
deuisions,devisions
deuoureth,devoureth
deuout,devout
deuteronomie,Deuteronomy
deuyl,devil
deuyll,devil
deuyls,devils
deuyne,divine
devided,divided
Devill,Devil
devillish,devilish
devills,devils
dewe,dew
diall,dial
dialog,dialogue
DIALOGVE,DIALOGUE
difcerne,discern
diffame,defame
differ'd,differed
differre,differ
differreth,differeth
diffus'd,diffused
diligentlye,diligently
diminisheth,diminishes
directeth,directs
disaduantage,disadvantage
disadvantagious,disadvantageous
disagreable,disagreeable
disappoynt,disappoint
disciplyne,discipline
disclaime,disclaim
discommoditie,discommodity
discours,discourse
discours'd,discoursed
discourse'd,discoursed
discourtesie,discourtesy
DISCOVRSE,DISCOURSE
discription,description
disdaine,distain
disdainfull,disdainful
Diseiples,Disciples
diserne,discern
disguis'd,disguised
disheartning,disheartening
dishonoure,dishonor
dishonoured,dishonored
disingaged,disengaged
disioyned,disjoined
dismall,dismal
disobed,disobeyed
disorder'd,disordered
disown'd,disowned
dispairing,despairing
disparagment,disparagement
disparitie,disparity
disperst,dispersed
displayes,displays
dispos'd,disposed
disposessed,dispossessed
dispoyled,despoiled
dispraysed,dispraised
disproued,disproved
Disput,Dispute
dissollution,dissolution
dissoluing,dissolving
Disswader,Dissuader
disswadeth,dissuades
Disswasive,Dissuasive
distastful,distasteful
distastfull,distasteful
distemper'd,distempered
distill'd,distilled
distinctlie,distinctly
distinguish'd,distinguished
distinguisht,distinguished
distraine,distrain
distributiue,distributive
diswaded,disuaded
diuel,devil
diuelish,devilish
diuelishe,devilish
diuell,devil
diuellish,devilish
diuerse,diverse
diuerslie,diversely
diuersly,diversely
diuination,divination
diuinity,divinity
diuorced,divorced
diuorcement,divorcement
diuorces,divorces
doating,doting
docke,dock
Doctores,Doctors
doctrinall,doctrinal
doeg,Doeg
dogg,dog
dogge,dog
doith,doth
dolefull,doleful
dombe,dumb
dominere,domineer
Dominicke,Dominic
dooinges,doings
doome,doom
dooyng,doing
dore,door
dores,doors
dosen,dozen
doste,dost
do't,do it
doth,does
dothe,doth
doutlesse,doubtless
douzen,dozen
dovbtfvlnes,doubtfulness
doynge,doing
Dragō,Dragon
dramme,dram
dranke,drank
dreade,dread
drinesse,dryness
drinkynge,drinking
dronke,drunk
dronkennesse,drunkenness
droonkard,drunkard
droope,droop
dropp'd,dropped
droppes,drops
drosse,dross
drossie,drossy
drouping,drooping
drunkennesse,drunkenness
drye,dry
dulnes,dullness
dutch,Dutch
Dutchesse,Duchess
Dutchy,Duchy
dutys,duties
dwel,dwell
dyddest,didst
Dynastyes,Dynasties
dyuerse,diverse
eare,ear
earings,earrings
earnostly,earnestly
earst,erst
earthlie,earthly
earthlye,earthly
Earth-quakes,Earthquakes
easelesse,easeless
easie,easy
easinesse,easiness
ebbe,ebb
ecclesiasticall,ecclesiastical
Ecclestastical,Ecclesiastical
ecclips'd,ecclipsed
ecclipsed,eclipsed
Ecclipses,Eclipses
Edoms,Edom's
effectualy,effectually
efter,after
Electorall,Electoral
Electours,Electors
Elies,Eli's
elohim,Elohim
Ely,Eli
embalme,embalm
emboldneth,emboldeneth
embraceth,embraces
embroydring,embroidering
emnity,enmity
empaire,impair
empaired,impaired
Emperiall,Imperial
employ'd,employed
emptines,emptiness
Encline,Incline
encourageth,encourages
endanger'd,endangered
ende,end
endeare,endear
endeauors,endeavors
endeavoureth,endeavoreth
endebted,indebted
endeuor,endeavor
endeuors,endeavors
endeuouring,endeavoring
enditement,indictment
endlesly,endlessly
enduce,induce
endur'd,endured
endyng,ending
enemles,enemies
enemye,enemy
enemyes,enemies
energiae,energy
energie,energy
enerlasting,eternal
Englishe,English
enimy,enemy
enioie,enjoy
enioyment,enjoyment
enioyneth,enjoineth
enlightned,enlightened
enlightneth,enlighteneth
enquire,inquire
Enquirers,Inquirers
enrich'd,enriched
enricht,enriched
ensigne,ensign
enstructed,instructed
ensuyng,ensuing
entendeth,intendeth
entent,intent
enter'd,entered
enterfeireth,interfereth
enterlude,interlude
enterprizing,enterprising
entertain'd,entertained
entreate,entreat
entreateth,entreat
entreth,entereth
entrie,entry
eomfort,comfort
eonfidence,confidence
eph,Ephesians
ephe,Ephesians
ephes,Ephesians
Epicurisme,Epicureanism
Epidemicall,Epidemical
equallie,equally
equalls,equals
equitie,equity
equiuocation,equivocation
equiuocations,equivocations
Erbury,Erbery
ernestly,earnestly
erregularities,irregularities
errours,errors
espyed,espied
esteemes,esteems
estraunged,estranged
Ethelwold,Aethelwold
Eua,Eve
euaded,evaded
Euangel,Evangel
Euangelically,Evangelically
euasion,evasion
eucharist,Eucharist
euerliuing,everliving
euermore,evermore
eueruating,enervating
euidente,evident
Euilmerodach,Evil-merodach
euilnes,evilness
eustochius,Eustochius
Eutichians,Eutychians
eutyches,Eutyches
euydent,evident
everlastinge,everlasting
everlastingnesse,everlastingness
every bodies,everybody's
exactnes,exactness
exactnesse,exactness
excelleneies,excellencies
excelltncy,excellency
excepteth,excepts
excessiuely,excessively
exchang,exchange
Exchequour,Exchequer
exclaimes,exclaims
exclaymeth,exclaimeth
excludeth,excludes
Exegeticall,Exegetical
exellencie,excellency
exemple,example
exequution,execution
exercices,exercises
exercis'd,exercised
exigences,exigencies
exil'd,exiled
exorcisme,exorcism
expells,expels
experienc'd,experienced
expir'd,expired
explain'd,explained
Expositers,Expositors
expositiones,expositions
expreslie,expressly
expressedlie,expressly
expressely,expressly
expressien,expression
exprest,expressed
extemporall,extemporal
extensivenesse,extensiveness
exteriour,exterior
extreame,extreme
extremitie,extremity
Extrinsecal,Extrinsical
extrinsecall,extrinsical
Ezeck,Ezekiel
ezekiel,Ezekiel
facte,fact
faigne,fain
faithe,faith
faithlesse,faithless
fallyng,falling
falselye,falsely
falsenes,falseness
falshod,falsehood
falshoode,falsehood
falsifie,falsify
falsnesse,falseness
familie,family
familier,familiar
famouse,famous
farspent,far spent
fashyon,fashion
fastes,fasts
fastinges,fastings
father'd,fathered
Fatherles,Fatherless
fatherlesse,fatherless
fatnesse,fatness
fatte,fat
faull,fall
faulters,faulters
faultes,faults
faultinesse,faultiness
fauorites,favorites
fauors,favors
favor'd,favored
Favourite,Favorite
fayeth,faith
fayne,fain
faythlesse,faithless
fearlesly,fearlessly
feavorish,feverish
fedde,fed
feeld,field
feelyng,feeling
feete,feet
feign'd,feigned
feignings,feignings
feit,faith
fellowshippe,fellowship
felow,fellow
felowe,fellow
feruor,fervor
feruour,fervor
fervencie,fervency
festivall,festival
Feuers,Fevers
ficke,sick
fidler,fiddler
fiercenes,fierceness
fiers,fires
fiftie,fifty
fiftly,fifthly
Figges,Figs
fighte,fright
Figleaves,Fig leaves
Figtree,Fig tree
Figtrees,Fig trees
figur'd,figured
filmes,films
filthinesse,filthiness
filthinesses,filthiness
filthinesss,filthinesses
finenesse,fineness
finners,sinners
fir'd,fired
firmnes,firmness
firstborne,firstborn
firstmessenger,first messenger
fith,sith
fithess,fitness
fitnesse,fitness
fitts,fits
fix'd,fixed
flaile,flail
flatt,flat
flattely,flatterly
flatterie,flattery
fleash,flesh
fledde,fled
flery,fiery
fleshlinesse,fleshliness
Flesh-raise,Flesh raise
flintie,flinty
floate,float
flocke,flock
flockt,flocked
flore,flour
florishe,flourish
florisheth,flourisheth
floude,flood
floure,flour
flourisht,flourished
flowne,flown
Fluxe,Flux
flyeth,flieth
foame,foam
fode,food
Foederally,Federally
fogge,fog
Fogges,Fogs
folde,fold
folish,foolish
folishe,foolish
folke,folk
folkes,folks
follovving,following
follow'd,followed
folowed,followed
foorth,forth
Foraine,Foreign
forbeare,forebear
forbeares,forbears
forbiddyng,forbidding
forborn,forborne
Forc'd,Forced
forceles,forceless
forcit,forced
Foreiners,Foreigners
foreknewthose,foreknew those
foreknowen,foreknown
foreshew,foreshow
foreshewed,foreshowed
foreshewing,foreshowing
foretels,fortells
forfaiture,forfeiture
forgat,forgot
forgetteth,forgets
forgeueth,forgiveth
forgivenness,forgiveness
forgivness,forgiveness
forgorten,forgotten
forgyue,forgive
forgyuen,forgiven
forgyuenes,forgiveness
forhead,forehead
formalitie,formality
formydable,formidable
forrage,forage
forreiners,foreigners
Forrest,Forest
forsoth,forsooth
fortifie,fortify
forwarde,forward
forwardnes,forwardness
forwarned,forewarned
foulely,foully
foules,fowls
fouly,foully
fourmes,forms
fourtie,forty
fourtieth,fortieth
FOVRTH,FOURTH
Fovvler,Fowler
fowle,fowl
fowlenesse,foulness
fowles,fowls
fowlly,foully
fowly,foully
fowr,four
fowrth,fourth
fraight,freight
fraileties,frailties
Franciscanes,Franciscans
frankenesse,frankness
franticke,frantic
fraternall,fraternal
Fraunces,Francis
frayltie,frailty
fraylty,frailty
fredom,freedom
freends,friends
freendship,friendship
freenes,freeness
freewil,freewill
freindes,friends
freindship,friendship
frelye,freely
froathy,frothy
Froggs,Frogs
Frugalitie,Frugality
fruitefully,fruitfully
fruitlesse,fruitless
frute,fruit
fryndes,friends
ftaher,fourth
fuffer,suffer
fulfyll,fulfill
Fyfe,Fife
fyngers,fingers
fyrie,fiery
fyrst,first
Gagg,Gag
gall'd,galled
Gangren,Gangrene
Gaole,Jail
gappe,gap
garbe,garb
garded,guarded
Gardian,Guardian
Gardiner,Gardener
Garlick,Garlic
garlicke,garlic
garnyshed,garnished
gaspe,gasp
gather'd,gathered
gauest,gave
gauled,galled
gav'st,gavest
gaye,gay
gayn,gain
gayned,gained
gemms,gems
Genevah,Geneva
Geometrie,Geometry
gerar,Gerar
gesses,guesses
geuers,givers
geuinge,giving
geuyng,giving
gevernment,government
Gideons,Gideon's
giftes,gifts
girle,girl
girles,girls
girolamo,Girolamo
giv,give
givest,gave
gladde,glad
gladlie,gladly
glistring,glistering
glittring,glittering
Glocester,Gloucester
Gloeworme,Glowworm
glofying,glorifying
glorifi'd,glorified
glorifys,glorifies
glorifyth,glorifieth
gloriose,glorious
gloriousnesse,gloriousness
glorisie,glorify
glorius,glorious
gloryed,gloried
gloses,glosses
glosing,glossing
Glouer,Glover
Gnositics,Gnostics
goare,gore
goddesse,goddess
Godds,God’s
godlesse,godless
godlienes,godliness
godlines,godliness
Gods,God's
golpel,gospel
goodes,goods
goodlinesse,goodliness
goodnes,goodness
gouernemente,government
gouerners,governors
gouernments,governments
Gouernor,Governor
gouernors,governors
goyng,going
grac'd,graced
gracelesse,graceless
graciousnesse,graciousness
Graecia,Greece
graffing,grafting
graines,grains
graint,grant
gratefulnes,gratefulness
gratiously,graciously
graue,grave
graunte,grant
greateste,greatest
greatlie,greatly
greatnes,greatness
greatnesse,greatness
greatnesss,greatnesses
greatning,greatening
greaues,greaves
gredinesse,greediness
greedines,greediness
greedinesse,greediness
greefe,grief
Gregorye,Gregory
greife,grief
greiuous,grievous
Grekes,Greeks
greue,grieve
greueth,grieveth
greuouslye,grievously
grevances,grievances
grieuing,grieving
grieuousnesse,grievousness
groan'd,groaned
groned,groaned
‎groninges,groanings
grosely,grossly
grosse,gross
grossely,grossly
guess'd,guessed
guesse,guess
guift,gift
guit,guilt
gulfe,gulf
gulfes,gulfs
guttes,guts
gyant,giant
gyft,gift
gyuen,given
gyuyng,giving
Habbakuk,Habakkuk
habilitie,hability
hadd,had
haeresies,heresies
haeretiks,heretics
Hagiographis,Hagiographies
hainouser,heinouser
Halelujah,Hallelujah
hallowe,hallow
halowing,hallowing
hang'd,hanged
hangyng,hanging
Hannahs,Hannah's
hansome,handsome
hapneth,happens
hapning,happening
happe,hap
happilie,happily
happines,happiness
happyness,happiness
harkned,hearkened
harmelesse,harmless
harmes,harms
harmles,harmless
harmlesse,harmless
hartned,heartened
hatefulnesse,hatefulness
hatest,hate
hathe,hath
haueing,having
hauing,having
hayres,hairs
hazardes,hazards
hazzardous,hazardous
heald,healed
heal'd,healed
healthfull,healthful
heap'd,heaped
heardst,heardest
hearkned,hearkened
hearte,heart
heauy,heavy
heauyer,heavier
heavenlie,heavenly
heaven-ward,heavenward
heavie,heavy
heavinesse,heaviness
heav'nly,heavenly
heavyr,heavier
heb,Heb.
hebrues*,Hebrews
heedlesly,heedlessly
heerby,hereby
heerein,herein
heeretofore,heretofore
Heereunto,Hereunto
Heereupon,Hereupon
heertofore,heretofore
heighest,highest
helpd,helped
helpe,help
hels,hells
Hendersons,Henderson's
henever,whenever
Henne,Hen
Heraulds,Heralds
herbe,herb
herde,heard
hereditarie,hereditary
heresie,heresy
heretikes,heretics
heroick,heroic
herselfthe,herself the
hertofore,heretofore
herunto,hereunto
herupon,hereupon
hethens,heathens
hether,hither
heuen,heaven
heuin,heaven
heuy,heavy
Hezechias,Hezekiah
Hickup,Hiccup
hiddennesse,hiddenness
hierusalem,Jerusalem
hiest,highest
highlie,highly
highnesse,highness
hilde,held
Himeneus,Hymenaeus
hinderances,hindrances
Hinderson,Henderson
hisstomack,his stomach
hogge,hog
hold̄,holden
holde,hold
holdeth,holds
holie,holy
hollownesse,hollowness
holy ghost,Holy Ghost
holyly,holily
holynesse,holiness
homelies,homilies
homony,homonym
hondred,hundred
honeste,honest
honourablie,honorably
HONOVR,HONOR
honycombe,honeycomb
hoode,hood
hoorded,hoarded
hoorder,hoarder
hoording,hoarding
hopefull,hopeful
hopeles,hopeless
hopelesnesse,hopelessness
hourely,hourly
housefull,houseful
househoulders,householders
housholde,household
houswife,housewife
hower,hour
howers,hours
howhe,how he
howres,hours
howsoeuer,howsoever
hoyte,hot
hugges,hugs
huldah,Huldah
humaine,humane
humblenesse,humbleness
Humiliaiion,Humiliation
humillation,humiliation
humourous,humorous
hundreths,hundreds
hungreth,hungereth
hunte,hunt
hurd,hoard
hurle,hurl
hurte,hurt
huske,husk
Husse,Hus
hy,by
hyghest,highest
hypocrisie,hypocrisy
hyr,her
hysop,hyssop
hystorical,historical
hystoricall,historical
hystorically,historically
hystorye,history
hytherto,hitherto
Iair,Jair
Iam,I am
iambres,Jambres
ian.,Jan.
Ianuarie,January
Ianuary,January
Iaspers,Jaspers
Iaylors,Jailor's
idely,idly
idlenesse,idleness
Idlneesse,Idleness
Idolators,Idolaters
idolatri,idolatry
idolatrye,idolatry
idumeans,Edomites
Iehosophat,Jehoshaphat
iehoua,Jehovah
Iehouih,Jehovah
ielous,jealous
Iephta,Jephtha
Ieroboams,Jereboam's
ierome,Jerome
Iersey,Jersey
Iesabel,Jezebel
iesters,jesters
iewes,Jews
iewish,Jewish
ignorances,ignorance
Iiphtah,Jephthah
iisrael,Israel
Iland,Island
Ile,I will
Il'e,I will
Iles,Isles
ilfauouredly,ill-favoredly
I'll,I will
I'm,I am
imaginarie,imaginary
imagineth,imagines
imagins,imagines
imbecilitie,imbecility
imbecillity,imbecility
imbolden,embolden
imboldened,emboldened
imbrewed,imbrued
immediateely,immediately
immortall,immortal
immortallitie,immortality
immoveable,immovable
immunitie,immunity
impayred,impaired
impenitencie,impenitence
imperiall,imperial
implie,imply
imployes,employs
imploys,employs
importaunce,importance
improoved,improved
improv'd,improved
impulsiue,impulsive
impunitie,impunity
Impyre,Empire
in stead,instead
inableth,enables
inchanted,enchanted
inclin'd,inclined
incommoditie,incommodity
incomparabili,incomparably
incompass,encompass
incompleat,incomplete
inconceiveable,inconceivable
inconsistencie,inconsistency
incontinencie,incontinency
increast,increased
incroacheth,encroacheth
incroachment,encroachment
incroching,encroaching
incumbred,encumbered
incureable,incurable
incurre,incur
indearing,endearing
indeauoured,endeavored
indeauours,endeavors
indeavor,endeavor
indeavors,endeavors
indefinitly,indefinitely
indemnitie,indemnity
independant,independent
indeuouring,endeavoring
indevoured,endeavored
indignacion,indignation
indisposednesse,indisposedness
inditements,indictments
indiuisible,indivisible
indivisibili,indivisibly
induc'd,induced
indures,endures
induring,enduring
infancie,infancy
infinitness,infiniteness
infinitnesse,infiniteness
Infinitt,Infinite
infold,unfold
inforc'd,enforced
inforcement,enforcement
inforcing,enforcing
informacion,information
inform'd,informed
ingage,engage
ingendred,engendered
ingendring,engendering
ingraff,engraff
inhabitauntes,inhabitants
inheritour,inheritor
inioy,enjoy
initiall,initial
injoyed,enjoyed
injuriousnesse,injuriousness
inlightened,enlightened
inlightning,enlightening
innobling,ennobling
innocencye,innocency
inoffencively,inoffensively
inordinatelie,inordinately
inordinatenes,inordinateness
inough,enough
inquirie,inquiry
inquisitiue,inquisitive
inraged,enraged
inslaved,enslaved
insnared,ensnared
insomuche,insomuch
instanc'd,instanced
instaunce,instance
insted,instead
instil,instill
institucion,institution
institued,instituted
Institutione,Institution
intailed,entailed
integrall,integral
intellectuall,intellectual
intelligibile,intelligible
intende,intend
intendes,intends
intendeth,intends
intensly,intensely
intente,intent
interceeds,intercedes
interessing,interesting
intermedled,intermeddled
interveening,intervening
intireness,entireness
intisements,enticements
intitleth,entitleth
intrapped,entrapped
intreateth,entreats
intrinsecally,intrinsically
Intrinsick,Intrinsic
inuectyue,invective
inuincible,invincible
inuiting,invitingly
involv'd,involved
inwrap,enwrap
Ioab,Joab
Ioan,John
Ioash,Joash
Iobs,Job's
Iohannis,Johannes
Iohne,John
Iointly,Jointly
iollity,jollity
Iosephs,Joseph's
Ioshuas,Joshua's
Ioshue,Joshua
Iosu,Joshua
Iosuahs,Joshua's
Iosue,Joshua
ioyes,joys
ioyfvl,joyful
ioying,joying
ioyntlie,jointly
ioynture,jointure
irrationall,irrational
irrepresentible,irrepresentable
isidore,Isidore
israel,Israel
Israëlites,Israelites
Italick,Italic
Italye,Italy
i'th',in the
Iubilees,Jubilees
Iubilie,Jubilee
iudging,judging
iudgmentes,judgments
Iuel,Jewel
iulia,Julia
iulian,Julian
iumpe,jump
Iuno,Juno
Iurie,Jury
Iurisdictions,Jurisdictions
iuster,juster
iustice,justice
iustified,justified
Iustifier,Justifier
Iustin,Justin
Iustinians,Justinian’s
iustle,justle
iustly,justly
iustnesse,justness
Ivie,Ivy
izaack,Isaac
jacob,Jacob
Japhet,Japheth
jarrs,jars
Jdols,Idols
Jehoiakims,Jehoiakim’s
jehoua,Jehovah
Jesabel,Jezebel
Jewells,Jewels
Jezabel,Jezebel
Jezabell,Jezebel
John̄,John
joshua,Joshua
Joshuahs,Joshuas
Josias,Josiah
Josua,Joshua
journy,journey
journyed,journeyed
joyes,joys
jsack,Isaac
Jtem,Item
Judaick,Judaic
jude,Jude
Judes,Jude's
justnesse,justness
keepe,keep
kepynge,keeping
kercheffe,kerchief
kernell,kernel
keye,key
kils,kills
Kirke,Church
knightes,knights
knotte,knot
knovving,knowing
knowldge,knowledge
kyl,kill
kylled,killed
laboure,labor
labourer,laborer
lackes,lacks
lackyng,lacking
lactantius,Lactantius
laies,lays
Laietie,Laity
Laiety,Laity
lambe,lamb
Lamenesse,Lameness
lampes,lamps
lanching,launching
lanterne,lantern
lasht,lashed
lasie,lazy
lasteth,lasts
lastlie,lastly
lateran,Lateran
latetally,lately
latin,Latin
latins,Latins
latituds,latitudes
laudationes,laudations
laufull,lawful
lauish,lavish
laurentius,Laurentius
lavuful,lawful
lavv,law
lawe,law
lawefull,lawful
lawes*,laws
lawfullie,lawfully
Lawrell,Laurel
lay'd,layed
Laytie,Laity
leakes,leaks
learnd,learned
learnth,learneth
learnynge,learning
leaste,least
leasure,leisure
leauen,leaven
legat,legate
Legats,Legates
Leiturgy,Liturgy
lelfe,left
lendeth,lends
lerned,learned
lernynge,learning
lessen'd,lessened
lesson'd,lessoned
Letanie,Litany
Lethargie,Lethargy
leven,leaven
levi,Levi
lewde,lewd
liberalitie,liberality
libertie,liberty
lics,lies
liedunto,lied unto
lier,liar
liers,liars
lifelesse,lifeless
liftyng,lifting
lightfull,lightful
lightnesse,lightness
likwise,likewise
lillies,lilies
lineall,lineal
lippes,lips
liuely,lively
liueth,lives
liuie,Livy
liuing,living
Liuinges,Livings
liuingly,livingly
loath'd,loathed
loaues,loaves
locall,local
lodg,lodge
lodgyng,lodging
loged,lodged
logicke,logic
logike,logic
Loialtie,Loyalty
loking,looking
longar,longer
loopes,loops
loosers,losers
Lordis,Lord’s
Lordshippes,Lordship’s
los,loss
losse,loss
loth,loath
lothing,loathing
loudnesse,loudness
louelinesse,loveliness
louely,lovely
lowde,loud
loweth,lows
lowlines,lowliness
lownesse,lowness
loyterers,loiterers
lucian,Lucian
lufe,love
Lukes,Luke's
lukewarmnesse,lukewarmness
luke-warmnesse,lukewarmness
lull'd,lulled
lustin,Justin
luther,Luther
Lutherane,Lutheran
luthers,Luther's
lyars,liars
lyberte,liberty
lye,lie
Lyfords,Lyford's
lyfted,lifted
lyghte,light
lyke,like
lykenes,likeness
lykewyse,likewise
Lyme,Lime
lyue,live
lyues,lives
lyueth,liveth
Machiauell,Machiavelli
madde,made
madefies,modifies
madest,made
Madianites,Midianites
Magazin,Magazine
Mahumetans,Muhammadans
maidseruant,maidservant
Maiestys,Maiesty's
mainetain,maintain
maintaine,maintain
maintein,maintain
mainteined,maintained
mainteyneth,maintaineth
Maiors,Mayors
makinde,mankind
makinge,making
makyng,making
Malchas,Malchus'
Male-children,Male children
maliciousnes,malicioiusness
malignancie,malignancy
maligneds,maligned's
malignitie,malignity
malitiously,maliciously
mallice,malice
malyce,malice
Manaohs,Manoah's
Manasse,Manasseh
manasseh,Manasseh
manerly,mannerly
mankinds,mankind's
mankynd,mankind
mankynde,mankind
mannaging,managing
Mannors,Manors
mans,man's
manuell,manual
manur'd,manured
mappe,map
marchandise,merchandise
marchantes,merchants
marcht,marched
Mardochai,Mordecai
mariages,marriages
marres,mars
marrieng,marrying
marrye,marry
marryed,married
martired,martyred
maske,mask
Massachusets,Massachusetts
matier,matter
matrones,matrons
maye,may
meane,mean
meaness,meanness
meates,meats
Meatoffering,Meat offering
meene,mean
meeneth,meaneth
meere,mere
meetes,meets
Meetre,Meter
meetyng,meeting
meke,meek
Melchisedeck,Melchizedek
Melchisedek,Melchizedek
Melchizedeck,Melchizedek
melchizedek,Melchizedek
mellancholy,melancholy
memorialls,memorials
memorie,memory
mencioneth,mentioneth
mentioneth,mentions
mercie,mercy
mercilesse,merciless
Mercurie,Mercury
mercye,mercy
mercyseat,mercy seat
mereifull,merciful
merie,merry
merilie,merrily
meriment,merriment
meritts,merits
merriting,meriting
messe,mess
mesure,measure
me-thinks,methinks
methodicall,methodical
Methusalem,Methuselah
metonymie,metonymy
Metrapolitane,Metropolitan
Metropoliticall,Metropolitical
mettal,metal
mettalls,metals
michaell,Michael
midds,midst
miery,miry
mightst,mightest
mildenesse,mildness
militarie,military
milke,milk
milkey,milky
millians,millions
millitant,militant
milstones,millstones
mindes,minds
Minerua,Minerva
ministeriall,ministerial
Ministrie,Ministry
minoritie,minority
Minstry,Ministry
misbehauiour,misbehavior
misbeliefe,misbelief
mischeeuous,mischievous
mischiefes,mischiefs
Mischieuous,Mischievous
mis-giving,misgiving
misliked,disliked
mislikes,dislikes
misperswasion,mispersuasion
Missall,Missal
misse,miss
mittigate,mitigate
mittigation,mitigation
moabits,Moabites
Moah,Moab
moate,mote
moath,mouth
moch,much
mock'd,mocked
modestie,modesty
Mogol,Mogul
Moises,Moses
montanus,Montanus
Moode,Mood
moorning,morning
mooues,moves
moouing,moving
moove,move
morow,morrow
morrall,moral
Moscovites,Muscovites
motiues,motives
Mountagu,Montague
mountaine,mountain
mourne,mourn
moveing,moving
mowen,mown
Moyses,Moses
multitud,multitude
murderd,murdered
murmure,murmur
murmures,murmurs
murtherer,murderer
musicke,music
mutinie,mutiny
mutuallie,mutually
muzle,muzzle
mynds,minds
mynisters,ministers
mynistery,ministry
mynistrie,ministry
myselfe,myself
Mythologie,Mythology
nanature,nature
narrowlie,narrowly
narrownesse,narrowness
nathan,Nathan
Nathaneel,Nathanael
natiue,native
Natiuity,Nativity
nativitie,nativity
nawght,naught
neade,need
Nebuchadnezer,Nebuchadnezzar
necessitye,necessity
neckes,necks
needes,needs
needfulnesse,needfulness
neere,near
negatiue,negative
negatiues,negatives
neigbour,neighbor
Nepthali,Naphtali
Neroes,Nero's
nerues,nerves
nestorius,Nestorius
nettes,nets
neuer,never
neuterality,neutrality
neutralitie,neutrality
Newarke,Newark
newnesse,newness
nicholas,Nicholas
nicolaites,Nicolaites
nicolas,Nicolas
nicolaus,Nicolaus
niggardlinesse,niggardliness
nightes,nights
Nineuits,Ninevites
Niniveh,Nineveh
nipt,nipped
nnumber,number
no body,nobody
noah,Noah
nobile,noble
nombre,number
Nonnes,Nuns
Normandie,Normandy
Northfolke,Norfolk
nosthrils,nostrils
nourish'd,nourished
novatians,Novatians
nowadayes,nowadays
Oakes,Oaks
Obadiahs,Obadiah's
obdurat,obdurate
obiections,objections
oblidge,oblige
oblidged,obliged
obnoxiousnesse,obnoxiousness
obscurenes,obscureness
obseru,observe
obseruance,observance
obseruatione,observation
obserued,observed
obseruer,observer
obseruers,observers
obstain,abstain
obstaine,abstain
obstinatelie,obstinately
ocupied,occupied
odde,odd
oddes,odds
odiousnesse,odiousness
Odour,Odor
Oeconomicks,Economics
Oecumenicall,Ecumenical
offence,offense
offende,offend
offendors,offenders
offensiue,offensive
offerrd,offerred
ONESIMVS,ONESIMUS
onit,on it
onlie,only
onmity,enmity
openlie,openly
openlye,openly
openyng,opening
opportunitie,opportunity
opposits,opposites
orbes,orbs
ordeined,ordained
ordeineth,ordaineth
ordeining,ordaining
order'd,ordered
ordeyne,ordain
Osea,Hosea
otherwyse,otherwise
othes,oaths
ouen,oven
ouercame,overcame
ouercast,overcast
ouercomes,overcomes
ouergrowne,overgrown
ouerhomely,overhomely
ouershaddow,overshadow
ouershadow,overshadow
ouershot,overshot
ouerslip,overslip
ouerspred,overspread
ouerthem,over them
ouerthrewe,overthrew
ouerthroweth,overthroweth
ouerualue,overvalue
ouned,owned
outcrie,outcry
outwardlie,outwardly
outwardlye,outwardly
outwrastled,outwrestled
over-coming,overcoming
overflowes,overflows
overthowe,overthrow
ovut,out
ovvne,own
owtward,outward
Oxforde,Oxford
oyled,oiled
pacience,patience
pack'd,packed
painefull,painful
painefully,painfully
painefulnesse,painfulness
painfulnesse,painfulness
Painims,Paynims
palat,palate
papacie,papacy
Papistes,Papists
papyst,papist
paralell,parallel
pardonning,pardoning
Parliamentarie,Parliamentary
parlying,parleying
Parmenio,Permenion
parrish,parish
parrishes,parishes
particularlie,particularly
partlie,partly
partlye,partly
partyes,parties
pass'd,passed
passione,passion
passs,passes
Pastorall,Pastoral
paternes,patterns
pâtience,patience
Patrimonie,Patrimony
patrone,patron
patrones,patrons
patroniz'd,patronized
pauement,pavement
paules,Paul's
PAVL,PAUL
payes,pays
payeth,pays
payn,pain
pearced,pierced
peere,peer
peerelesse,peerless
peirced,pierced
penall,penal
pencill,pencil
pen'd,penned
peoples,people's
peple,people
perceiuing,perceiving
perfidie,perfidy
perfited,perfected
perform'd,performed
perfourmance,performance
perfourmaunce,performance
perfourme,perform
perfourming,performing
perfunctorie,perfunctory
perills,perils
perisht,perished
perjurie,perjury
perniciousnesse,perniciousness
pernitious,pernicious
perplexitie,perplexity
perseuerance,perseverance
persever'd,persevered
persones,persons
perspicuitie,perspicuity
persuadeth,persuades
persues,pursues
perswader,persuader
pertaking,partaking
perticuler,particular
peruerselie,perversely
peryshe,perish
Pesecution,Persecution
pesterd,pestered
pestilentiall,pestilential
phancies,fancies
Phantasme,Phantasm
Philasophers,Philosopers
Philips,Philip's
Phinees,Phinehas
Phoenice,Phoenicia
physicall,physical
Physicion,Physician
Physitions,Physicians
Pibbles,Pebbles
pickes,picks
pierc'd,pierced
pietie,piety
pievish,peevish
Pigghius,Pighius
Pigmalion,Pygmalion
pilgrimes,pilgrims
pils,pills
Pinchin,Pynchon
pincht,pinched
pintching,pinching
pitt,pit
pittes,pits
pittifull,pitiful
pittilesse,pitiless
plac'd,placed
placeth,places
plac't,placed
plagus,plagues
plainlie,plainly
plainnes,plainness
plante,plant
playnelye,plainly
playner,plainer
playsters,plasters
pleades,pleads
pleasantnes,pleasantness
pleasurs,pleasures
plenarie,plenary
plenteousnesse,plenteousness
plentie,plenty
plentious,plenteous
plentiousnes,plenteousness
plesand,pleasant
plesant,pleasant
plesures,pleasures
plethorie,plethory
pliablenesse,pliableness
plowes,plows
pluckit,plucked
plunder'd,plundered
plurall,plural
plyes,plies
poenall,penal
Poetrie,Poetry
poincts,points
policie,policy
politicall,political
politikes,politics
Polititian,Politician
Polititians,Politicians
pollecye,policy
pollicies,policies
Pomgranate,Pomegranate
Pomgranats,Pomegranates
pompes,pomps
Pompeys,Pompey's
pondreth,pondereth
pontius,Pontius
pooles,pools
poors,poor's
Popinjayes,Popinjays
popyshe,popish
porcion,portion
Porphyrie,Porphyry
possess'd,possessed
pouder,powder
pounde,pound
poure,pour
povver,power
poysonfull,poisonful
practicall,practical
practick,practic
‎‎practiseth,practices
praelaticall,prelatical
praetended,pretended
Prage,Prague
prai,pray
praid,prayed
praieth,prays
prayd,prayed
prayse,praise
preests,priests
prefac'd,prefaced
preferd,preferred
preferres,prefers
prefix'd,prefixed
prefixe,prefix
preheminency,preeminency
preistes,priests
Preists,Priests
preparatiues,preparatives
preparatorie,preparatory
Presbitery,Presbytery
Presbytrie,Presbytery
prescrib'd,prescribed
presense,presence
presente,present
preserred,preferred
preserv'd,preserved
preserve'd,preserved
presseth,presses
Presumptious,Presumptuous
presumtion,presumption
presumtuous,presumptuous
presumtuously,presumptuously
presupposeth,presupposes
preuayle,prevail
prevenred,prevented
prieste,priest
principalls,principals
prisone,prison
priuatelie,privately
priueledge,privilege
priuie,privy
priuiledge,privilege
priuilege,privilege
privatly,privately
priviledged,privileged
privilege'd,privileged
procede,proceed
proceedyng,proceeding
proctour,proctor
professe,profess
professour,professor
profest,professed
proffer'd,proffered
proficients,proficience
profitte,profit
profyt,profit
promotors,promoters
promyses,promises
pronnesse,proneness
prooueheauen,prove heaven
prooves,proves
propensenesse,propenseness
properlye,properly
prophanation,profanation
prophanations,profanations
prophanenesse,profaneness
prophaner,profaner
prophanes,profanes
prophecyes,prophecies
propos'd,proposed
propp,prop
proppe,prop
proprely,properly
Proselites,Proselytes
prosperitie,prosperity
prosperitye,prosperity
prosyllogisme,prosyllogism
Protestancie,Protestancy
proude,proud
proued,proved
proueth,proves
prouoketh,provoketh
prov'd,proved
provdly,proudly
Ptolemie,Ptolemy
publicke,public
publike,public
puffe,puff
pul'd,pulled
pumpe,pump
punisheth,punishes
punnished,punished
punyshe,punish
punyshment,punishment
Quaeries,Queries
Quaery,Query
quaile,quail
quench'd,quenched
quenche,quench
question'd,questioned
Quhat,What
quicknesse,quickness
quiete,quiet
quiuer,quiver
quyet,quiet
ragges,rags
raign,reign
raigns,reigns
ralated,related
randome,random
ranke,rank
rankely,rankly
ransacke,ransack
ransom'd,ransomed
ratifie,ratify
rauenous,ravenous
rayment,raiment
rayse,raise
raysing,raising
razour,razor
readeth,reads
readynge,reading
realitie,reality
reall,real
recall'd,recalled
receate,receipt
receaue,receive
receauing,receiving
receauyng,receiving
receiuer,receiver
receiuing,receiving
Receiv'd,Received
receyuynge,receiving
receyved,received
recieved,received
reciprocall,reciprocal
reckneth,reckoneth
reconcil'd,reconciled
recordeth,records
recouereth,recovereth
recover'd,recovered
recoyle,recoil
Redemtion,Redemption
redie,ready
Redimibility,Redeemability
redounde,redound
redubling,redoubling
reede,reed
referr,refer
referre,refer
refin'd,refined
reflexion,reflection
reflexions,reflections
reforme,reform
refractarie,refractary
refrayne,refrain
refreyned,refrained
reftraine,restrain
refusall,refusal
refuseing,refusing
regardlesse,regardless
regenarate,regenerate
reiecting,rejecting
reiection,rejection
Reignolds,Reynolds
reines,reins
reioiced,rejoiced
releeue,relieve
releeueth,relieveth
releive,relieve
releue,relieve
relieues,relieves
relieuing,relieving
Religionis,Religions
relique,relic
rellish,relish
rellisheth,relisheth
remoouing,removing
remorce,remorse
remoue,remove
renenge,revenge
renewest,renew
renouned,renowned
repaire,repair
repasse,repass
repayred,repaired
repayring,repairing
repe,reap
repeal'd,repealed
repeate,repeat
repeates,repeats
repeateth,repeats
repentantance,repentance
repentaunce,repentance
repeteth,repeateth
reprehende,reprehend
reproachfull,reproachful
reproching,reproaching
reprooues,reproves
reprouer,reprover
reproues,reproves
reproueth,reproveth
requestes,requests
requyred,required
Rere,Rear
reseruations,reservations
reserueth,reserveth
respit,respite
restlesse,restless
restraines,restrains
rethorike,rhetoric
retourne,return
retyred,retired
reuealeth,reveals
reuell,revel
reuelling,revelling
reuenews,revenues
reuengeth,revengeth
reuerenced,reverenced
reuerenceth,reverenceth
reuerend,reverend
reuerentlie,reverently
reuilers,revilers
revelat.,Revelation
revenews,revenues
reveng'd,revenged
revengefull,revengeful
reverentiall,reverential
reverst,reversed
ribbe,rib
Richarde,Richard
richnesse,richness
ridd,rid
righteousnese,righteousness
rightuousnesse,righteousness
riote,riot
riseth,rises
ritch,rich
rithmes,rhythms
Rituall,Ritual
Riuall,Rival
riuals,rivals
riuers,rivers
ro.,Rom.
rob'd,robbed
rockes,rocks
rost,roast
rosted,roasted
Roulers,Rulers
rouling,rolling
rowze,rouse
Rubricks,Rubrics
rudimentall,rudimental
rul'd,ruled
rumours,rumors
Rutherfurd,Rutherford
ruyne,ruin
rych,rich
ryches,riches
rycht,right
ryghteousnesse,righteousness
rytches,riches
Sabbaoth,Sabbath
Sabboath,Sabbath
sabboth,sabbath
sack'd,sacked
sacke,sack
sackes,sacks
sacramentall,sacramental
sacrisice,sacrifice
Saduces,Sadducees
safegard,safeguard
safetye,safety
safty,safety
saies,says
saiest,says
saincts,saints
saire,fair
saithfull,faithful
saiyng,saying
saks,sakes
Salmanasar,Shalmaneser
salte,salt
samaritans,Samaritans
sampson,Samson
Samuell,Samuel
Samuels,Samuel's
sanctifieth,sanctifies
sanctifification,sanctification
sanctifiyng,sanctifying
sanctifyeth,sanctifieth
sanctimonie,sanctimony
satietie,satiety
satifaction,satisfaction
Satutes,Statutes
Satyre,Satire
Satyricall,Satirical
saue,save
sauour,savor
sauoureth,savoreth
savoureth,savoreth
savouriness,savoriness
savours,savors
savv,saw
sawcie,saucy
sawcily,saucily
sawcinesse,sauciness
sayde,said
sayde),said
saydest,saidest
saye,say
say'st,sayest
scandale,scandal
Scanderbegs,Skanderbeg's
scarcitie,scarcity
scarse,scarce
scepticall,skeptical
Scepticisme,Skepticism
sceptres,scepters
Schem,Shem
schisme,schism
Scholastick,Scholastic
Scholes,Schools
Schollars,Scholars
Scholler,Scholar
schollership,scholarship
schoole-,school
schoolemaister,schoolmaster
Schoolemaster,Schoolmaster
schuld,should
Scipture,Scripture
scismaticall,schismatical
scismatikes,schismatics
scisme,schism
scituated,situated
sclaunders,slanders
scoff'd,scoffed
scoffes,scoffs
scorch'd,scorched
scornefully,scornfully
scornes,scorns
scornfulnesse,scornfulness
Scotes,Scots
Scotlands,Scotland's
seake,seek
searcheth,searches
sease,cease
secreat,secret
secretely,secretly
secte,sect
securenesse,secureness
seemd,seemed
seeth,sees
seist,seest
seiz,seize
selebrate,celebrate
selfdenial,self-denial
selfdenyal,self-denial
selse,self
Senatour,Senator
sentenc'd,sentenced
seperate,separate
Seraphicall,Seraphical
Seraphins,Seraphim
serues,serves
seruiceable,serviceable
seruices,services
servicable,serviceable
serviceablenesse,serviceableness
settes,sets
seuer,sever
seuere,severe
seueritie,severity
severitie,severity
shamelesness,shamelessness
sheepeheards,shepherds
sheepes,sheep's
shepeherd,shepherd
Sherife,Sheriff
shevv,show
shewd,showed
shewe,show
shold,should
shortned,shortened
show'd,showed
showen,shown
showrs,showers
showte,shout
shuld,should
shuldest,shouldest
Sicile,Sicily
sighe,sigh
signall,signal
sillables,syllables
similie,simile
simplye,simply
Sinagoge,Synagogue
Sinay,Sinai
sin'd,sinned
sinfull,sinful
sinlesse,sinless
sinns,sins
sinth,sinneth
Sions,Zion's
sirian,Syrian
sirname,surname
sitt,sit
siuners,sinners
sixt,sixth
sixteene,sixteen
sixtly,sixthly
skarce,scarce
slacknesse,slackness
slaies,slays
sleepie,sleepy
sleightes,sleights
sloathful,slothful
sloathfull,slothful
sloathfulnesse,slothfulness
slouthfull,slothful
slownsse,slowness
slye,sly
smoaks,smokes
smot,smote
smother'd,smothered
soden,sudden
sodenlye,suddenly
softning,softening
soldjers,soldiers
solecisme,solecism
solemne,solemn
solemnitie,solemnity
Solemon,Solomon
sollicite,solicit
solly,folly
some body,somebody
somethings,some things
sometyme,sometime
sometymes,sometimes
Sommer,Summer
somthing,something
somuch,so much
Sonday,Sunday
soner,sooner
sonneship,sonship
sorrie,sorry
soueraigne,sovereign
Soueraignes,Sovereigns
soueraine,sovereign
soundlie,soundly
sourse,source
Soverraignty,Sovereignty
sowne,sown
sowrnes,soreness
soyl,soil
Spanyards,Spaniards
Spanyels,Spaniels
sparckle,sparkle
speakes,speaks
speakr,speaker
specefied,specified
spech,speech
speches,speeches
speciali,specially
speciallie,specially
specialy,specially
spede,speed
speedie,speedy
spente,spent
sphaere,sphere
spiritvally,spiritually
spirt,spirit
spungy,spongy
stabilitie,stability
stablisht,stablished
staiednesse,staidness
staies,stays
stanke,stank
staues,staves
stear,steer
steddily,steadily
stepps,steps
stept,stepped
stickes,sticks
stifeled,stifled
stinkes,stinks
stonines,stoniness
stopt,stopped
storie,story
straightwayes,straightways
streete,street
striuen,striven
stroaks,strokes
stronngly,strongly
strook,struck
strooken,stricken
strucken,stricken
strugled,struggled
stubborne,stubborn
stubbornesse,stubborness
stubburnely,stubbornly
stubburnes,stubbornness
stupendious,stupendous
stvdie,study
styrring,stirring
subdu'd,subdued
subiected,subjected
subioyned,subjoined
subioynes,subjoins
subjoyn,subjoin
submisse,submiss
submited,submitted
subtily,subtly
suburbes,suburbs
successeful,successful
suertie,surety
suertiship,suretiship
suffer'd,suffered
suffereth,suffers
sufficently,sufficiently
sufficientlye,sufficiently
sufficieth,sufficeth
suffient,sufficient
suffre,suffer
sunke,sunk
suoklings,sucklings
superadde,superadd
supererrogation,supererogation
Supreamly,Supremely
surprizall,surprisal
surpriz'd,surprised
susteined,sustained
SVPPER,SUPPER
svspend,suspend
swadling,swaddling
swallow'd,swallowed
swalow,swallow
sweate,sweat
syde,side
sygne,sign
Sylas,Silas
syllogisme,syllogism
Symbolicall,Symbolical
Symony,Simony
Synodes,Synods
syttynge,sitting
tacitus,Tacitus
tailes,tails
talkatiue,talkative
talk'd,talked
tallents,talents
tallnesse,tallness
tam'd,tamed
tarieth,tarrieth
tastelesse,tasteless
tatlers,tattlers
tayle,tail
Taylers,Tailors
tediousnesse,tediousness
telles,tells
tennise,tennis
tertullian,Tertullian
Testamente,Testament
Testamēt,Testament
testatur,testator
testifyd,testified
testifye,testify
Testimomy,Testimony
testimonie,testimony
testimonyes,testimonies
Testment,Testament
texte,text
thaim,them
thankefulnes,thankfulness
thankes,thanks
thankesgeuing,thanksgiving
thankfulnesse,thankfulness
thankt,thanked
thapostles,the apostles
tharchbishops,the archbishops
Thargum,Targum
'That,That
thathe,that he
theatricall,theatrical
theef,thief
Theese,These
themselues,themselves
themselus,themselves
themseves,themselves
Theologicall,Theological
therafter,thereafter
thercto,thereto
therebe,there be
thereis,there is
therin,therein
therwithall,therewithal
thesame,the same
thieues,thieves
thirstie,thirsty
thirteene,thirteen
thirtith,thirtieth
Tho',Though
thorowe,thorough
thowsands,thousands
threatnest,threatenest
threatneth,threateneth
threatninge,threatening
thriue,thrive
throngh,through
throughly,thoroughly
throwe,throw
throwgh,through
Thucidides,Thucydides
thumbes,thumbs
thy self,thyself
thynkynge,thinking
thyrde,third
til,till
timerously,timorously
tinckling,tinkling
tirannie,tyranny
Toades,Toads
Tobacchonists,Tobacconists
toilsom,toilsome
toincroch,to encroach
toong,tong
toppes,tops
tormentes,torments
tosse,toss
totall,total
t'other,the other
tould,told
tounges,tongues
tovvards,towards
towched,touched
towr,tower
tractablenesse,tractableness
traiterous,traitorous
trangression,transgression
tranquillitie,tranquility
transparentnesse,transparentness
transubstanciacion,transubstantiation
trauailed,travailed
trauayled,traveled
trauel,travel
trauelled,traveled
travailes,travels
Travellours,Travelers
trimm'd,trimmed
trisles,trifles
triumphante,triumphant
triumphe,triumph
trompet,trumpet
troubl'd,troubled
troublesom,troublesome
Trumpe,Trump
trustie,trusty
truthes,truths
trybe,tribe
tun'd,tuned
turnes,turns
twigge,twig
'twil,'twill
twinckling,twinkling
twise,twice
Twiss,Twisse
two fold,twofold
'twould,it would
Tyde,Tide
Tygers,Tigers
Tygre,Tiger
Tygresses,Tigresses
Tygris,Tigris
tyl,till
tyrannises,tyrannizes
tythes,tithes
tytle,title
Uenice,Venice
Uerely,Verily
uncleanesse,uncleanness
unconstancy,inconstancy
undenyablie,undeniably
undergoe,undergo
understandeth,understands
unexcusable,inexcusable
unexpressably,inexpressibly
unfreindly,unfriendly
unglorious,inglorious
universales,universals
Unkindeness,Unkindness
unmercifull,unmerciful
unperswadable,unpersuadable
unpossible,impossible
unreasonablnes,unreasonableness
unreverent,irreverent
unskilful,unskillful
unskilfulnesse,unskilfulness
untam'd,untamed
untemperate,intemperate
unweldinesse,unweldiness
unwillingnesse,unwillingness
unworthines,unworthiness
uproare,uproar
urg'd,urged
valiaunt,valiant
vanquisht,vanquished
variablenes,variableness
varietie,variety
vbi,ubi
veile,veil
ventrous,venturous
veritye,verity
vesselles,vessels
vewe,view
vex'd,vexed
Vicount,Viscount
vineyearde,vineyard
violentlye,violently
visibilis,visibles
visibilitie,visibility
vnanimous,unanimous
vnapt,unapt
vnbeleuing,unbelieving
vnbelievers,unbelievers
vnblamable,unblameable
vnbloodie,unbloody
vncharitablenesse,uncharitableness
vnconstant,unconstant
vncouer,uncover
vncured,uncured
vndanted,undaunted
vndefyled,undefiled
vndenyable,undeniable
vnderlings,underlings
vndertake,undertake
vnderualue,undervalue
vnderwent,underwent
vndeseruedly,undeservedly
vndiscrete,indiscreet
vndiuorceable,undivorceable
vndutifully,undutifully
vngodlynes,ungodliness
vngodlynesse,ungodliness
vngracious,ungracious
vngratefull,ungrateful
vnhappie,unhappy
vniuersallie,universally
Vniversality,Universality
Vniversity,University
vnkind,unkind
vnlooked,unlooked
vnloosed,unloosed
vnlouing,unloving
vnmasked,unmasked
vnpartially,impartially
vnperfecter,imperfecter
vnpleasing,unpleasing
vnprofitablie,unprofitable
Vnreasonableness,Unreasonableness
vnreconcileable,irreconcileable
vnremoueable,unremoveable
vnresistably,irresistibly
vnrighteousnes,unrighteousness
vnripe,unripe
vnsavory,unsavory
vnsavoury,unsavory
vnseemely,unseemly
vnseparable,inseperable
vnseperably,inseparably
vnsetlednes,unsettledness
vnsettledly,unsettledly
vnshaken,unshaken
vnshapen,unshapen
vnsinfull,unsinful
vnskilfullie,unskillfully
vnsoundnesse,unsoundness
vnspekeable,unspeakable
vnstedfastnesse,unsteadfastness
vnstirred,unstirred
vnsure,unsure
vntainted,untainted
vntaken,untaken
vntasted,untasted
vntawght,untaught
vnteachablenesse,unteachableness
vnthankefulnes,unthankfulness
vnthankfull,unthankful
vntruly,untruly
vntrwthe,untruth
vnualuablenesse,invaluableness
vnuariable,invariable
vnvulnerable,invulnerable
vnwash'd,unwashed
vnwashed,unwashed
vnwearied,unwearied
vnweildy,unwieldy
vnwelcom,unwelcome
vnwelcome,unwelcome
vnwilling,unwilling
vnwillingly,unwillingly
vnwise,unwise
vnwisely,unwisely
vnwoorthy,unworthy
vnwothy,unworthy
vnwounded,unwounded
vnwrapped,unwrapped
vnwritten,unwritten
vnwyse,unwise
vocall,vocal
voluntarilie,voluntarily
votarie,votary
vouchsaf'd,vouchsafed
vpheld,upheld
vpperhand,upper hand
vprofitably,unprofitably
vpryght,upright
vpshot,upshot
vpstarte,upstart
vpstarts,upstarts
Vrias,Uriah
vrine,urine
Vrsinus,Ursinus
vseing,using
vselesse,useless
vses,uses
vsual,usual
vsurp,usurp
vttermoste,uttermost
vueaelth,wealth
vueak,weak
vueaknning,weakening
vuhereunto,whereunto
vuhoredomes,whoredoms
vuoman,woman
vuorthynes,worthiness
vye,vie
wandring,wandering
wanne,wan
wantes,wants
wantonesse,wantonness
warefare,warfare
warneth,warns
warnynge,warning
watchfullness,watchfulness
watchfulnesse,watchfulness
weakning,weakening
wealthe,wealth
wealthie,wealthy
wearles,wearies
weedie,weedy
weene,ween
weightinesse,weightiness
welbeloved,well-beloved
wele,well
welgrounded,well-grounded
wepyng,weeping
wer,were
weried,wearied
Westerne,Western
Westm̄,Westminster
weying,weighing
wherabout,whereabout
wherfore,wherefore
whervnto,whereunto
whie,why
whih,which
whil,while
whirl'd,whirled
whoore,whore
whordoms,whoredoms
Whrefore,Wherefore
wrauth,wrath
wretchednesse,wretchedness
writynges,writings
wrongfullie,wrongfully
wrongfulnes,wrongfulness
wrytten,written
wurrying,worrying
wycked,wicked
wyckednes,wickedness
wyllynge,willing
wylte,wilt
wynnow,winnow
wysheth,wisheth
wyt,wit
wythall,withal
wythdrewe,withdrew
wythoute,without
wytnesse,witness
wytnesses,witnesses
ydolatry,idolatry
yeelde,yield
yesterdaie,yesterday
yoak,yoke
yoaks,yokes
yokefellowes,yokefellows
yrons,irons
‎zanchivs,Zanchius
zele,zeal
Zisca,Zizka
Zodiack,Zodiac
Zodiacke,Zodiac
zonah,Zonah
Ʒit,Yet
‎ā,an
Aarō,Aaron
abhominatiō,abomination
abhominatiōs,abominations
abiuratiō,abjuration
abominatiō,abomination
abominatiōs,abominations
aboūd,abound
aboūdance,abundance
abrahā,Abraham
Abrahā,Abraham
absolutiō,absolution
abstinēce,abstinence
abūdance,abundance
abundāce,abundance
accomplishmēt,accomplishment
accōpani'd,accompanied
accōpanied,accompanied
accōpany,accompany
accōplish,accomplish
accōplished,accomplished
accōplishment,accomplishment
accōpt,account
accordīg,according
accoūt,account
accoūted,accounted
accusatiō,accusation
accusatiōs,accusations
acquaintāce,acquaintance
actiō,action
actiōs,actions
ād,and
Adā,Adam
adās,Adam's
additiō,addition
additiōs,additions
administratiō,administration
admiratiō,admiration
admonitiō,admonition
adoptiō,adoption
adoratiō,adoration
aduātage,advantage
aduaūced,advanced
advāced,advanced
advātage,advantage
aequivocatiō,equivocation
affectiō,affection
afflictiō,affliction
affrōt,affront
afrōts,affronts
agaīst,against
āged,
agreemēt,agreement
agremēt,agreement
Alchorā,Quran
Alexāder,Alexander
allegatiōs,allegations
allegiāce,allegiance
alteratiō,alteration
ambitiō,ambition
ambushmēt,ambushment
Amē,Amen
amēd,amend
amēded,amended
amēdment,amendment
amōg,among
amōge,among
amōgest,amongst
amōgst,amongst
anciēt,ancient
Antichristiā,Antichristian
apparāt,apparent
appearāce,appearance
appointmēt,appointment
appoīted,appointed
apprehēd,apprehend
apprehēdeath,apprehendeth
apprehēded,apprehended
apprehēding,apprehending
apprehensiō,apprehension
apprehēsion,apprehension
approbatiō,approbation
Archdeacō,Archdeacon
argumēt,argument
argumētes,arguments
argumēts,arguments
arrogācy,arrocancy
ascēded,ascended
ascēding,ascending
assēbled,assembled
assēblies,assemblies
assēbly,assembly
assertiō,assertion
assistāce,assistance
assumptiō,assumption
assumtī,assumption
assūptiō,assumption
assūption,assumption
assurāce,assurance
attēd,attend
attēpt,attempt
attēpted,attempted
aūcient,ancient
audiēce,audience
augmēted,augmented
aunciēt,ancient
Austē,Augustine
aūswear,answer
aūswered,answered
Babilō,Babylon
Babylō,Babylon
Balaā,Balaam
banishmēt,banishment
Barōs,Barons
barrē,barren
bē,been
becō,becom
becōe,become
becōmeth,becometh
begā,began
begīneth,beginneth
begīning,beginning
beginnīg,beginning
begottē,begotten
beīg,being
belōg,belong
belōged,belonged
belōgeth,belongeth
belōging,belonging
beneuolēce,benevolence
bēt,bent
beyōd,beyond
bōd,bond
bōdage,bondage
Bohemiās,Bohemians
bondmē,bondsmen
boūd,bound
boūde,bound
boūds,bounds
boūtie,bounty
brāches,branches
braūches,branches
brethrē,brethren
brīg,bring
brīgeth,bringeth
brokē,broken
burdē,burden
burthē,burden
cā,can
Cābridge,Cambridge
callīg,calling
canō,canon
Canōs,Canons
cānot,cannot
Cāterbury,Canterbury
certē,certain
certēly,certainly
certēty,certainty
cēsure,censure
cēsures,censures
chāber,chamber
chāce,chance
chāge,change
chāged,changed
chalēge,challenge
chastisemēts,chastisements
chastismēt,chastisement
chaūce,chance
chaūced,chanced
Chaūcellor,Chancelor
Chaūcellour,Chancelor
chaūge,change
chaūged,changed
childrē,children
chosē,chosen
christē,Christian
christiās,Christians
Chrō,Chron
chyldrē,children
circūcise,circumcise
circūcised,circumcised
circūcision,circumcision
circumcisiō,circumcision
circumstāce,circumstance
circumstāces,circumstances
circūstance,circumstance
circūstances,circumstances
Clemēt,Clement
cōceined,concieved
cōceipt,conceit
cōceit,conceit
cōceiue,conceive
cōceiued,conceived
cōceiuing,conceiving
cōceive,conceive
cōcerne,concern
cōcerneth,concerneth
cōcernīg,concerning
cōcerning,concerning
cōcerninge,concerning
cōcernyng,concerning
cōclude,conclude
cōcluded,concluded
cōcludeth,concludeth
cōcluding,concluding
cōclusiō,conclusion
cōclusion,conclusion
cōclusions,conclusions
cōcord,concord
cōcupiscence,concupiscence
cōdamnation,condemnation
cōdemn,condemn
cōdemne,condemn
cōdemned,condemned
cōdemneth,condemneth
cōdemning,condemning
cōdempned,condemned
cōdēne,condemn
cōdēned,condemned
cōdescend,condescend
cōditiō,condition
cōdition,condition
cōditions,conditions
cōduct,conduct
cōe,come
cōference,conference
cōferre,confer
cōfesse,confess
cōfessed,confessed
cōfesseth,confesseth
cōfessing,confessing
cōfessiō,confession
cōfession,confession
cōfessions,confessions
cōfidence,confidence
cōfirm,confirm
cōfirmation,confirmation
cōfirmed,confirmed
cōfirmeth,confirmeth
cōfirming,confirming
cōflict,conflict
cōform,conform
cōformable,conformable
cōformitie,conformity
cōformity,comformity
cōfort,comfort
cōfortable,comfortable
cōfortably,comfortably
cōforte,comfort
cōforted,comforted
cōforter,comforter
cōforting,comforting
cōforts,comforts
cōfound,confound
cōfounded,confounded
cōfusiō,confusion
cōfusion,confusion
cōfute,confute
cōfuted,confuted
cōgregatiō,congregation
cōgregation,congregation
cōgregations,congregations
cohabitatiō,cohabitation
cōiecture,conjecture
cōiunction,conjunction
collectiō,collection
cōmand,command
cōmanded,commanded
cōmandement,commandment
cōmandements,commandments
cōmandemēt,commandment
cōmandemēts,commandments
cōmandeth,commandeth
cōmanding,commanding
cōmandment,commandment
cōmands,commands
cōmaūded,commanded
cōmaūdement,commandment
cōmaūdemēt,commandment
cōmaund,command
cōmaunde,command
cōmaunded,commanded
cōmaundement,commandment
cōmaundementes,commandments
cōmaundements,commandments
cōmaundemēt,commandment
cōmaundemētes,commandments
cōmaundeth,commandeth
cōmaunding,commanding
cōme,come
cōmemoration,commemoration
cōmen,common
cōmend,commend
cōmendable,commendable
cōmendation,commendation
cōmendations,commendations
cōmended,commended
cōmendeth,commendeth
cōmending,commending
cōmends,commends
cōmentarie,commentary
cōmentaries,commentaries
cōmentary,commentary
cōmentatie,commentary
cōmeth,cometh
cōming,coming
cōmission,commission
Cōmissioners,Commissioners
cōmit,commit
cōmitted,committed
cōmitteth,committeth
cōmitting,committing
commād,command
commādeath,commandeth
commāded,commanded
commādement,commandment
commādements,commandments
commāds,commands
commandemēt,commandment
commandemēts,commandments
commaūd,command
commaūdeath,commandeth
commaūded,commanded
commaūdement,commandment
commaundemēt,commandment
commaundemēts,commandments
commē,common
commemoratiō,commemoration
commendatiō,commendation
commissiō,commission
commō,common
commōly,commonly
cōmmunicants,communicants
communicatiō,communication
communiō,communion
comō,common
cōmō,common
cōmoditie,commodity
cōmodities,commodities
cōmodity,commodity
cōmon,common
cōmonly,commonly
cōmotion,commotion
companiō,companion
compassiō,compassion
comprehēd,comprehend
comprehēded,comprehended
cōmune,commune
cōmunicate,communicate
cōmunicated,communicated
cōmunicateth,communicateth
cōmunicating,communicating
cōmunication,communication
cōmuniō,communion
cōmunion,communion
cōmunitie,community
cōmyng,coming
cōmynge,coming
cōmytted,committed
concernīg,concerning
conclusiō,conclusion
concupiscēce,concupiscence
condemnatiō,condemnation
condēnatiō,condemnation
condēnation,condemnation
condēne,condemn
condēned,condemned
condēneth,condemneth
condēning,condemning
conditiō,condition
conferēce,conference
confessiō,confession
confidēce,confidence
confirmatiō,confirmation
confoūded,confounded
confusiō,confusion
confutatiō,confutation
congregaciō,congregation
congregatiō,congregation
coniunctiō,conjunction
consciēce,conscience
consciēces,consciences
consecratiō,consecration
consequēce,consequence
consequēt,consequent
consequētly,consequently
consequēts,consequents
consēt,consent
consideratiō,consideration
consolatiō,consolation
consolatiōs,consolations
Constāce,Constance
constācie,constancy
constāt,constant
Constātine,Constantine
Constātinople,Constantinople
constātly,constantly
constitutiō,constitution
contēne,contemn
contēned,contemned
contentiō,contention
contēpt,contempt
contēt,content
contēted,contented
contētion,contention
continuāce,continuance
contradictiō,contradiction
conueniēt,convenient
conuersaciō,conversation
conuersatiō,conversation
conuersiō,conversion
conversiō,conversion
cōpanie,company
cōpanion,companion
cōpanions,companions
cōpany,company
cōpare,compare
cōpared,compared
cōpareth,compareth
cōparing,comparing
cōparison,comparison
cōpass,compass
cōpasse,compass
cōpassed,compassed
cōpassion,compassion
cōpel,compel
cōpell,compel
cōpelled,compelled
cōplacency,complacency
cōplain,complain
cōplained,complained
cōplaineth,complaineth
cōplaining,complaining
cōplaint,complaint
cōplaints,complaints
cōprehend,comprehend
cōprehended,comprehended
cōprehendeth,comprehendeth
cōpulsion,compulsion
cōquered,conquered
cōquest,conquest
Corinthiās,Corinthians
correctiō,correction
corruptiō,corruption
corruptiōs,corruptions
cōscented,consented
cōsciēce,conscience
cōsciēces,consciences
cōscience,conscience
cōsciences,consciences
cōsecrate,consecrate
cōsecrated,consecrated
cōsecratiō,consecration
cōsecration,consecration
cōsent,consent
cōsenting,consenting
cōsequence,consequence
cōsequent,consequent
cōsequently,consequently
cōsequētly,consequently
cōsider,consider
cōsideratiō,consideration
cōsideration,consideration
cōsiderations,considerations
cōsidered,considered
cōsidering,considering
cōsist,consist
cōsisteth,consisteth
cōsisting,consisting
cōsolation,consolation
cōspired,conspired
Cōstance,Constance
cōstancie,constancy
cōstant,constant
Cōstantine,Constantine
Cōstantinople,Constantinople
cōstantly,constantly
cōstitution,constitution
cōstitutions,constitutions
cōstrained,constrained
cōstrayned,constrained
cōsult,consult
cōsulted,consulted
cōsum,consume
cōsumed,consumed
cōtained,contained
cōtaineth,containeth
cōtaining,containing
cōtayned,contained
cōteine,contain
cōteined,contained
cōteining,containing
cōtemne,contemn
cōtemned,contemned
cōtempt,contempt
cōtend,contend
cōtent,content
cōtented,contented
cōtention,contention
cōtents,contents
cōtēpt,contempt
cōtēt,content
cōtinency,continency
cōtinual,continual
cōtinuall,continual
cōtinually,continually
cōtinuance,continuance
cōtinue,continue
cōtinued,continued
cōtinues,continues
cōtinueth,continueth
cōtinuing,continuing
cōtra,contra
cōtract,contract
cōtradiction,contradiction
cōtrarie,contrary
cōtrariwise,contrariwise
cōtrary,contrary
cōtrarye,contrary
cōtrition,contrition
cōtrouersie,controversy
cōtrouersies,controversies
cōtrouersy,controversy
cōtroversie,controversy
coūcel,council
Coūcil,Council
couenāt,covenant
cōuenient,convenient
cōueniēt,convenient
cōuersatiō,conversation
cōuersation,conversation
cōuersion,conversion
cōuert,convert
cōuerted,converted
cōueyed,conveyed
cōuict,convict
cōuicted,convicted
cōuince,convince
cōuinced,convinced
countenāce,countenance
cōuocation,convocation
coūsail,counsel
coūsaile,counsel
coūsails,counsels
coūsel,counsel
coūsell,counsel
coūselled,counseled
coūsels,counsels
coūt,count
coūted,counted
coūtenance,countenance
coūterfeit,counterfeit
coūteth,counteth
coūtrey,country
coūtries,countries
coūtry,country
covenāt,covenant
cōversation,conversation
cōverted,converted
creatiō,creation
cūning,cunning
cūningly,cunningly
Cypriā,Cyprian
dāger,danger
dāgerous,dangerous
dāgers,dangers
dāmage,damage
damnatiō,damnation
dānable,damnable
dānation,damnation
dāned,damned
daūger,danger
daūgerous,dangerous
daūgers,dangers
Deacō,Decon
Decēber,December
declaratiō,declaration
defēce,defense
defectiō,defection
defēd,defend
defēded,defended
definitiō,definition
deliuerāce,deliverance
deliverāce,deliverance
demāded,demanded
demaūd,demand
demaūded,demanded
demonstratiō,demonstration
demōstration,demonstration
denoūced,denounced
depēd,depend
depēdeath,dependeth
descēd,descend
descēded,descended
descriptiō,description
desolatiō,desolation
destrucciō,destruction
destructiō,destruction
determinatiō,determination
deuotiō,devotion
differēce,difference
differēces,differences
differēt,different
diligēce,diligence
diligēt,diligent
diligētly,diligently
directiō,direction
discretiō,discretion
disobediēce,disobedience
disobediēt,disobedient
dispensatiō,dispensation
dispersiō,dispersion
dispēsation,dispensation
dispositiō,disposition
disputatiō,disputation
dissentiō,dissension
dissimulatiō,dissimulation
dissolutiō,dissolution
distinctiō,distinction
diuisiō,division
dominiō,dominion
drivē,driven
ēd,end
edificatiō,edification
Edmūd,Edmund
efficiēt,efficient
electiō,election
elemēt,element
elemēts,elements
eloquēce,eloquence
eminēcy,eminency
Englād,England
Englāde,England
Englishmē,Englishmen
entēd,intend
entrāce,entrance
estimatiō,estimation
euē,even
euerlastīg,everlasting
euidēce,evidence
euidēt,evident
euidētly,evidently
evē,even
Evēgelist,Evangelist
Evēgelists,Evangelists
evidēce,evidence
evidēt,evident
evidētly,evidently
exactiō,exaction
examinatiō,examination
exāple,example
exāples,examples
excellēce,excellence
excellēcie,excellency
excellēcy,excellency
excellēt,excellent
exceptiō,exception
excommunicatiō,excommunication
excōmunicat,excommunicate
excōmunicate,excommunicate
excōmunicated,excommunicated
excōmunicating,excommunicating
excōmunication,excommunication
executiō,execution
exhortatiō,exhortation
expectatiō,expectation
expediēt,expedient
expeditiō,expedition
experiēce,experience
expositiō,exposition
expoūd,expound
expoūdeath,expoundeth
expoūded,expounded
expoūding,expounding
factiō,faction
farfrō,far from
fashiō,fashion
fastē,fasten
fastīg,fasting
feruēt,fervent
Florēce,Florence
forbiddē,forbidden
forefrōt,forefront
forgiuē,forgive
forgiuēher,forgive her
forgivē,forgiven
forgottē,forgotten
fornicatiō,fornication
forsakē,forsaken
foūd,found
foūdatiō,foundation
foūdation,foundation
foūde,found
foūded,founded
foundatiō,foundation
foūtain,fountain
foūtaine,fountain
Frāce,France
Fraūce,France
Fraūces,Francis
Frēch,French
freēdes,friends
freedō,freedom
freēds,friends
freēdship,friendship
Frenchmē,Frenchmen
frequēt,frequent
frō,from
fruitiō,fruition
fulgētius,Fulgentius
functiō,function
furtherāce,furtherance
gardē,garden
garmēt,garment
garmētes,garments
garmēts,garments
Gē,Gen
generatiō,generation
Gētiles,Gentiles
gētle,gentle
gētlenes,gentleness
gētly,gently
‎giuē,given
givē,given
glorificatiō,glorification
gottē,gotten
gouernemēt,government
gouernmēt,government
governemēt,government
governmēt,government
grāt,grant
grāted,granted
graūt,grant
graūted,granted
groūd,ground
groūde,ground
groūded,grounded
groūds,grounds
groūdworke,groundwork
habitatiō,habitation
hād,hand
hāde,hand
hādes,hands
hādle,handle
hādled,handled
hādling,handling
hāds,hands
hāged,hanged
hāging,hanging
hauīg,having
havē,haven
heathē,heathen
heauē,heaven
heauēlie,heavenly
heauēly,heavenly
heavē,heaven
heavēlie,heavenly
hēce,hence
hēceforth,henceforth
herefrō,herefrom
Hēry,Henry
heuē,heaven
hī,him
Hierusalē,Jerusalem
Hildebrād,Hildebrand
hōger,hunger
horsemē,horsemen
hūble,humble
hūbled,humbled
hūbly,humbly
hūdred,hundred
hūdreth,hundred
Hūgary,Hungary
hūger,hunger
hūgry,hungry
humilatiō,humiliation
humiliatiō,humiliation
husbād,husband
husbāds,husbands
ī,in
Ieroboā,Jeroboam
Ierusalē,Jerusalem
ignorāce,ignorance
ignorāt,ignorant
ignoraūce,ignorance
ignoraūt,ignorant
Ihō,John
illuminatiō,illumination
imaginatiō,imagination
impedimēt,impediment
imperfectiō,imperfection
imperfectiōs,imperfections
importāce,importance
imprisonmēt,imprisonment
impudēt,impudent
imputatiō,imputation
inappehēsible,inapprehensible
incarnatiō,incarnation
incōparably,incomparably
incōprehensible,incomprehensible
incōtinent,incontinent
incōtinently,incontinently
incōuenience,inconvenience
incōueniences,inconveniences
indifferēcy,indifferency
indifferēt,indifferent
indifferētly,indifferently
indignatiō,indignation
indulgēces,indulgences
infāt,infant
infāts,infants
infectiō,infection
informatiō,information
ingrauē,engraven
inhabitāts,inhabitants
inheritāce,inheritance
innocēcie,innocency
innocēcy,innocency
innocē‎t,innocent
instāce,instance
instāt,instant
institutiō,institution
instructiō,instruction
instrumēt,instrument
instrumētes,instruments
instrumēts,instruments
intēd,intend
intēdeath,intendeth
intēded,intended
intelligēce,intelligence
intelligēe,intelligence
intentiō,intention
intercessiō,intercession
intermissiō,intermission
interpretatiō,interpretation
interruptiō,interruption
intēt,intent
inuentiōs,inventions
inuēted,invented
inuētions,inventions
inuocatiō,invocation
Iohā,Johann
irō,iron
Itē,Item
iudgemēt,judgment
iudgemētes,judgments
iudgemēts,judgements
iudgmēt,judgment
iudgmēts,judgments
iurisdictiō,jurisdiction
iustificatiō,justification
judgemēt,judgment
judgemēts,judgments
judgmēt,judgment
justificatiō,justification
kīde,kind
kīg,king
kīgdome,kingdom
kīge,king
kīges,kings
kingdō,kingdom
kinsmā,kinsman
lābes,lambs
Lācaster,Lancaster
lād,land
ladē,laden
lāde,land
lādes,lands
lāds,lands
lāguage,language
lamēt,lament
lamētable,lamentable
lamēted,lamented
lēgth,length
lessō,lesson
licēce,license
limitatiō,limitation
Liō,Lion
liuīg,living
Lōdon,London
lōg,long
lōge,long
lōger,longer
Londō,London
lyuīg,living
mā,man
maidseruāt,maidservant
maintenāce,maintenance
makīg,making
Māmon,Mammon
Māna,Manna
māner,manner
māners,manners
manifestatiō,manifestation
manseruāt,manservant
margēt,margin
mās,man's
māsion,mansion
mē,men
meanīg,meaning
meāt,meant
mēber,member
mēbers,members
meditatiō,meditation
menciō,mention
mentiō,mention
mētioned,mentioned
mīd,mind
ministratiō,ministration
moderatiō,moderation
mōke,monk
mōkes,monks
mōks,monks
momēt,moment
monumēts,monuments
mōstrous,monstrous
motiō,motion
moūt,mount
moūtaines,mountains
moūtayne,mountain
nāe,name
narratiō,narration
Nathā,Nathan
natiō,nation
natiōs,nations
negligēce,negligence
negligēt,negligent
nō,none
Northūberland,Northumberland
Northumberlād,Northumberland
nothīg,nothing
nothīge,nothing
notwithstāding,notwithstanding
notwithstādyng,notwithstanding
nourishmēt,nourishment
Nū,Num
nūber,mumber
nūbred,numbered
ō,
obediēce,obedience
obediēt,obedient
obiectiō,objection
objectiōs,objections
oblatiō,oblation
obseruatiō,observation
observatiō,observation
occasiō,occasion
occasiōs,occasions
occupatiō,occupation
offēce,offense
offēces,offenses
offēd,offend
offēded,offended
offēders,offenders
oftē,often
ōmandement,commandment
ōmitteth,
omnipotēt,omnipotent
opē,open
operatiō,operation
opiniō,opinion
oppositiō,opposition
oppressiō,oppression
Oratiō,Oration
ordināce,ordinance
ordināces,ordinances
ordinatiō,ordination
ordinaūce,ordinance
ordinaūces,ordinances
Origē,Origen
ornamēt,ornament
ornamēts,ornaments
ōsidering,considering
ōstant,constant
othertrāslatiōs,other translations
ōtinually,continually
ōtinue,continue
ōtrary,contrary
ouercōmeth,overcometh
paciēce,patience
paciētly,patiently
parchmēt,parchment
pardō,pardon
parētes,parents
parēts,parents
parsō,parson
participatiō,participation
passiō,passion
paymēt,payment
penāce,penance
penitēt,penitent
penmā,penman
peraduēture,peradventure
perditiō,perdition
perfectiō,perfection
performāce,performance
Performāces,Performances
permissiō,permission
persecutiō,persecution
persō,person
persōs,persons
persuasiō,persuasion
perswasiō,persuasion
pestilēce,pestilence
pestilēt,pestilent
petitiō,petition
plāted,planted
pleasāt,pleasant
pleasaūt,pleasant
plētifully,plentifully
plēty,plenty
pollutiō,pollution
portiō,portion
possessiō,possession
poūd,pound
poysō,poison
preachīg,preaching
predestinatiō,predestination
prefermēt,preferment
preheminēce,preeminence
preparatiō,preparation
prescriptiō,prescription
presēce,presence
preseruatiō,preservation
presēt,present
presēted,presented
presētly,presently
presumptiō,presumption
presūption,presumption
presūptuous,presumptuous
pretēce,pretence
pretēd,pretend
pretēded,pretended
pretēding,pretending
preuēt,prevent
preuēted,prevented
Prīce,Prince
prīces,princes
prisō,prison
probatiō,probation
processiō,procession
proclamatiō,proclamation
professiō,profession
profoūd,profound
promotiō,promotion
pronoūce,pronounce
pronoūced,pronounced
pronoūceth,pronounceth
proportiō,proportion
propositiō,proposition
propoūd,propound
propoūded,propounded
protectiō,protection
protestatiō,protestation
Protestāts,Protestants
prouisiō,provision
providēce,providence
prudēt,prudent
punishmēt,punishment
punishmēts,punishments
purgatiō,purgation
quātitle,quantity
quēch,quench
quēched,quenched
questiō,question
quickē,quicken
reap̄tāce,repentance
reasō,reason
reasōs,reason
rebelliō,rebellion
recantatiō,recantation
recāt,recant
recōcile,reconcile
recōciled,reconciled
recōciliatiō,reconciliation
recōciliation,reconciliation
recompēce,recompense
reconciliatiō,reconciliation
recōpence,recompense
redemptiō,redemption
redēpciō,redemption
redēption,redemption
rēder,render
redoūd,redound
reformatiō,reformation
regeneratiō,regeneration
regimēt,regiment
relatiō,relation
religiō,religion
religiōs,religions
remēber,remember
remēbrāce,remembrance
remēbrance,remembrance
remēbraūce,remembrance
remēbraunce,remembrance
remēbre,remember
remēbred,remembered
remēbring,remembering
remembrāce,remembrance
remembraūce,remembrance
remissiō,remission
rēnant,remnant
renoūce,renounce
renoūced,renounced
repentāce,repentance
repentaūce,repentance
repēt,repent
repētāce,repentance
repētance,repentance
repētant,repentant
‎reprobatiō,reprobation
repugnāt,repugnant
reputatiō,reputation
resemblāce,resemblance
resolutiō,resolution
restitutiō,restitution
resurrectiō,resurrection
rēt,rent
reuēge,revenge
reuēged,revenged
reuelatiō,revelation
reuerēce,reverence
reuerēced,reverenced
reuerēd,reverend
reuerēt,reverent
reuerētly,reverently
Rō,Rom
rō.,Rom.
Romā,Roman
Romās,Romans
rottē,rotten
roūd,round
rūne,run
rūning,running
Sā,Sam
sā.,Sam.
sacramēt,sacrament
sacramētall,sacramental
sacramēts,sacraments
sāctified,sanctified
sāe,same
Salomō,Solomon
saluaciō,salvation
saluatiō,salvation
salvatiō,salvation
sanctificatiō,sanctification
Satā,Satan
satisfactiō,satisfaction
satisfactiōs,satisfations
Saūders,Saunders
sayīg,saying
Scotlād,Scotland
seasō,season
seauē,seven
sēce,sense
secōd,second
secōdly,secondly
sectiō,section
sēd,send
sēdeath,sendeth
sēding,sending
seīg,seeing
sentēce,sentence
separatiō,separation
seperatiō,seperation
sermō,sermon
Sermōs,Sermons
serpēt,serpent
seruāt,servant
seruātes,servants
seruāts,servants
seruaūt,servant
seruaūtes,servants
seruaūts,servants
servāt,servant
servāts,servants
sēt,sent
sētēce,sentence
sētense,sentence
seuē,seven
shakē,shaken
shavē,shaven
significatiō,signification
significatiōs,significations
silēce,silence
Simō,Simon
sīners,sinners
sīnes,sins
slaūder,slander
slē,slew
sō,son
sodēlie,suddenly
sōe,some
solēne,solemn
Solomō,Solomon
sōne,son
sōnes,sons
soūd,sound
soūdest,soundest
soūdly,soundly
spēd,spend
spēt,spent
spokē,spoken
srō,from
stād,stand
stāde,stand
stādeath,standeth
stādeth,standeth
stāding,standing
stāds,stands
stēgthens,strengthens
Stephē,Stephen
Steuē,Stephen
strāge,strange
strāger,stranger
strāgers,strangers
straūge,strange
straūgers,strangers
strēgth,strength
strēgthen,strengthen
strengthē,strengthen
strikē,stricken
strōg,strong
strōger,stronger
strōgly,strongly
stūble,stumble
stūbling,stumbling
subiectiō,subjection
subjectiō,subjection
submissiō,submission
subscriptiō,subscription
substāce,substance
substātiue,substantive
substaūce,substance
successiō,succession
sūdry,sundry
sufferīg,suffering
sufficiēt,sufficient
sufficiētly,sufficiently
sūme,sum
superstitiō,superstition
supplicatiō,supplication
surmoūt,surmount
suspitiō,suspicion
takē,taken
takīg,taking
tēder,tender
tēderly,tenderly
tēding,tending
temptatiō,temptation
temptatiōs,temptations
tēpest,tempest
tēple,temple
tēporal,temporal
tēporall,temporal
tēporary,temporary
tēptation,temptation
tēptations,temptations
tēpted,tempted
testamēt,testement
thā,than
thākfulnes,thankfulness
thāks,thanks
thē,then
thēce,thence
therefrō,therefrom
thereupō,thereupon
therfrō,therefrom
therupō,thereupon
thēselues,themselves
thēselves,themselves
thīg,thing
thīge,thing
thīges,things
thīgs,things
thīk,think
thīke,think
thousād,thousand
thousāds,thousands
threatē,threaten
tirāny,tyranny
tōgue,tongue
tōgues,tongues
tokē,token
tormēt,torment
tormēted,tormented
tormēts,torments
touchīg,touching
toūg,tongue
tractatiō,tractation
traditiō,tradition
traditiōs,traditions
transgressiō,transgression
translatiō,translation
translatiōs,translations
transubstantiatiō,transubstantiation
transubstātiation,transubstantiation
trāsgressed,transgressed
trāsgression,transgression
trāslate,translate
trāslated,translated
trāslatiō,translation
trāslation,translation
trāsubstantiation,transubstantiation
trāsubstātiation,transubstantiation
treasō,treason
treēble,tremble
treēbling,trembling
Trēt,Trent
triūph,triumph
trodē,trodden
truēpet,trumpet
twēty,twenty
tyrānigh,tyranny
tyrāny,tyranny
uncleā,unclean
understād,understand
understāding,understanding
upō,upon
ūto,unto
vāquished,vanquished
vēgeance,vengeance
vehemēt,vehement
vehemētly,vehemently
vengeāce,vengeance
vengeaūce,vengeance
vexatiō,vexation
violēce,violence
violēt,violent
violētly,violently
visiō,vision
visitatiō,visitation
vnchristiā,unchristian
‎vnderstā,understand
vnderstād,understand
vnderstāde,understand
vnderstādeath,understandeth
vnderstāded,understanded
vnderstāding,understanding
vnknowē,unknown
vnthākfulnes,unthankfulness
vnwrittē,unwritten
vocatiō,vocation
volūtarry,voluntary
‎vpō,upon
vppō,upon
vuhē,when
vuōderful,wonderful
vurāglers,wranglers
wāder,wander
wādring,wandering
wantō,wanton
warrāt,warrant
wāt,want
wāted,wanted
wāteth,wants
wāting,wanting
wāton,wanton
wāts,wants
weapō,weapon
weapōs,weapons
wēt,went
whā,when
whē,when
whēce,whence
wherehēce,wherehence
wherī,wherein
whō,whom
Williā,William
wisdō,wisdom
wisdōe,wisdom
withī,within
withstād,withstand
withstāding,withstanding
woēbe,womb
woēder,wonder
woēderful,wonderful
woēderfull,wonderful
woēderfully,wonderfully
woēders,wonders
woēdred,wondered
woēt,wont
womā,woman
womē,women
workmā,workman
woūd,wound
woūded,wounded
woūds,wounds
writē,written
writtē,written
wrōg,wrong
wrōged,wronged
wrōgful,wrongful
wrōgfully,wrongfully
wrōgs,wrongs
wrūg,wrung
wryttē,written
yōg,young
yōger,younger
yoūg,young
séen,seen
foresée,foresee
chéefe,chief
séeing,seeing
hée,he
adhibited,admitted
antidot,antidote
asswage,assuage
asswaging,assuaging
astricted,restricted
becometh,becomes
celsitude,elevation
cometh,comes
compesce,restrain
giveth,gives
habitants,inhabitants
headlongs,headlong
levelled,leveled
ludibry,mocking
medicaments,medicines
pactions,pacts
perpending,considering
Pravity,depravity
restauration,restoration
scall,scale
Seignory,signatory
Sherifs,sheriffs
tumultuary,tumultuous
